-- phpMyAdmin SQL Dump
-- version 4.1.14
-- http://www.phpmyadmin.net
--
-- Servidor: 127.0.0.1
-- Tiempo de generación: 11-11-2016 a las 22:42:14
-- Versión del servidor: 5.6.17
-- Versión de PHP: 5.5.12

SET SQL_MODE = "NO_AUTO_VALUE_ON_ZERO";
SET time_zone = "+00:00";


/*!40101 SET @OLD_CHARACTER_SET_CLIENT=@@CHARACTER_SET_CLIENT */;
/*!40101 SET @OLD_CHARACTER_SET_RESULTS=@@CHARACTER_SET_RESULTS */;
/*!40101 SET @OLD_COLLATION_CONNECTION=@@COLLATION_CONNECTION */;
/*!40101 SET NAMES utf8 */;

--
-- Base de datos: `visitasdw`
--

-- --------------------------------------------------------

--
-- Estructura de tabla para la tabla `cliente`
--

CREATE TABLE IF NOT EXISTS `cliente` (
  `id_cliente` varchar(10) NOT NULL,
  `nom_cliente` varchar(50) NOT NULL,
  `tipo_cliente` varchar(50) NOT NULL,
  `division_cliente` varchar(15) NOT NULL,
  PRIMARY KEY (`id_cliente`)
) ENGINE=InnoDB DEFAULT CHARSET=latin1;

--
-- Volcado de datos para la tabla `cliente`
--

INSERT INTO `cliente` (`id_cliente`, `nom_cliente`, `tipo_cliente`, `division_cliente`) VALUES
('10129789', 'BECERRA ARDILA ROBERTO   ', 'Distribuidor', 'PERIFERIA'),
('1017176525', 'SIERRA GONZALEZ JORGE ALEJANDRO   ', 'Agricultor', 'PERIFERIA'),
('1020735555', 'SANCHEZ ELIANA   ', 'Distribuidor', 'PERIFERIA'),
('10212134', 'JARAMILLO BOTERO HECTOR   ', 'Agricultor', 'PERIFERIA'),
('1022954189', 'MOYA EFREN EMIRO   ', 'Distribuidor', 'PERIFERIA'),
('10238804', 'JARAMILLO GALLO MAURICIO   ', 'Agricultor', 'PERIFERIA'),
('102645150', 'CASTELLANOS GALEANO JORGE IVAN   ', 'Distribuidor', 'PERIFERIA'),
('10273627', 'PACHON VASQUEZ GUSTAVO ENRIQUE   ', 'Distribuidor', 'PERIFERIA'),
('10277745', 'GARCIA GONZALEZ DUVAN   ', 'Agricultor', 'PERIFERIA'),
('10280310', 'CASTILLO GONZALEZ ARISMENDI   ', 'Distribuidor', 'PERIFERIA'),
('10295450', 'PABON ALMEDIA ALEX JAIR   ', 'Distribuidor', 'PERIFERIA'),
('1032414846', 'MORALES JUAN CAMILO   ', 'Agricultor', 'Flores'),
('1033653665', 'BERMUDEZ HENAO SEBASTIAN   ', 'Distribuidor', 'PERIFERIA'),
('1033775400', 'MENDEZ QUIROGA ELIANA   ', 'Distribuidor', 'PERIFERIA'),
('1038409756', 'DUQUE GOMEZ CAROLINA', 'Distribuidor', 'PERIFERIA'),
('1049617702', 'MEDINA SALAZAR JULIO ANDRES   ', ' ', 'PERIFERIA'),
('1049618272', 'HASTAMORIR MAZORCA NELSON HERNAN   ', 'Distribuidor', 'PERIFERIA'),
('1049631078', 'MUÑOZ HASTAMORIR YEIMY LORENA   ', ' ', 'PERIFERIA'),
('1049642512', 'RUIZ VELANDIA JUAN PABLO   ', 'Distribuidor', 'PERIFERIA'),
('1051240521', 'VANEGAS CASTELLANOS OSCAR IVAN   ', 'Agricultor', 'PERIFERIA'),
('1051475761', 'CASAS ABRIL EDNA CATALINA   ', 'Distribuidor', 'PERIFERIA'),
('1052312192', 'CASTRO CASTRO EDWIN DE JESUS   ', 'Distribuidor', 'PERIFERIA'),
('1053787524', 'CARDONA MUÑOZ YENSI NATALIA   ', 'Distribuidor', 'PERIFERIA'),
('1053792313', 'LOPEZ CASTRO ANIBAL   ', 'Distribuidor', 'PERIFERIA'),
('1053795962', 'MUÑOZ MEJIA ELIANA   ', 'Agricultor', 'PERIFERIA'),
('1054372977', 'SANCHEZ MORENO GUILLERMO ANDRES   ', ' ', 'PERIFERIA'),
('1055670021', 'VILLAMIL CHAPARRO DIEGO EFREN   ', 'Distribuidor', 'PERIFERIA'),
('1055670192', 'VILLAMIL CHAPARRO DANIEL OVIDIO   ', 'Distribuidor', 'PERIFERIA'),
('1056074372', 'NEVA OCACION JHON EDISON   ', 'Distribuidor', 'PERIFERIA'),
('1056482062', 'NOVA CASTELLANOS WILMAR ALFONSO   ', 'Agricultor', 'PERIFERIA'),
('1056954289', 'BAUTISTA RAMIREZ CARLOS ANDRES   ', 'Distribuidor', 'PERIFERIA'),
('1056954866', 'QUINTERO MEDINA LUZ ANGELA   ', 'Distribuidor', 'PERIFERIA'),
('1057185738', 'TIBAGAN GONZALEZ LUCILA   ', 'Distribuidor', 'PERIFERIA'),
('1057214047', 'AVILA SANCHEZ NESTOR ROLANDO   ', 'Distribuidor', 'PERIFERIA'),
('1059786244', 'RIVERA RINCON LENCY LLURANI   ', 'Distribuidor', 'PERIFERIA'),
('1061791292', 'SARRIA YEPES MARIA CAMILA   ', 'Distribuidor', 'PERIFERIA'),
('1068952210', 'RODRIGUEZ MONTAÑO NESTOR ABIGAIL   ', 'Agricultor', 'PERIFERIA'),
('1070752706', 'FUENTES GUILLEN OSCAR JULIAN   ', 'Distribuidor', 'PERIFERIA'),
('1074132184', 'ARDILA LEAL MILTON DAVID   ', 'Distribuidor', 'PERIFERIA'),
('1077145788', 'GARCIA GARZON LUIS CARLOS   ', 'Distribuidor', 'PERIFERIA'),
('1083875491', 'MOLINA MAZABEL EDIER FABIAN   ', 'Distribuidor', 'PERIFERIA'),
('1083887435', 'RAMIREZ LOPEZ EDINSON   ', 'Distribuidor', 'PERIFERIA'),
('1089076779', 'TUMBAJOY ORTIZ WILSON DAVID   ', 'Distribuidor', 'PERIFERIA'),
('1089746017', 'MENESES CORRALES ANDRES FELIPE   ', 'Distribuidor', 'PERIFERIA'),
('10932605', 'BERROCAL ATILANO DERREYMOR   ', 'Distribuidor', 'PERIFERIA'),
('1097394083', 'BUITRAGO PEREZ ISABEL CRISTINA   ', 'Distribuidor', 'PERIFERIA'),
('1110460337', 'MAZ OROZCO MARIA MARCELA   ', 'Distribuidor', 'PERIFERIA'),
('11255509', 'CASAS RODRIGUEZ FREDY HUMBERTO   ', 'Distribuidor', 'PERIFERIA'),
('1130625032', 'MORENO GUTIERREZ LUZ ADRIANA   ', 'Distribuidor', 'PERIFERIA'),
('1130651771', 'TIMANA ARBOLEDA JHON FREDDY   ', 'Agricultor', 'PERIFERIA'),
('11325215', 'BENAVIDES ABRIL MAURICIO   ', 'Agricultor', 'PERIFERIA'),
('11333168', 'VELASQUEZ HERNANDEZ JAIME ENRIQUE   ', 'Agricultor', 'PERIFERIA'),
('11383908', 'QUIROGA LUIS FERNANDO   ', 'Distribuidor', 'PERIFERIA'),
('11384873', 'RODRIGUEZ ROMERO NELSON   ', 'Agricultor', 'PERIFERIA'),
('11385530', 'ESCOBAR GARZON HENRY ORLANDO   ', 'Distribuidor', 'PERIFERIA'),
('11405203', 'GUTIERREZ BAQUERO VICTOR MANUEL   ', 'Distribuidor', 'PERIFERIA'),
('11406708', 'CHINGATE ALONSO ARGEMIRO   ', 'Distribuidor', 'PERIFERIA'),
('11409358', 'CASTRO ERASMO SANTIAGO   ', 'Distribuidor', 'PERIFERIA'),
('11431130', 'HASTAMORIR PEÃ‘ALOZA JOSE EXCELINO   ', 'Distribuidor', 'PERIFERIA'),
('1144062795', 'BURBANO VALDES ELIZABETH   ', 'Agricultor', 'PERIFERIA'),
('11448163', 'SALAMANCA WILMER   ', 'Distribuidor', 'PERIFERIA'),
('11510798', 'GALINDO JORGE ELIECER   ', 'Agricultor', 'PERIFERIA'),
('11518196', 'REYES GONZALEZ NESTOR GERMAN   ', 'Distribuidor', 'PERIFERIA'),
('1184810', 'VELOZA SANCHEZ GABRIEL ARCANGEL   ', 'Distribuidor', 'PERIFERIA'),
('12135921', 'DUQUE ROJAS FABIO ALBERTO   ', 'Distribuidor', 'PERIFERIA'),
('12168957', 'LOSADA CALDERON HAROL EDINSON   ', 'Distribuidor', 'PERIFERIA'),
('12188274', 'PERDOMO CUELLAR LUIS GERARDO   ', 'Distribuidor', 'PERIFERIA'),
('12189856', 'GONZALEZ CORREA OMAR   ', 'Distribuidor', 'PERIFERIA'),
('12194660', 'SCARPETTA MENDEZ PAULO CESAR   ', 'Distribuidor', 'PERIFERIA'),
('12201285', 'LUGO RODRIGUEZ MARTIN ENRIQUE   ', 'Distribuidor', 'PERIFERIA'),
('12208074', 'MONTEALEGRE SANCHEZ ABIMELEC   ', 'Distribuidor', 'PERIFERIA'),
('12209233', 'MAZABEL REYES ADRIAN   ', 'Distribuidor', 'PERIFERIA'),
('12210327', 'RIVERA GUZMAN CARLOS ANDRES   ', 'Distribuidor', 'PERIFERIA'),
('12227169', 'PARRA CALDERON CARLOS ARTURO   ', 'Distribuidor', 'PERIFERIA'),
('12233957', 'GOMEZ AVILA LUIS ALBERTO   ', 'Distribuidor', 'PERIFERIA'),
('14884881', 'CASTILLO CASTILLO HERNAN   ', 'Agricultor', 'PERIFERIA'),
('14893001', 'ARZAYUS RINCON FELIPE   ', 'Distribuidor', 'PERIFERIA'),
('14895602', 'AULESTIA CASTRILLON JUAN CARLOS   ', 'Distribuidor', 'PERIFERIA'),
('15295909', 'CARDONA MARTINEZ  GERMAN WBEIMAR', 'Distribuidor', 'PERIFERIA'),
('15309233', 'PEREZ ROJAS JAIR FERNANDO', 'Distribuidor', 'PERIFERIA'),
('15324361', 'MONTES PALACIO CARLOS MARIO', 'Distribuidor', 'PERIFERIA'),
('15327999', 'JARAMILLO JARAMILLO ARLEY JOVANNY', 'Distribuidor', 'PERIFERIA'),
('15328549', 'VELEZ MUNERA JUAN GUILLERMO   ', 'Distribuidor', 'PERIFERIA'),
('15328906', 'VILLEGAS CALLE JAHIR HUMBERTO', 'Distribuidor', 'PERIFERIA'),
('15329135', 'MOLINA VERGARA JUAN CARLOS', 'Distribuidor', 'PERIFERIA'),
('15350225', 'CASTRO PAVAS JOSE LEONEL   ', 'Distribuidor', 'PERIFERIA'),
('15352010', 'RIOS RIOS JESUS ANTONIO   ', 'Agricultor', 'PERIFERIA'),
('15353515', 'MARTINEZ GARCIA OLMEDO DE JESUS', 'Distribuidor', 'PERIFERIA'),
('15353731', 'LOPEZ ALZATE FABIO DE JESUS', 'Agricultor', 'PERIFERIA'),
('15354016', 'OROSCO GARCIA JOSE ALBEIRO   ', 'Agricultor', 'PERIFERIA'),
('15355154', 'OROZCO GOMEZ WALTER ANTONIO   ', 'Agricultor', 'PERIFERIA'),
('15355919', 'VALLEJO MUÑOZ ANDRES FELIPE', 'Distribuidor', 'PERIFERIA'),
('15375956', 'VALLEJO TOBON JULIO CESAR   ', 'Distribuidor', 'Flores'),
('15379617', 'RESTREPO ECHEVERRI CARLOS MARIO', 'Distribuidor', 'PERIFERIA'),
('15383169', 'LONDOÑO BONILLA JULIO CESAR   ', 'Agricultor', 'Flores'),
('15384780', 'GALLEGO CASTAÑO JAIRO DE JESUS   ', 'Agricultor', 'PERIFERIA'),
('15386917', 'RIOS TABARES MANUEL ARMANDO   ', 'Agricultor', 'Flores'),
('15427415', 'PEREZ  MONCADA LUIS GILBERTO', 'Agricultor', 'PERIFERIA'),
('15437955', 'RENDON FRANCISCO JAVIER   ', 'Distribuidor', 'PERIFERIA'),
('15444890', 'POSADA ECHEVERRI WILSON ANDRES   ', 'Agricultor', 'Flores'),
('15483509', 'RUEDA AGUIRRE CRUZ ENRIQUE', 'Distribuidor', 'PERIFERIA'),
('15484795', 'LORA VARELA BAYARDO ALONSO', 'Distribuidor', 'PERIFERIA'),
('15486804', 'ESCOBAR HERRERA JORGE URIEL   ', 'Distribuidor', 'PERIFERIA'),
('15526575', 'VELEZ PEREZ RUBEN DARIO', 'Distribuidor', 'PERIFERIA'),
('15906888', 'MUÑOZ GIRALDO HERMAN   ', 'Distribuidor', 'PERIFERIA'),
('16203858', 'GOMEZ JARAMILLO CARLOS ALBERTO   ', 'Distribuidor', 'PERIFERIA'),
('16245888', 'JIMENEZ QUINTERO ENOC   ', 'Distribuidor', 'PERIFERIA'),
('16356127', 'DUQUE PEREZ CARLOS ARTURO   ', 'Agricultor', 'PERIFERIA'),
('16366170', 'LLANOS AYALA JAIME   ', 'Agricultor', 'PERIFERIA'),
('16489789', 'VALENCIA JORGE ENRIQUE   ', 'Distribuidor', 'PERIFERIA'),
('16548947', 'CASTILLO AVILA JOSE GARBELLY   ', 'Distribuidor', 'PERIFERIA'),
('16608198', 'JARAMILLO NAVIA LUIS ENRIQUE   ', 'Distribuidor', 'PERIFERIA'),
('16798404', 'CORTES ARISTIZABAL JOHN JAIRO   ', 'Distribuidor', 'PERIFERIA'),
('16894373', 'RODRIGUEZ VIVEROS VICTOR MARIO   ', 'Distribuidor', 'PERIFERIA'),
('17174077', 'CARDENAS ALVAREZ MARIO ANTONIO   ', 'Distribuidor', 'PERIFERIA'),
('17641619', 'PERDOMO ESCANDON MILLER   ', 'Distribuidor', 'PERIFERIA'),
('17704890', 'LOMELING CHICUE FAIVER FARITH   ', 'Distribuidor', 'PERIFERIA'),
('18392425', 'JARAMILLO JARAMILLO GUSTAVO ALBERTO   ', 'Distribuidor', 'PERIFERIA'),
('18500116', 'CARDONA OCAMPO LUIS ALBEIRO   ', 'Agricultor', 'PERIFERIA'),
('19056254', 'GUAVITA TORRES FAUSTO   ', 'Distribuidor', 'PERIFERIA'),
('19189213', 'TAMAYO TARCISIO   ', 'Distribuidor', 'PERIFERIA'),
('19247303', 'LONDOÑO SALAZAR DIEGO   ', 'Agricultor', 'PERIFERIA'),
('19273493', 'YEPES BETANCUR RUBEN DARIO', 'Distribuidor', 'PERIFERIA'),
('1933650', 'APONTE CHIRIVI MIGUEL HUMBERTO   ', 'Agricultor', 'PERIFERIA'),
('19412643', 'SALAS HERNANDEZ MARCO FIDEL   ', ' ', 'PERIFERIA'),
('19491115', 'BOADA RAMIREZ RAFAEL ANTONIO   ', 'Distribuidor', 'PERIFERIA'),
('19499776', 'CARDOZO MARTINEZ AUGUSTO   ', 'Distribuidor', 'PERIFERIA'),
('19895118', 'SARA NOVOA RICARDO   ', 'Distribuidor', 'PERIFERIA'),
('203206', 'CASTRO CASTRO VICTOR MANUEL   ', 'Distribuidor', 'PERIFERIA'),
('20368813', 'CASTRO SORACIPA MARIA OVEIDA   ', 'Distribuidor', 'PERIFERIA'),
('20484925', 'NOVOA ORTIZ ANA BEATRIZ   ', 'Distribuidor', 'PERIFERIA'),
('20546138', 'PARDO ACOSTA ALCIRA   ', 'Distribuidor', 'PERIFERIA'),
('20564505', 'LADINO DE MENDEZ ROSA   ', 'Distribuidor', 'PERIFERIA'),
('20564950', 'SIMBAQUEBA DE QUEVEDO MARA LIGIA   ', 'Distribuidor', 'PERIFERIA'),
('20646076', 'AVELLANEDA RODRIGUEZ LYDA ALEJANDRA   ', 'Distribuidor', 'PERIFERIA'),
('20753345', 'ROMERO DE MENDEZ BERTHA   ', 'Distribuidor', 'PERIFERIA'),
('20885500', 'CARRILLO ORTIZ DORA ALICIA   ', 'Distribuidor', 'PERIFERIA'),
('20887025', 'ACERO DAZA ANA ELISABET   ', 'Distribuidor', 'PERIFERIA'),
('21061347', 'GUTIERREZ LEAL ANA LUCIA   ', 'Agricultor', 'PERIFERIA'),
('21061587', 'MEDINA SALAZAR ANA ISABEL   ', 'Distribuidor', 'PERIFERIA'),
('21074199', 'DE VARGAS ANA   ', 'Distribuidor', 'PERIFERIA'),
('21103422', 'RONDON QUINTERO ALEYDA   ', 'Distribuidor', 'PERIFERIA'),
('21103504', 'CAICEDO SANABRIA BLANCA CECILIA   ', 'Distribuidor', 'PERIFERIA'),
('21203075', 'MILLAN RIOS ALBA LUCENY   ', 'Distribuidor', 'PERIFERIA'),
('21470738', 'VILLA TOBON DINORA', 'Distribuidor', 'PERIFERIA'),
('21470883', 'LOPERA LOPERA MARICELA   ', 'Agricultor', 'PERIFERIA'),
('21481889', 'CASTAÑO OROZCO LIGIA MARIA', 'Distribuidor', 'PERIFERIA'),
('21702295', 'BUILES GIL MARIA EUGENIA', 'Distribuidor', 'PERIFERIA'),
('217721', 'VANEGAS HERNANDEZ ISRAEL   ', 'Agricultor', 'PERIFERIA'),
('21835269', 'DE ANGEL CAMPUZANO GEORGINA', 'Distribuidor', 'PERIFERIA'),
('21846981', 'LARA ARIAS MARIA DORA', 'Distribuidor', 'PERIFERIA'),
('21870714', 'ATEHORTUA DE RIVERA BLANCA ROSMIRA   ', 'Distribuidor', 'PERIFERIA'),
('21905799', 'RAMIREZ DE RAMIREZ CELINA INES', 'Distribuidor', 'PERIFERIA'),
('22101201', 'RENDON LUZ AIDE', 'Distribuidor', 'PERIFERIA'),
('22188318', 'ZEA VILLEGAS LUZ CARMENZA', 'Distribuidor', 'PERIFERIA'),
('23284942', 'SUAREZ SUAREZ NORAIDA   ', 'Distribuidor', 'PERIFERIA'),
('23315189', 'MALAGON LOPEZ MARTHA YOLANDA   ', 'Distribuidor', 'PERIFERIA'),
('23322626', 'OROZCO DE CARDENAS  ANA SOFIA   ', 'Distribuidor', 'PERIFERIA'),
('23360477', 'QUINTERO SUARIQUE MARTHA ELIZABETH   ', 'Distribuidor', 'PERIFERIA'),
('23474792', 'MORA ARIAS MARIA DUBIELA   ', 'Distribuidor', 'PERIFERIA'),
('23501534', 'PACHECO AMADO ENELMERY   ', 'Distribuidor', 'PERIFERIA'),
('23583076', 'MOGOLLON ROSAS LADIS CRISTINA   ', ' ', 'PERIFERIA'),
('23682030', 'CASTAÑEDA ROA MARIA EMILSEN   ', 'Distribuidor', 'PERIFERIA'),
('23770221', 'MESA CHAPARRO ISABEL   ', 'Distribuidor', 'PERIFERIA'),
('23857092', 'RODRIGUEZ HERNANDEZ NELY ESPERANZA   ', 'Distribuidor', 'PERIFERIA'),
('23857499', 'GARZON AVENDAÑO ELIZABET   ', 'Distribuidor', 'PERIFERIA'),
('23924909', 'PEREZ DE RODRIGUEZ ANA MERCEDES   ', 'Distribuidor', 'PERIFERIA'),
('24070039', 'CATOLICO AGUILAR ROSA ISABEL   ', 'Distribuidor', 'PERIFERIA'),
('24187529', 'ARANGUREN DE MARTINEZ ANA MARLEN   ', ' ', 'PERIFERIA'),
('24202227', 'CAMEN ANA MARIA   ', 'Distribuidor', 'PERIFERIA'),
('24211745', 'GUERRERO DE PARRA MARIA OLIVA   ', 'Distribuidor', 'PERIFERIA'),
('24212610', 'ROMERO RAMIREZ ROSALBA   ', 'Distribuidor', 'PERIFERIA'),
('24219165', 'OTALORA MUÑOZ ROSALBA   ', 'Distribuidor', 'PERIFERIA'),
('24219290', 'RUIZ OTALORA VICTORIA MAGDALENA   ', 'Distribuidor', 'PERIFERIA'),
('24219461', 'RUIZ REINA LILIANA MARCELA   ', 'Distribuidor', 'PERIFERIA'),
('24276253', 'GALLO DE JARAMILLO INES   ', 'Agricultor', 'PERIFERIA'),
('24310499', 'MEJIA RESTREPO BEATRIZ HELENA   ', 'Agricultor', 'PERIFERIA'),
('24319076', 'LONDOÑO JARAMILLO PAULA CRISTINA DE LAS MERCEDES  ', 'Agricultor', 'PERIFERIA'),
('24364504', 'NIETO CARDONA ALBA ROCIO   ', 'Distribuidor', 'PERIFERIA'),
('24370790', 'LOPEZ MURILLO LUZ IDALBA   ', 'Distribuidor', 'PERIFERIA'),
('24395736', 'PELAEZ CORTES YANETH   ', 'Distribuidor', 'PERIFERIA'),
('24547660', 'PALACIO GONZALEZ MARIA ROSALBA   ', 'Agricultor', 'PERIFERIA'),
('24683880', 'VELEZ DE HINCAPIE MARIA LEONILA   ', 'Distribuidor', 'PERIFERIA'),
('24763747', 'ZAPATA GRISALES LUCY   ', 'Agricultor', 'PERIFERIA'),
('25016809', 'MARTINEZ HURTADO NUBIA   ', 'Distribuidor', 'PERIFERIA'),
('25096646', 'MEJIA SARASA ALBA LILIANA   ', 'Agricultor', 'PERIFERIA'),
('25160213', 'TAMAYO VARGAS SONIA CRISTINA   ', 'Agricultor', 'PERIFERIA'),
('26427416', 'ORTIZ HERNANDEZ CLAUDIA PATRICIA   ', 'Distribuidor', 'PERIFERIA'),
('28788394', 'QUINCHE CASTILLO MARTHA BEATRIZ   ', 'Distribuidor', 'PERIFERIA'),
('29135323', 'OSORIO NARVAEZ MARIA TERESA   ', 'Distribuidor', 'PERIFERIA'),
('29665896', 'BUITRON MOLANO LADY ROCIO   ', 'Distribuidor', 'PERIFERIA'),
('29739519', 'PALOMINO TOBAR ALBA CECILIA   ', 'Agricultor', 'PERIFERIA'),
('2984847', 'CASTAÃ‘EDA PACHON FERNANDO   ', 'Distribuidor', 'PERIFERIA'),
('3003158', 'VALERO RUBIANO JOSE HECTOR MANUEL   ', 'Distribuidor', 'PERIFERIA'),
('3022802', 'LEAL REYES CARLOS URIEL   ', 'Distribuidor', 'PERIFERIA'),
('30273370', 'GOMEZ DE VALENCIA GLORIA ELIZABETH   ', 'Agricultor', 'PERIFERIA'),
('30325770', 'VALENCIA GOMEZ JAZMIN   ', 'Agricultor', 'PERIFERIA'),
('3091263', 'DUEÃ‘EZ ESPINOSA EDGAR YIOVANI   ', 'Distribuidor', 'PERIFERIA'),
('3091276', 'OSORIO RUIZ PABLO HUMBERTO   ', 'Agricultor', 'PERIFERIA'),
('3100345', 'CASTIBLANCO GALINDO JOSE INOCENCIO   ', 'Agricultor', 'PERIFERIA'),
('3100576', 'GARCIA PALACIOS MIGUEL GUILLERMO   ', 'Distribuidor', 'PERIFERIA'),
('3110903', 'ACERO EMYER   ', 'Distribuidor', 'PERIFERIA'),
('3151916', 'ARDILA BOHORQUEZ OSBALDO   ', 'Distribuidor', 'PERIFERIA'),
('3151999', 'ARDILA BOHORQUEZ WILSON   ', 'Distribuidor', 'PERIFERIA'),
('3165733', 'QUIJANO CASTRO ELVER   ', 'Distribuidor', 'PERIFERIA'),
('3169205', 'MONCADA RODRIGUEZ HECTOR ARMANDO   ', 'Distribuidor', 'PERIFERIA'),
('3169700', 'GUTIERREZ RODRIGUEZ GILBERTO   ', 'Distribuidor', 'PERIFERIA'),
('3186164', 'MARENTES RAMIREZ JOSE NUMAEL   ', 'Agricultor', 'PERIFERIA'),
('3195434', 'AVELLANEDA BELTRAN EDUARDO JOSE MANUEL  ', 'Agricultor', 'PERIFERIA'),
('3220712', 'SARAY LUIS FELIPE   ', 'Distribuidor', 'PERIFERIA'),
('32209356', 'MORA DIAZ BAUDILIO   ', 'Distribuidor', 'PERIFERIA'),
('3226153', 'ARDILA CARRILLO GUILLERMO   ', 'Agricultor', 'PERIFERIA'),
('3240770', 'QUINTERO SEGURA LUIS HERNANDO   ', 'Distribuidor', 'PERIFERIA'),
('3242238', 'GARCIA SABOYA JORGE HUMBERTO   ', 'Distribuidor', 'PERIFERIA'),
('3242673', 'GARCIA CASTIBLANCO ORLANDO   ', 'Distribuidor', 'PERIFERIA'),
('3242934', 'PEDRAZA ROMERO CARLOS ARTURO   ', 'Agricultor', 'PERIFERIA'),
('32447938', 'JARAMILLO DE JARAMILLO LUZ DARY DEL SOCORRO  ', 'Distribuidor', 'PERIFERIA'),
('32465496', 'LONDOÑO LUZ HELENA   ', 'Agricultor', 'PERIFERIA'),
('32562984', 'LOPEZ ELORZA SANDRA MILENA', 'Distribuidor', 'PERIFERIA'),
('3262542', 'CARO SOACHA JOSE MAURICIO   ', 'Distribuidor', 'PERIFERIA'),
('3293930', 'MURCIA BERMEO JOSE ALVARO   ', 'Distribuidor', 'PERIFERIA'),
('33367879', 'LOPEZ JIMENEZ YUDY ALEXANDRA   ', 'Distribuidor', 'PERIFERIA'),
('33655080', 'CARDENAS DE CARDENAS ANA JUDITH   ', 'Distribuidor', 'PERIFERIA'),
('3436587', 'ZULUAGA HOYOS GERARDO DE JESUS   ', 'Distribuidor', 'PERIFERIA'),
('34545468', 'CHACON BARONA MILTA LUCY   ', 'Distribuidor', 'PERIFERIA'),
('3469254', 'MONTOYA JARAMILLO RAMON FERNANDO   ', 'Distribuidor', 'PERIFERIA'),
('34694270', 'LOPERA GIL FRANCISCO ANTONIO   ', 'Agricultor', 'PERIFERIA'),
('3469820', 'ARANGO ARANGO GUILLERMO LEON   ', 'Distribuidor', 'PERIFERIA'),
('3469883', 'JARAMILLO RESTREPO GUSTAVO ALONSO DE LOS MILAGROS', 'Agricultor', 'PERIFERIA'),
('3469916', 'PEREZ LOPERA ARGIRO DE LOS MILAGROS   ', 'Agricultor', 'PERIFERIA'),
('3496338', 'NARANJO HURTADO GERMAN DARIO', 'Distribuidor', 'PERIFERIA'),
('3514368', 'BUILES CORREA JORGE IVAN   ', 'Distribuidor', 'PERIFERIA'),
('35375316', 'RAMIREZ MORENO AIDE   ', 'Distribuidor', 'PERIFERIA'),
('35513900', 'QUIROGA SANDRA   ', 'Distribuidor', 'PERIFERIA'),
('36089274', 'FLOREZ CASTAÑEDA LUZ DARY   ', 'Distribuidor', 'PERIFERIA'),
('36089572', 'MEDINA PALENCIA LUZ MIRYAM   ', 'Distribuidor', 'PERIFERIA'),
('3626061', 'RENDON VERGARA LUIS OVIDIO   ', 'Agricultor', 'PERIFERIA'),
('36280480', 'ACHURY MURCIA YOLANDA   ', 'Distribuidor', 'PERIFERIA'),
('38246039', 'JARAMILLO ELSY   ', 'Distribuidor', 'PERIFERIA'),
('38892117', 'CASTELLANOS CALDERON GENOVEVA   ', 'Distribuidor', 'PERIFERIA'),
('38893609', 'AGUDELO RUIZ LUZ AMPARO   ', 'Distribuidor', 'PERIFERIA'),
('39450147', 'MARIN ORTIZ DIANA EUGENIA', 'Distribuidor', 'PERIFERIA'),
('39611509', 'ROMERO GONZALEZ LUZ MARINA   ', 'Distribuidor', 'PERIFERIA'),
('39622668', 'LUNA JARA JENNY ZULIETTE   ', 'Agricultor', 'PERIFERIA'),
('39725342', 'AYALA TORRES YOLANDA   ', 'Agricultor', 'PERIFERIA'),
('40014129', 'GIL GONZALEZ OTILIA   ', 'Distribuidor', 'PERIFERIA'),
('40019275', 'QUEMBA DE LOPEZ ROSA ALBA HERMENCIA   ', 'Distribuidor', 'PERIFERIA'),
('40024546', 'CASTILLO MURCIA MYRIAM HELENA   ', 'Distribuidor', 'PERIFERIA'),
('40026954', 'HERNANDEZ RUBIO ROSALBA   ', 'Distribuidor', 'PERIFERIA'),
('40028657', 'TOCARRUNCHO HERNANDEZ CLEOTILDE   ', 'Distribuidor', 'PERIFERIA'),
('40029678', 'BASTIDAS GARCIA MARIA TRINIDAD   ', 'Agricultor', 'PERIFERIA'),
('40037679', 'PARRA CARDENAS LUZ MERY   ', 'Agricultor', 'PERIFERIA'),
('40038353', 'CORTES REYES BLANCA NIDIA   ', 'Distribuidor', 'PERIFERIA'),
('40041614', 'RODRIGUEZ MONGUI MARIA BERENICE   ', 'Agricultor', 'PERIFERIA'),
('40042418', 'LOPEZ SOSA PATRICIA   ', 'Distribuidor', 'PERIFERIA'),
('40396175', 'AVILA BAQUERO EDNA MABEL  (AGROINSUMOS GRANADA) ', 'Distribuidor', 'PERIFERIA'),
('40412434', 'CASTAÑO QUINTERO MARTHA NUBIA   ', 'Distribuidor', 'PERIFERIA'),
('4060790', 'CORREA MEDINA DIEGO   ', 'Distribuidor', 'PERIFERIA'),
('406956', 'VARGAS PACHON JAIRO AUGUSTO   ', 'Agricultor', 'PERIFERIA'),
('40764082', 'FALLA TRUJILLO CARMEN AGROVETERINARIA GRANADA  ', 'Distribuidor', 'PERIFERIA'),
('4081988', 'PINEDA SAENZ NEFTALI   ', 'Distribuidor', 'PERIFERIA'),
('4123343', 'CUSBA GARCIA LUIS ARIEL   ', 'Distribuidor', 'PERIFERIA'),
('412379', 'URBINA RODRIGUEZ REMIGIO   ', 'Distribuidor', 'PERIFERIA'),
('41389125', 'ROJAS DE TORRES ALICIA   ', 'Distribuidor', 'PERIFERIA'),
('41578295', 'ENCISO DE CHACON MARINA   ', 'Distribuidor', 'PERIFERIA'),
('41579043', 'SERRATO ALFONSO CARMEN CELMIRA   ', 'Distribuidor', 'PERIFERIA'),
('4164884', 'DAZA NOVOA ITALO JULIO   ', 'Distribuidor', 'PERIFERIA'),
('41676788', 'ALVIAREZ SERRANO TULIA ELVIRA FERNA   ', 'Distribuidor', 'PERIFERIA'),
('4188436', 'PEREZ MUNEVAR HENRY   ', 'Distribuidor', 'PERIFERIA'),
('41890814', 'BARRETO AGUDELO MARIA LUISA   ', 'Distribuidor', 'PERIFERIA'),
('4192350', 'PAMPLONA BENAVIDEZ URIEL   ', 'Distribuidor', 'PERIFERIA'),
('41955417', 'MURCIA FALLA YUDDI FERNANDA   ', ' ', 'PERIFERIA'),
('42091267', 'CASTRILLON CALDERON ELIZABETH   ', 'Distribuidor', 'PERIFERIA'),
('4211865', 'DUQUINO DIAZ ERALDO   ', 'Distribuidor', 'PERIFERIA'),
('4215675', 'PEREZ CHAPARRO JOSE DE JESUS   ', 'Agricultor', 'PERIFERIA'),
('4215889', 'CONTRERAS DANIEL   ', 'Agricultor', 'PERIFERIA'),
('4216071', 'MONROY MARIÑO SALVADOR   ', 'Agricultor', 'PERIFERIA'),
('4234154', 'GIL RUIZ AURELIO   ', 'Agricultor', 'PERIFERIA'),
('42421092', 'MUÑOZ CARDONA  LUZ MARLENY AGROPECUARIA CASA DE CA', 'Distribuidor', 'PERIFERIA'),
('4248330', 'MONROY ESPINOSA AUDBERTO   ', 'Distribuidor', 'PERIFERIA'),
('4248504', 'AMAYA FLOREZ OSCAR GUILLERMO   ', 'Distribuidor', 'PERIFERIA'),
('4248581', 'BOYACA QUINTANA ALONSO   ', 'Distribuidor', 'PERIFERIA'),
('4250908', 'DULCEY GARCIA MARIO   ', 'Distribuidor', 'PERIFERIA'),
('4252882', 'BAEZ GUTIERREZ CARLOS FERNANDO   ', 'Agricultor', 'PERIFERIA'),
('4266975', 'SANDOVAL PINZON ALEXANDER   ', 'Distribuidor', 'PERIFERIA'),
('4267815', 'VILLAMIL VILLAMIL JULIO RAMON   ', 'Distribuidor', 'PERIFERIA'),
('42843853', 'ZULUAGA GIRALDO GLORIA YANET', 'Distribuidor', 'PERIFERIA'),
('42865430', 'BARRETO MUÑOZ  JAIME HUMBERTO   ', 'Agricultor', 'PERIFERIA'),
('42879572', 'MADRID BUELVAS MARIA VICTORIA   ', 'Agricultor', 'PERIFERIA'),
('42901108', 'GIL NOREÑA LUZ AMPARO', 'Agricultor', 'PERIFERIA'),
('42902541', 'NOREÑA PUERTA LIBIA ESTER   ', 'Agricultor', 'PERIFERIA'),
('42911680', 'AJIACO PULIDO GONZALO   ', 'Distribuidor', 'PERIFERIA'),
('4291288', 'AJIACO PULIDO JOSE EDILBERTO   ', 'Distribuidor', 'PERIFERIA'),
('4291322', 'LOPEZ CASALLAS RAFAEL ANTONIO   ', 'Distribuidor', 'PERIFERIA'),
('4291434', 'MARTINEZ FONSECA AUGUSTO   ', 'Distribuidor', 'PERIFERIA'),
('4293692', 'RODRIGUEZ GALINDO ELIO VIDAL   ', 'Distribuidor', 'PERIFERIA'),
('43362813', 'VELASQUEZ GIRALDO LUZ ESNEIDA', 'Distribuidor', 'PERIFERIA'),
('43366080', 'MEJIA ARANGO DIANA MARCELA   ', 'Distribuidor', 'PERIFERIA'),
('43366346', 'MUNERA GONZALEZ NATALIA   ', 'Distribuidor', 'PERIFERIA'),
('4336947', 'CASTAÑO JAIME ANTONIO   ', 'Agricultor', 'PERIFERIA'),
('4340961', 'RUDAS MUÑOZ LUIS EVELIO   ', 'Distribuidor', 'PERIFERIA'),
('43456639', 'CASTAÑEDA SANCHEZ GLORIA PATRICIA', 'Distribuidor', 'PERIFERIA'),
('4346503', 'GIRALDO MARIN RUBEN DARIO', 'Distribuidor', 'PERIFERIA'),
('43467133', 'VARGAS HELDA', 'Distribuidor', 'PERIFERIA'),
('43717110', 'MUÑOZ RESTREPO ELIZABETH', 'Distribuidor', 'PERIFERIA'),
('43808486', 'MUNERA ELORZA ALBA   ', 'Agricultor', 'PERIFERIA'),
('4453873', 'GONZALEZ LOPEZ JOSE ALEJANDRO   ', 'Distribuidor', 'PERIFERIA'),
('4473819', 'VALENCIA TOBON JOSE RICAURTE   ', 'Agricultor', 'PERIFERIA'),
('4611807', 'JIMENES URIBE ROBERT EDINSON   ', 'Distribuidor', 'PERIFERIA'),
('46368083', 'RIAÑO ARANGUREN MIREYA CECILIA   ', 'Distribuidor', 'PERIFERIA'),
('46381306', 'AGUIRRE CARDENAS ALBA MARINA   ', 'Distribuidor', 'PERIFERIA'),
('46454186', 'BECERRA QUIJANO DORELY   ', 'Distribuidor', 'PERIFERIA'),
('46457571', 'SAAVEDRA CHIA DIANA PATRICIA   ', 'Agricultor', 'PERIFERIA'),
('4730180', 'ZAGAL MEDINA WILFER AMADO   ', 'Distribuidor', 'PERIFERIA'),
('4731061', 'EMBUZ MUÑOZ ANCIZAR   ', 'Distribuidor', 'PERIFERIA'),
('51592128', 'VILLEGAS LOAIZA INES EDILIA   ', 'Distribuidor', 'PERIFERIA'),
('518018972', 'SUAREZ SALGUERO LUZ MARY   ', 'Distribuidor', 'PERIFERIA'),
('51889263', 'MOLINA CARABALLO GLADYS STELLA AGROINSUMOS MAG  ', 'Distribuidor', 'PERIFERIA'),
('52087264', 'CERON ARTUNDUAGA INGRID ELOMARYS AGROINSUMOS JA  ', 'Distribuidor', 'PERIFERIA'),
('52289350', 'CARDENAS VANEGAS LUZ ANGELA   ', 'Distribuidor', 'PERIFERIA'),
('52888194', 'DIAZ RODRIGUEZ ZULMA MILENA   ', 'Distribuidor', 'PERIFERIA'),
('5311653', 'BOLAÑOS BENAVIDES JAIME ARIEL   ', 'Distribuidor', 'PERIFERIA'),
('55195001', 'CHAVARRO MENDOZA ADRIANA   ', 'Distribuidor', 'PERIFERIA'),
('5767701', 'GUARIN PABON ORLANDO   ', 'Distribuidor', 'PERIFERIA'),
('6017727', 'CASTAÃ‘EDA SALCEDO ELIECER   ', 'Distribuidor', 'PERIFERIA'),
('60346986', 'GARZON RUIZ MARIA RUTH   ', 'Distribuidor', 'PERIFERIA'),
('6247572', 'ORDOÑEZ URBANO HECTOR ULISES   ', 'Agricultor', 'PERIFERIA'),
('6247862', 'MORENO SOSQUE JORGE IGNACIO   ', 'Distribuidor', 'PERIFERIA'),
('6248662', 'GOMEZ ORTIZ RICHARD ALVER   ', 'Distribuidor', 'PERIFERIA'),
('6268622', 'JOJOA HERRERA JAIME ERNESTO   ', 'Agricultor', 'PERIFERIA'),
('6316241', 'SATIZABAL TASCON JAVIER   ', 'Agricultor', 'PERIFERIA'),
('6318177', 'CALERO ARANA MANUEL DE JESUS   ', 'Distribuidor', 'PERIFERIA'),
('63360426', 'SALCEDO RAMIREZ MARIBEL   ', 'Distribuidor', 'PERIFERIA'),
('6342159', 'JIMENEZ TRUJILLO JUAN CARLOS   ', 'Agricultor', 'PERIFERIA'),
('6423266', 'GOMEZ VIDAL JOSE MARINO   ', 'Agricultor', 'PERIFERIA'),
('6423282', 'QUINTERO QUINTERO GILMAR JOSE   ', 'Agricultor', 'PERIFERIA'),
('6436394', 'CASTRO MARTINEZ JOSE DANIEL   ', 'Distribuidor', 'PERIFERIA'),
('6445660', 'CORREA ESTRADA LUIS GUILLERMO', 'Distribuidor', 'PERIFERIA'),
('64560234', 'MENDOZA ALBA CARLOTA SOLEDAD   ', 'Distribuidor', 'PERIFERIA'),
('6497180', 'RENTERIA GIRON LUIS CARLOS   ', 'Distribuidor', 'PERIFERIA'),
('66857054', 'MIYATA KURATOMI ANDREA   ', 'Distribuidor', 'PERIFERIA'),
('66887792', 'LUCIO MOSQUERA MARTA LUCIA   ', 'Distribuidor', 'PERIFERIA'),
('6744099', 'CRUZ TALERO PORFIRIO   ', 'Distribuidor', 'PERIFERIA'),
('6751649', 'MONTAÑEZ PULIDO ARMANDO   ', 'Distribuidor', 'PERIFERIA'),
('6760834', 'RODRIGUEZ ARMANDO   ', 'Distribuidor', 'PERIFERIA'),
('6763130', 'CASTILLO ESPINOSA MARCO ANTONIO   ', 'Agricultor', 'PERIFERIA'),
('6764643', 'MUÑOZ TOVAR CLAUDIO OTONIEL   ', 'Distribuidor', 'PERIFERIA'),
('6775268', 'SUAREZ SUAREZ MARCO FIDEL   ', 'Distribuidor', 'PERIFERIA'),
('70036340', 'AGUDELO RAMIREZ PABLO EMILIO', 'Distribuidor', 'PERIFERIA'),
('70191100', 'ZAPATA RODRIGUEZ RAMON EDUARDO   ', 'Agricultor', 'PERIFERIA'),
('70192838', 'ECHEVERRI ZAPATA JAIME IGNACIO   ', 'Agricultor', 'PERIFERIA'),
('70193491', 'PEÑA GONZALEZ DIEGO ALBERTO', 'Agricultor', 'PERIFERIA'),
('70194482', 'GUERRA GUTIERREZ JORGE URIEL', 'Distribuidor', 'PERIFERIA'),
('70195946', 'AVENDAÑO MOLINA OSCAR JAVIER   ', 'Agricultor', 'PERIFERIA'),
('70286618', 'GIRALDO ARBELAEZ JOSE RAMON', 'Distribuidor', 'PERIFERIA'),
('70288508', 'GALLEGO GALLO FABIAN DARIO', 'Distribuidor', 'PERIFERIA'),
('70353735', 'ARIAS CASTAÑO JOSE ALFONSO   ', 'Agricultor', 'PERIFERIA'),
('70410283', 'ZAPATA AGUDELO JORGE LUIS   ', 'Agricultor', 'PERIFERIA'),
('70415650', 'PUERTA ANGEL  JUAN RAUL', 'Distribuidor', 'PERIFERIA'),
('70415970', 'JARAMILLO MONCADA JHON MARIO', 'Distribuidor', 'PERIFERIA'),
('70421526', 'GONZALEZ MARQUEZ GUSTAVO ALONSO', 'Distribuidor', 'PERIFERIA'),
('70547271', 'PENAGOS GARCES OSCAR ENRIQUE   ', 'Distribuidor', 'PERIFERIA'),
('70556122', 'LOPERA FERNANDEZ JAVIER ALONSO', 'Distribuidor', 'PERIFERIA'),
('70561298', 'BUSTAMANTE RAMIREZ JORGE', 'Agricultor', 'PERIFERIA'),
('70562742', 'SIERRA SIERRA JORGE ORLANDO', 'Agricultor', 'PERIFERIA'),
('70696427', 'RODRIGUEZ GONZALEZ LUIS ALBERTO', 'Distribuidor', 'PERIFERIA'),
('70784815', 'LLANOS SANTA DIEGO FERNANDO   ', 'Distribuidor', 'PERIFERIA'),
('70850983', 'MENDOZA ALVAREZ FELIX ASCANIO   ', 'Distribuidor', 'PERIFERIA'),
('70953633', 'CANO DUQUE WILMAR HERNAN', 'Distribuidor', 'PERIFERIA'),
('70976925', 'RAMIREZ BUILES RAUL DE JESUS', 'Agricultor', 'PERIFERIA'),
('71111314', 'VALENCIA PATIÑO CONRADO DE JESUS', 'Distribuidor', 'PERIFERIA'),
('71117018', 'ZULUAGA GIRALDO OSWALDO DE JESUS', 'Distribuidor', 'PERIFERIA'),
('71117450', 'SOTO GIRALDO WILFER HERNAN', 'Distribuidor', 'PERIFERIA'),
('7120221', 'RUBIO SUAREZ LUIS ALBERTO   ', 'Distribuidor', 'PERIFERIA'),
('7124528', 'ALVARADO FORERO OSCAR YESID   ', 'Distribuidor', 'PERIFERIA'),
('7125403', 'CRUZ JAVIER HERNANDO   ', 'Agricultor', 'PERIFERIA'),
('7125661', 'SANCHEZ TRUJILLO TIBERIO   ', 'Agricultor', 'PERIFERIA'),
('7128002', 'CORREDOR ALIPIO JUAN CARLOS   ', 'Distribuidor', 'PERIFERIA'),
('71490179', 'GARCES POSADA RAFAEL DARIO   ', 'Distribuidor', 'PERIFERIA'),
('71577391', 'VELEZ RESTREPO GABRIEL FERNANDO   ', 'Distribuidor', 'PERIFERIA'),
('7161945', 'LOPEZ HURTADO MARCO FIDEL   ', 'Distribuidor', 'PERIFERIA'),
('7162358', 'CRUZ RODRIGUEZ OTONIEL   ', 'Distribuidor', 'PERIFERIA'),
('71689936', 'GIRALDO GIRALDO JUAN CARLOS', 'Distribuidor', 'PERIFERIA'),
('71691865', 'HERNANDEZ RUIZ WILSON DE JESUS', 'Distribuidor', 'PERIFERIA'),
('7169197', 'SANDOVAL AVILA RAFAEL ANTONIO   ', 'Agricultor', 'PERIFERIA'),
('7170215', 'PARRA CARDENAS VOLNEY   ', 'Agricultor', 'PERIFERIA'),
('7172490', 'APONTE GIL VICTOR HENRY   ', 'Distribuidor', 'PERIFERIA'),
('7172821', 'VILLAMIL CAMACHO JUAN PABLO   ', 'Distribuidor', 'PERIFERIA'),
('7172890', 'MOLINA CANTOR CARLOS MAXIMILIANO   ', ' ', 'PERIFERIA'),
('7176311', 'VARGAS IBAÑEZ LUIS ANGEL   ', 'Agricultor', 'PERIFERIA'),
('7176401', 'JUNCO GONZALEZ HECTOR ALFONSO   ', 'Distribuidor', 'PERIFERIA'),
('71777659', 'MARIN VIDAL JORGE ISAAC', 'Distribuidor', 'PERIFERIA'),
('7181687', 'RODRIGUEZ VARGAS FREDY ALONSO   ', 'Agricultor', 'PERIFERIA'),
('7182530', 'SALAZAR GONZALEZ SEGUNDO FIDEL   ', 'Distribuidor', 'PERIFERIA'),
('7185676', 'RODRIGUEZ RODRIGUEZ MARCO LINO   ', 'Distribuidor', 'PERIFERIA'),
('71875583', 'ESPINOSA MONCADA JORGE GUSTAVO   ', 'Distribuidor', 'PERIFERIA'),
('71905054', 'PEREZ RESTREPO JUAN GABRIEL', 'Distribuidor', 'PERIFERIA'),
('71905745', 'RESTREPO MESA GABRIEL ANTONIO', 'Agricultor', 'PERIFERIA'),
('71905891', 'LOPERA PEREZ JOHN FREDY   ', 'Agricultor', 'PERIFERIA'),
('71906062', 'ROLDAN PEREZ JUAN FERNANDO   ', 'Distribuidor', 'PERIFERIA'),
('71991096', 'HERNANDEZ JUAN PASTOR   ', 'Distribuidor', 'PERIFERIA'),
('7226324', 'FRAILE VELASCO OSCAR GUILLERMO   ', 'Agricultor', 'PERIFERIA'),
('72325090', 'VARGAS CORREDOR RAFAEL   ', 'Distribuidor', 'PERIFERIA'),
('72326708', 'ARIAS PAEZ YOHON FREDI   ', 'Distribuidor', 'PERIFERIA'),
('7307958', 'SUAREZ SOTELO ABSALON   ', 'Distribuidor', 'PERIFERIA'),
('7313149', 'ALBORNOZ SANCHEZ HENRY ALBERTO   ', 'Distribuidor', 'PERIFERIA'),
('741505250', 'OSORIO RUIZ HECTOR FABIAN   ', 'Agricultor', 'PERIFERIA'),
('74326094', 'GARCIA AGREDO SEGUNDO OCTAVIO   ', 'Distribuidor', 'PERIFERIA'),
('74333619', 'GUIO GUIO SANTIAGO   ', 'Distribuidor', 'PERIFERIA'),
('74334661', 'JIMENEZ AYALA WILSON ENRIQUE   ', ' ', 'PERIFERIA'),
('74357273', 'CRUZ RODRIGUEZ WILFREDO   ', 'Distribuidor', 'PERIFERIA'),
('74362683', 'BARRERA MONTAÑA HECTOR ARLEY   ', 'Distribuidor', 'PERIFERIA'),
('74364229', 'HERRERA VALERO JOSE URIEL   ', 'Distribuidor', 'PERIFERIA'),
('74364561', 'CRUZ CONTRERAS JOSE ARMANDO   ', 'Distribuidor', 'PERIFERIA'),
('743736890', 'VALDERRAMA CORREDOR JOSE DODIER   ', 'Agricultor', 'PERIFERIA'),
('74378887', 'PEDRAZA DUEÑAS CARLOS ENRIQUE   ', 'Agricultor', 'PERIFERIA'),
('74439231', 'PAEZ LANCHEROS FABIAN LEONARDO   ', 'Distribuidor', 'PERIFERIA'),
('7459121', 'LOPERA VILLEGAS JAIME ANTONIO', 'Distribuidor', 'PERIFERIA'),
('75065538', 'GONZALEZ CEBALLOS CARLOS HUMBERTO   ', 'Agricultor', 'PERIFERIA'),
('75066375', 'RAMIREZ BOHORQUEZ JIMMY ADRIAN   ', 'Distribuidor', 'PERIFERIA'),
('75072439', 'CASTRO RODRIGUEZ GUIDO FERNANDO   ', 'Agricultor', 'PERIFERIA'),
('75073570', 'MAZO RESTREPO RUBEN DARIO   ', 'Distribuidor', 'PERIFERIA'),
('75085027', 'PERALTA ALVAREZ ANDRES FELIPE   ', 'Agricultor', 'PERIFERIA'),
('7508676', 'GAVIRIA JOSE   ', 'Distribuidor', 'PERIFERIA'),
('75142855', 'PARRA VARGAS RUBEN DARIO   ', 'Distribuidor', 'PERIFERIA'),
('7520758', 'CONTRERAS FERNANDEZ FERNANDO   ', 'Distribuidor', 'PERIFERIA'),
('7521032', 'URREA SERNA JUAN MANUEL   ', 'Agricultor', 'PERIFERIA'),
('7563577', 'OCAMPO MAYA LUIS FERNANDO   ', 'Agricultor', 'PERIFERIA'),
('76313433', 'CRUZ AUSECHA WILMER HERNEY   ', 'Agricultor', 'PERIFERIA'),
('76357945', 'RAMOS GUTIERREZ ANDREY RUFINO   ', 'Distribuidor', 'PERIFERIA'),
('7697050', 'CANTILLO VEGA JARIO   ', 'Distribuidor', 'PERIFERIA'),
('78028149', 'PEREZ DORIA ADAN JAVIER   ', 'Distribuidor', 'PERIFERIA'),
('79136418', 'CABRERA GOMEZ LEONEL   ', 'Agricultor', 'PERIFERIA'),
('79182560', 'RAMIREZ PARRA JORGE ALIRIO   ', 'Agricultor', 'PERIFERIA'),
('79184573', 'ROMERO RIOS URIEL ALEJANDRO   ', 'Distribuidor', 'PERIFERIA'),
('79295560', 'ORTIZ BAQUERO JOHN MILTON   ', 'Distribuidor', 'PERIFERIA'),
('79319507', 'FORERO RODRIGUEZ VICTOR JULIO   ', 'Distribuidor', 'PERIFERIA'),
('79448707', 'MARROQUIN ROMERO NESTOR YESID   ', 'Agricultor', 'PERIFERIA'),
('79451108', 'ORDUZ MORALES HORACIO DE JESUS AGRICOLA Y VETERINA', 'Distribuidor', 'PERIFERIA'),
('79654721', 'GONZALEZ ZAMUDIO DIEGO RICARDO   ', 'Distribuidor', 'PERIFERIA'),
('79664387', 'RUBIANO HENRY ALEXANDER   ', 'Distribuidor', 'PERIFERIA'),
('79739521', 'RIOS ROMERO CESAR DAVEY   ', 'Distribuidor', 'PERIFERIA'),
('79781425', 'PUENTES YEPES RAMIRO   ', 'Agricultor', 'PERIFERIA'),
('79788666', 'MORENO MORENO JOSE ALEJANDRO   ', 'Distribuidor', 'PERIFERIA'),
('79814159', 'RAMIREZ LUIS ROLANDO   ', 'Distribuidor', 'PERIFERIA'),
('79905889', 'JIMENEZ ARGUELLO RAUL   ', 'Distribuidor', 'PERIFERIA'),
('79959195', 'QUEVEDO SIMBAQUEBA FERNANDO ANTONIO   ', 'Distribuidor', 'PERIFERIA'),
('800004048', 'FLORES EL ZORRO LTDA   ', 'Agricultor', 'Flores'),
('800004708', 'AGROPECUARIA VIENA SA   ', 'Distribuidor', 'PERIFERIA'),
('800010950', 'COMPAÑIA PECUARIA AGRICOLA SAS', 'Agricultor', 'PERIFERIA'),
('800010991', 'INVERSIONES CUBIVAN SAS   ', 'Agricultor', 'Flores'),
('800013638', 'FLORES SAGARO SA   ', 'Agricultor', 'Flores'),
('800014656', 'FUNDACION SOCIAL DE UNIBAN   ', 'Distribuidor', 'PERIFERIA'),
('800016390', 'TAHAMI & CULTIFLORES SA EN REORGANIZACION  ', 'Agricultor', 'Flores'),
('800019837', 'JARAMILLO GUTIERREZ Y CIA S EN CA   ', 'Agricultor', 'PERIFERIA'),
('800020274', 'CI CULTIVOS MIRAMONTE SA EN REORGANIZACION  ', 'Agricultor', 'Flores'),
('800021599', 'COLIBRI FLOWERS SA   ', 'Agricultor', 'Flores'),
('800022051', 'AGROPECUARIA LOS CUNAS SAS   ', 'Distribuidor', 'PERIFERIA'),
('800022398', 'FLORES DE TENJO SAS CI   ', 'Agricultor', 'Flores'),
('800023622', 'FLORES SILVESTRES SA   ', 'Agricultor', 'Flores'),
('800026845', 'OCATI SA   ', 'Agricultor', 'Flores'),
('800027501', 'FLORES DE PUEBLO VIEJO SAS   ', 'Agricultor', 'Flores'),
('800027543', 'UNIFLOR SAS  CI   ', 'Agricultor', 'Flores'),
('800031939', 'HOSA SA EN REORGANIZACION EMPRESARIAL  ', 'Agricultor', 'Flores'),
('800039849', 'CI FLORES CARMEL SAS   ', 'Agricultor', 'Flores'),
('800040534', 'COOPERATIVA AGROPECUARIA DE SUCRE COOPEAGROS  ', 'Distribuidor', 'PERIFERIA'),
('800047367', 'JARAMILLO GIRALDO Y CIA S EN CA   ', 'Agricultor', 'PERIFERIA'),
('800049458', 'FLORVAL SAS   ', 'Agricultor', 'Flores'),
('800050714', 'AGRICOLA CARDENAL SA   ', 'Agricultor', 'Flores'),
('800053849', 'FLORES RIONEGRO SA   ', 'Agricultor', 'Flores'),
('800065684', 'FLORES DE LA HACIENDA SAS   ', 'Agricultor', 'Flores'),
('800067466', 'AGRICOLA EL RETIRO SA   ', 'Agricultor', 'Flores'),
('800069643', 'FLORES GAMBUR SAS   ', 'Agricultor', 'Flores'),
('800076381', 'INVERSIONES LOMAVERDE SA   ', 'Distribuidor', 'PERIFERIA'),
('800089361', 'AGRICOLA CIRCASIA SAS   ', 'Agricultor', 'Flores'),
('800095068', 'AGROINDUSTRIAL DON EUSEBIO SAS   ', 'Agricultor', 'Flores'),
('800096422', 'SOCIEDAD ALMACEN EL HACENDADO LTDA   ', 'Distribuidor', 'PERIFERIA'),
('800096494', 'FLORES DEL HATO SAS   ', 'Agricultor', 'Flores'),
('800099480', 'CI CULTIVOS SAYONARA SAS   ', 'Agricultor', 'Flores'),
('800100639', 'AGRICOLA EL CORTIJO SAS   ', 'Agricultor', 'Flores'),
('800101932', 'FLORES EL CIPRES SAS   ', 'Agricultor', 'Flores'),
('800108333', 'INVERSIONES STHONIA SAS   ', 'Agricultor', 'Flores'),
('800109363', 'AGRICOLA LAS ANTILLAS SA   ', 'Distribuidor', 'PERIFERIA'),
('800114867', 'MONGIBELLO SAS   ', 'Agricultor', 'Flores'),
('800114953', 'CULTIVOS GENERALES SAS   ', 'Agricultor', 'Flores'),
('800119297', 'GR  CHIA  SAS   ', 'Agricultor', 'Flores'),
('800121823', 'VUELVEN SAS   ', 'Agricultor', 'Flores'),
('800123857', 'FLORES JAYVANA SAS   ', 'Agricultor', 'Flores'),
('800123913', 'COMPAÑIA AGRICOLA LOS RANCHOS DE SO PO LTDA  ', 'Agricultor', 'Flores'),
('800125859', 'CI FLORES MILONGA SA   ', 'Agricultor', 'Flores'),
('800126242', 'AGROPECUARIA LUIS E RENDON B Y CIA LTDA  ', 'Distribuidor', 'Flores'),
('800126875', 'FLORES DE BOJACA SAS   ', 'Agricultor', 'Flores'),
('800129680', 'FLORES EL FUTURO SA   ', 'Agricultor', 'Flores'),
('800130305', 'FLORES LA MANA  SAS   ', 'Agricultor', 'Flores'),
('800130771', 'FLORES CANELON SAS   ', 'Agricultor', 'Flores'),
('800132469', 'FLORES EL TANDIL SAS   ', 'Agricultor', 'Flores'),
('800133063', 'FALCON FARMS DE COLOMBIA SA   ', 'Agricultor', 'Flores'),
('800136041', 'UNIPLANTAS SA   ', 'Agricultor', 'Flores'),
('800137443', 'FLORES PRISMA SA   ', 'Agricultor', 'Flores'),
('800142181', 'AGRICOLA LUISA FERNANDA SAS   ', 'Distribuidor', 'PERIFERIA'),
('800142580', 'TEUCALI FLOWERS SA EN REORGANIZACION  ', 'Agricultor', 'Flores'),
('800145764', 'BEST FARMS SAS   ', 'Agricultor', 'Flores'),
('800149419', 'LUISIANA FARMS SA   ', 'Agricultor', 'Flores'),
('800152266', 'DISTRIBUIDORA AGRICOLA DE URABA SAS   ', 'Distribuidor', 'PERIFERIA'),
('800153144', 'ALMACEN INSUAGRO LTDA   ', 'Distribuidor', 'PERIFERIA'),
('800153745', 'INVERSIONES COQUETTE SA   ', 'Agricultor', 'Flores'),
('800154771', 'FLORES SAN JUAN SA   ', 'Agricultor', 'Flores'),
('800157895', 'FLORES VALDAYA LTDA   ', 'Agricultor', 'Flores'),
('800158149', 'FLORES DE BRITANIA SAS   ', 'Agricultor', 'Flores'),
('800159028', 'AGRICOLA LOS PINOS S EN C   ', 'Distribuidor', 'PERIFERIA'),
('800160435', 'CI FLORES DE LA CAMPIÑA SA   ', 'Agricultor', 'Flores'),
('800162991', 'ANDALUCIA SAS   ', 'Agricultor', 'Flores'),
('800164874', 'BALL COLOMBIA LTDA   ', 'Agricultor', 'Flores'),
('800166277', 'COOPERATIVA MULTIACTIVA EXPORTADORA DE CAFE - COOM', 'Distribuidor', 'PERIFERIA'),
('800172762', 'SOFAN LOPEZ LTDA   ', 'Agricultor', 'PERIFERIA'),
('800193348', 'COOPERATIVA DE GANADEROS DEL CENTRO Y NORTE DEL VA', 'Distribuidor', 'PERIFERIA'),
('800195429', 'FLORES DEL CACIQUE SAS   ', 'Agricultor', 'Flores'),
('800202197', 'ROSAS DEL NEUSA SA   ', 'Agricultor', 'Flores'),
('800205120', 'CULTIVOS DEL NORTE LTDA   ', 'Agricultor', 'Flores'),
('800209481', 'GUIRNALDAS SAS   ', 'Agricultor', 'Flores'),
('800210882', 'COMERCIALIZADORA GIRALDO OSORIO Y C S EN CS  ', 'Agricultor', 'PERIFERIA'),
('800214937', 'WAYUU FLOWERS SAS   ', 'Agricultor', 'Flores'),
('800218042', 'QUALITY FLOWERS SAS   ', 'Agricultor', 'Flores'),
('800223743', 'AGROINSUMOS DEL ORIENTE SAS   ', 'Distribuidor', 'PERIFERIA'),
('800225340', 'UNIVERSIDAD MILITAR NUEVA GRANADA   ', 'Distribuidor', 'PERIFERIA'),
('800227103', 'FLORES EL ALJIBE SAS   ', 'Agricultor', 'Flores'),
('800227624', 'JARDINES DEL ROSAL SAS   ', 'Agricultor', 'Flores'),
('800237418', 'CASUPA SA   ', 'Agricultor', 'Flores'),
('800239996', 'GEOAMBIENTE SAS   ', 'Distribuidor', 'PERIFERIA'),
('800245275', 'AGRICOLA EL FARO SA   ', 'Distribuidor', 'PERIFERIA'),
('80063350', 'MENDEZ LADINO WILLIAM ROLANDO   ', 'Distribuidor', 'PERIFERIA'),
('80108138', 'MENDEZ BELTRAN CRISTIAN ANDDRE   ', 'Distribuidor', 'PERIFERIA'),
('80209045', 'ROSERO LOPEZ JHON JAIRO   ', 'Distribuidor', 'PERIFERIA'),
('80295477', 'CUEVAS ABRIL TITO ERNESTO   ', 'Distribuidor', 'PERIFERIA'),
('80311250', 'PINZON ROMERO FERNANDO ALBERTO   ', 'Agricultor', 'PERIFERIA'),
('803402500', 'HERRERA NELSON   ', 'Distribuidor', 'PERIFERIA'),
('80353254', 'VANEGAS CESPEDES MARCO TULIO   ', 'Agricultor', 'PERIFERIA'),
('80380394', 'PELAEZ RIOS JOHN JAIRO   ', 'Agricultor', 'PERIFERIA'),
('80380666', 'VARGAS DIAZ LUIS FELIPE   ', 'Agricultor', 'PERIFERIA'),
('80391480', 'SABOGAL RINCON NELSON ELIAS   ', 'Distribuidor', 'PERIFERIA'),
('80393166', 'ACERO CHAVEZ CARLOS EDUARDO   ', 'Agricultor', 'PERIFERIA'),
('80393267', 'HERNANDEZ GONZALEZ ANGEL LEONARDO   ', 'Distribuidor', 'PERIFERIA'),
('80393638', 'MENDOZA ESPINOSA ALBERTO   ', 'Agricultor', 'PERIFERIA'),
('80396713', 'CASTRO DEAZA GUILLERMO ONOFRE   ', 'Agricultor', 'PERIFERIA'),
('80397141', 'CASTRO MORA FAVIO ENRIQUE   ', 'Agricultor', 'PERIFERIA'),
('80398002', 'MARTINEZ ESLAVA LUIS RAMIRO   ', 'Agricultor', 'PERIFERIA'),
('80450058', 'AGUDELO LEONARDO   ', 'Distribuidor', 'PERIFERIA'),
('80450108', 'SASTOQUE NIETO ALVARO   ', ' ', 'PERIFERIA'),
('80450140', 'ALVAREZ RIVEROS WILLIAM   ', 'Distribuidor', 'PERIFERIA'),
('80450272', 'LEAL REYES JOSE RAMIRO   ', 'Distribuidor', 'PERIFERIA'),
('80466062', 'CASALLAS MONDRAGON PAULO   ', 'Distribuidor', 'PERIFERIA'),
('804664130', 'ORJUELA RUIZ JOSE JAVIER   ', 'Agricultor', 'PERIFERIA'),
('80466710', 'GONZALEZ LANCHEROS CARLOS HUMBERTO   ', 'Distribuidor', 'PERIFERIA'),
('80467457', 'CRUZ BERNAL JUAN   ', 'Agricultor', 'PERIFERIA'),
('804678740', 'BOLIVAR MALAGON JUAN EDGAR   ', 'Agricultor', 'PERIFERIA'),
('80468489', 'ROJAS CHAVARRIO ALDEMAR   ', 'Distribuidor', 'PERIFERIA'),
('805019457', 'COOPERATIVA MULTIACTIVA UNIAGRO   ', 'Distribuidor', 'PERIFERIA'),
('805020771', 'AGRICULTURA Y SERVICIOS SA   ', 'Distribuidor', 'PERIFERIA'),
('80525942', 'MENDEZ DIAZ ALFONSO   ', 'Distribuidor', 'PERIFERIA'),
('80537752', 'SANCHEZ SALGADO WILSON YAMITH   ', 'Agricultor', 'PERIFERIA'),
('80537840', 'MONTAÃ‘O RODRIGUEZ OSCAR ALIRIO   ', 'Distribuidor', 'PERIFERIA'),
('80664178', 'MORTIGO HERNADNEZ ALEX IVAN   ', 'Distribuidor', 'PERIFERIA'),
('80725697', 'TORRES JUAN ALEJANDRO   ', 'Distribuidor', 'PERIFERIA'),
('808001639', 'ALMACEN AGRICOLA EL CONDOR LTDA   ', 'Distribuidor', 'PERIFERIA'),
('808003068', 'PROCEVEFRUT EAT   ', 'Distribuidor', 'PERIFERIA'),
('808003435', 'LA DESPENSA AGRICOLA SAS   ', 'Distribuidor', 'PERIFERIA'),
('809000555', 'DIANA AGRICOLA SAS   ', 'Distribuidor', 'PERIFERIA'),
('809001395', 'REMOLINO SA   ', 'Distribuidor', 'PERIFERIA'),
('809005667', 'JESUS MARIA SANCHEZ R Y CIA S EN C   ', 'Distribuidor', 'PERIFERIA'),
('809008658', 'INSAR LTDA   ', 'Distribuidor', 'PERIFERIA'),
('809012928', 'AGROPECUARIA CULTIVEMOS LTDA   ', 'Distribuidor', 'PERIFERIA'),
('810002407', 'JARAMILLO Y CIA SA   ', 'Agricultor', 'PERIFERIA'),
('810002448', 'GIRALDO JARAMILLO Y CIA S EN C.A.   ', 'Agricultor', 'PERIFERIA'),
('810004072', 'COROZAL SA   ', 'Agricultor', 'PERIFERIA'),
('810004405', 'INVERSIONES LA MARIA Y CIA S EN CA   ', 'Distribuidor', 'PERIFERIA'),
('810005565', 'GUJAR Y CIA S EN CA   ', 'Agricultor', 'PERIFERIA'),
('810006056', 'ALMACEN Y DISTRIBUCIONES AGRICOLAS EL RUIZ SA  ', 'Distribuidor', 'PERIFERIA'),
('811006580', 'ASOCIACION DE PRODUCTORES DE MORA Y TOMATE DE ARBO', 'Distribuidor', 'PERIFERIA'),
('811008489', 'CI CALLA FARMS SAS   ', 'Agricultor', 'Flores'),
('811009524', 'CONCENAGRO SA   ', 'Distribuidor', 'PERIFERIA'),
('811010512', 'OTRAPARTE SAS', 'Distribuidor', 'PERIFERIA'),
('811012468', 'AGRICOLA BAHAMAS SAS   ', 'Distribuidor', 'PERIFERIA'),
('811015317', 'FLORES DEL CAMPO SAS   ', 'Agricultor', 'Flores'),
('811015568', 'AGROTIENDA RIONEGRO LTDA', 'Distribuidor', 'PERIFERIA'),
('811018266', 'AGRICOLA LAS AZORES SA   ', 'Distribuidor', 'PERIFERIA'),
('811018494', 'FLORES LUCAR SAS   ', 'Agricultor', 'Flores'),
('811020107', 'FLORES EL CAPIRO SA   ', 'Agricultor', 'Flores'),
('811024238', 'BANAEXPORT SAS   ', 'Distribuidor', 'PERIFERIA'),
('811024612', 'INVERSIONES AGRICOLAS LAS ACACIAS SAS  ', 'Agricultor', 'Flores'),
('811028567', 'PUNTO CARDINAL DE ORIENTE SAS   ', 'Agricultor', 'Flores'),
('811029042', 'L Y T & CIA SAS   ', 'Agricultor', 'PERIFERIA'),
('811029497', 'CORPORACION DE PLASTICOS AGRICOLAS  CORPOAGRO SAS ', 'Distribuidor', 'PERIFERIA'),
('811032433', 'CI FLORES DE ALTAGRACIA SAS   ', 'Agricultor', 'Flores'),
('811034694', 'ATLANTICO SAS', 'Distribuidor', 'PERIFERIA'),
('811035110', 'CI GLOBAL EXCHANGE SA   ', 'Agricultor', 'Flores'),
('811036701', 'AGRICOLA LOS CORALES SA   ', 'Distribuidor', 'PERIFERIA'),
('811037075', 'LACTEOS BETANIA SA', 'Distribuidor', 'PERIFERIA'),
('811037591', 'CI FLORES DE LA VICTORIA SAS   ', 'Agricultor', 'Flores'),
('811037748', 'FLORES MONTEALTO SAS   ', 'Agricultor', 'Flores'),
('811037797', 'FLORES FRESCAS SAS   ', 'Agricultor', 'Flores'),
('811038838', 'G & J HENRIQUEZ & CIA SAS   ', 'Distribuidor', 'PERIFERIA'),
('811039503', 'CI FLORES DE LA GALICIA SA   ', 'Agricultor', 'Flores'),
('811039709', 'AGROPECUARIA TIKAL SA   ', 'Distribuidor', 'PERIFERIA'),
('811039710', 'AGROPECUARIA LA MONICA SA   ', 'Distribuidor', 'PERIFERIA'),
('811043038', 'DISTRIBUIDORA FINCA GANADERA SA', 'Distribuidor', 'PERIFERIA'),
('811043716', 'AGROPECUARIA NUTRICAMPO LTDA   ', 'Distribuidor', 'PERIFERIA'),
('811044255', 'CULTIVOS LA CEJA LTDA   ', 'Agricultor', 'Flores'),
('811045043', 'AGRICOLA INDIRA SA   ', 'Distribuidor', 'PERIFERIA'),
('811045791', 'NIDO DEL JABALI SAS   ', 'Distribuidor', 'PERIFERIA'),
('811046268', 'AMERICAN FLOWERS MEDELLIN SAS   ', 'Agricultor', 'Flores'),
('813008435', 'AGRICOLA ALGECIRAS SAS   ', 'Distribuidor', 'PERIFERIA'),
('815001258', 'AGROFERTI SAS   ', 'Distribuidor', 'PERIFERIA'),
('815002075', 'VITABONO SA   ', 'Distribuidor', 'PERIFERIA'),
('815003648', 'AGROINSUMOS Y MATERIALES DE COLOMBIA SAS  ', 'Distribuidor', 'PERIFERIA'),
('8151476', 'MIRA AVENDAÑO JOSE EGIDIO   ', 'Distribuidor', 'PERIFERIA'),
('8154510', 'AREIZA PEREZ RODOLFO ALBEIRO   ', 'Distribuidor', 'PERIFERIA'),
('816004287', 'CASA CAFETERA SA   ', 'Distribuidor', 'PERIFERIA'),
('816006092', 'FOLLAJES LA ILUSION SAS   ', 'Distribuidor', 'PERIFERIA'),
('816006464', 'SUAGRO INSUMOS AGRICOLAS SA   ', 'Distribuidor', 'PERIFERIA'),
('817007055', 'SERVIAGRICOLA SAS   ', 'Distribuidor', 'PERIFERIA'),
('820003266', 'AGRICOLA EL TREBOL SA   ', 'Distribuidor', 'PERIFERIA'),
('820004891', 'ECOINSUMOS SA   ', 'Distribuidor', 'PERIFERIA'),
('822003732', 'INSUMOS Y GRANOS SAS   ', 'Distribuidor', 'PERIFERIA'),
('823002496', 'EMPRESA ASOCIATIVA DE TRABAJO AGRICARIBE E.A.T  ', 'Distribuidor', 'PERIFERIA'),
('82390977', 'ROMERO TRIANA JHON ALBEIRO   ', 'Distribuidor', 'PERIFERIA'),
('82392101', 'LOZANO TORRES WILSON ALFONSO   ', 'Distribuidor', 'PERIFERIA'),
('8244359', 'GUERRA MEDINA FRANCISCO URIEL', 'Distribuidor', 'PERIFERIA'),
('830002313', 'FLORES LAS ACACIAS SAS   ', 'Agricultor', 'Flores'),
('830005674', 'MOUNTAIN ROSES SAS   ', 'Agricultor', 'Flores'),
('830010738', 'CI SUNSHINE BOUQUET SAS   ', 'Agricultor', 'Flores'),
('830022781', 'PHYTOTEC SAS   ', 'Agricultor', 'Flores'),
('830028496', 'FLORES EL REBAÑO SAS   ', 'Agricultor', 'Flores'),
('830031070', 'TRINITY FARMS SA   ', 'Agricultor', 'Flores'),
('830035143', 'ROSAS DE SOPO SA   ', 'Agricultor', 'Flores'),
('830039311', 'ROSAMINA SA   ', 'Agricultor', 'Flores'),
('830042112', 'FLORES EL TRIGAL SAS   ', 'Agricultor', 'Flores'),
('830042322', 'EXCELLENCE FLOWERS LTDA   ', 'Agricultor', 'Flores'),
('830046733', 'MELODY FLOWERS SAS   ', 'Agricultor', 'Flores'),
('830052657', 'ALTAMIZAL SA   ', 'Agricultor', 'Flores'),
('830057697', 'SCARLETT S FLOWERS SAS   ', 'Agricultor', 'Flores'),
('830058891', 'CI LATIN FLOWERS LTDA   ', 'Agricultor', 'Flores'),
('830060622', 'BIOGENETICA SAS   ', 'Distribuidor', 'PERIFERIA'),
('830062640', 'HORTIFRESCO VILLA LEOVI SAS   ', 'Agricultor', 'Flores'),
('830067747', 'FLORES LA ALDEA SAS   ', 'Agricultor', 'Flores'),
('830076169', 'FLORES LA VIRGINIA SAS EN REORGANIZACIÓN  ', 'Agricultor', 'Flores'),
('830085047', 'LUISA FARMS SA EN REORGANIZACION   ', 'Agricultor', 'Flores'),
('830085690', 'FLORES MARNELL SAS   ', 'Agricultor', 'Flores'),
('830090742', 'HACIENDA SANTA PAULA ROSES SAS   ', 'Agricultor', 'Flores'),
('830091683', 'SNF SAS   ', 'Agricultor', 'Flores'),
('830092332', 'FLORES DEL AMANECER SAS   ', 'Agricultor', 'Flores'),
('830093741', 'FANTASY FLOWERS SAS   ', 'Agricultor', 'Flores'),
('830098375', 'FLORES IPANEMA SAS   ', 'Agricultor', 'Flores'),
('830099077', 'PROPLANTAS SA   ', 'Agricultor', 'Flores'),
('830100158', 'CI GREAT FLOWERS LTDA   ', 'Agricultor', 'Flores'),
('830103204', 'COMERCIALIZADORA TUCAN FLOWERS SA   ', 'Agricultor', 'Flores'),
('830116006', 'VALLEY FLOWERS SAS   ', 'Agricultor', 'Flores'),
('830116204', 'SCHREURS COLOMBIA SAS   ', 'Agricultor', 'Flores'),
('830119428', 'EXIAGRICOLA JD LTDA   ', 'Distribuidor', 'PERIFERIA'),
('830123012', 'AGRO VETERINARIA SERVICAMPO Y CIA L   ', 'Distribuidor', 'PERIFERIA'),
('830124437', 'JARDINES DEL SOL  SAS   ', 'Agricultor', 'Flores'),
('830125341', 'EXOTIC FARMS SAS   ', 'Agricultor', 'Flores'),
('830127761', 'UNIQUE COLLECTION SA   ', 'Agricultor', 'Flores'),
('830131273', 'SUCCES FLOWERS SAS   ', 'Agricultor', 'Flores'),
('830131884', 'CALAFATE SAS   ', 'Agricultor', 'Flores'),
('830136561', 'SINGHA SAS   ', 'Agricultor', 'Flores'),
('830136669', 'FOLLAJES DE CAMPO ALEGRE SAS   ', 'Agricultor', 'Flores'),
('830136939', 'BLOOMS DIRECT SAS   ', 'Agricultor', 'Flores'),
('830139955', 'MARLETTI COMPANY SAS   ', 'Agricultor', 'Flores'),
('830140122', 'MATINA FLOWERS SAS   ', 'Agricultor', 'Flores'),
('830140335', 'SUNSET FLOWERS CI SAS   ', 'Agricultor', 'Flores'),
('830141144', 'ECOFILLERS EU   ', 'Agricultor', 'Flores'),
('830141761', 'FLORES MACONDO SAS   ', 'Agricultor', 'Flores'),
('830144599', 'ARCUMA SA   ', 'Agricultor', 'Flores'),
('830144787', 'EL MILAGRO DE LAS FLORES SAS   ', 'Agricultor', 'Flores'),
('83041305', 'MEDINA CHILITO JAIRO HOLMAN   ', 'Distribuidor', 'PERIFERIA'),
('830501605', 'MAKAND SAS   ', 'Agricultor', 'Flores'),
('830501747', 'CI MAXIFLORES SAS   ', 'Agricultor', 'Flores'),
('830506344', 'INSUMOS AGRICOLAS DEL ORIENTE LTDA   ', 'Distribuidor', 'PERIFERIA'),
('830507195', 'YASA SAS   ', 'Agricultor', 'Flores'),
('830509987', 'JARDINES DEL PORTAL  SAS   ', 'Agricultor', 'Flores'),
('830515183', 'FRUTALES LAS LAJAS SA   ', 'Agricultor', 'PERIFERIA'),
('8306390', 'OSPINA SERNA CESAR AUGUSTO   ', 'Agricultor', 'PERIFERIA'),
('832001581', 'CI FILLCO FLOWERS SAS   ', 'Agricultor', 'Flores'),
('832002204', 'ALMACENES AGROMAX SAS   ', 'Distribuidor', 'PERIFERIA'),
('832004593', 'EL SEMBRADOR LTDA   ', 'Distribuidor', 'PERIFERIA'),
('832005522', 'ASTRAL FLOWERS SAS   ', 'Agricultor', 'Flores'),
('832006674', 'SURTIAGRO EU   ', 'Distribuidor', 'PERIFERIA'),
('832007489', 'BIOECOLOGICOS LTDA   ', 'Distribuidor', 'PERIFERIA'),
('832008547', 'AGROTODO LA CALERA SAS   ', 'Distribuidor', 'PERIFERIA'),
('832009053', 'ALMACEN AGRICOLA AGRICENTRO LTDA   ', 'Distribuidor', 'PERIFERIA'),
('832009355', 'COPROLEG   ', 'Distribuidor', 'PERIFERIA'),
('832009573', 'CI FLORES CAJICA LTDA   ', 'Agricultor', 'Flores'),
('832010066', 'AGRICOLA EL DORADO SAS   ', 'Agricultor', 'Flores'),
('832010320', 'FLORES ALIANZA SAS   ', 'Agricultor', 'Flores'),
('832010593', 'CAIMITOS FLOWERS SAS   ', 'Agricultor', 'Flores'),
('8354928', 'VELEZ ARISTIZABAL VIRGILIO ORLANDO DE JESUS', 'Distribuidor', 'PERIFERIA'),
('836000548', 'AGROINSUMOS SAS   ', 'Distribuidor', 'PERIFERIA'),
('840001061', 'DELGADO REBOLLEDO LTDA   ', 'Distribuidor', 'PERIFERIA');
INSERT INTO `cliente` (`id_cliente`, `nom_cliente`, `tipo_cliente`, `division_cliente`) VALUES
('8417234', 'GUARIN SERNA LUIS NEVARDO', 'Distribuidor', 'PERIFERIA'),
('844003151', 'COSECHAR LTDA   ', 'Distribuidor', 'PERIFERIA'),
('860000698', 'JAIME URIBE HERMANAS LTDA   ', 'Distribuidor', 'PERIFERIA'),
('860007538', 'FEDERACION NACIONAL DE CAFETEROS DE COLOMBIA  ', 'Distribuidor', 'PERIFERIA'),
('860009645', 'COUNTRY CLUB DE BOGOTA   ', 'Agricultor', 'Flores'),
('860011246', 'COMPAÑIA AERO AGRICOLA INTEGRAL SAS   ', 'Distribuidor', 'PERIFERIA'),
('860025565', 'FLORES DE LOS ANDES SAS   ', 'Agricultor', 'Flores'),
('860025707', 'FLORAMERICA SAS   ', 'Agricultor', 'Flores'),
('860025845', 'JARDINES DE LOS ANDES SAS   ', 'Agricultor', 'Flores'),
('860031657', 'VALMAR PRODUCTORA SAS   ', 'Agricultor', 'Flores'),
('860032436', 'FLORES DEL RIO SA   ', 'Agricultor', 'Flores'),
('860040407', 'PLAZOLETA BAZZANI SAS   ', 'Agricultor', 'Flores'),
('860041216', 'AGRICOLA CUNDAY SA  EN REORGANIZACION  ', 'Agricultor', 'Flores'),
('860043345', 'AYURA SAS   ', 'Agricultor', 'Flores'),
('860043588', 'PARDO CARRIZOSA NAVAS SAS   ', 'Agricultor', 'Flores'),
('860046341', 'FEDERACION COLOMBIANA DE PRODUCTORE S DE PAPA FEDE', 'Distribuidor', 'PERIFERIA'),
('860048015', 'JARDINES DE CHIA SAS   ', 'Agricultor', 'Flores'),
('860048521', 'FLORES DE FUNZA SA   ', 'Agricultor', 'Flores'),
('860049100', 'SUASUQUE SAS   ', 'Agricultor', 'Flores'),
('860050371', 'FLORES TIMANA SAS EN REORGANIZACION   ', 'Agricultor', 'Flores'),
('860053966', 'FLORES TIBA SA   ', 'Agricultor', 'Flores'),
('860054546', 'MG CONSULTORES  SAS   ', 'Agricultor', 'Flores'),
('860065678', 'FLORES JUNCALITO SAS   ', 'Agricultor', 'Flores'),
('860350564', 'INVERPALMAS SAS   ', 'Agricultor', 'Flores'),
('860351680', 'CI AGROMONTE SA   ', 'Agricultor', 'Flores'),
('860351923', 'FLEXPORT DE COLOMBIA Y CIA SA   ', 'Agricultor', 'Flores'),
('860353082', 'LA CORSARIA SAS   ', 'Agricultor', 'Flores'),
('860353804', 'AGRICOLA EL REDIL SAS   ', 'Agricultor', 'Flores'),
('860354073', 'FLORES UBATE SAS   ', 'Agricultor', 'Flores'),
('860518356', 'LA GAITANA FARMS SA   ', 'Agricultor', 'Flores'),
('860518654', 'FLORES DEL GALLINERO SAS   ', 'Agricultor', 'Flores'),
('860521813', 'FLORES AURORA SAS EN REORGANIZACION   ', 'Agricultor', 'Flores'),
('860522063', 'AGROPECUARIA INTERNACIONAL LTDA   ', 'Distribuidor', 'PERIFERIA'),
('860522101', 'INVERSIONES ALMER SAS   ', 'Agricultor', 'Flores'),
('860522815', 'DAFLOR SAS   ', 'Agricultor', 'Flores'),
('860524163', 'FLORES DE SERREZUELA SA   ', 'Agricultor', 'Flores'),
('860526236', 'FLORES LA VALVANERA SAS   ', 'Agricultor', 'Flores'),
('860529858', 'MONIKA FARMS SAS   ', 'Agricultor', 'Flores'),
('860531704', 'FLORES GUAICATA LTDA   ', 'Agricultor', 'Flores'),
('860532145', 'SUATA PLANTS SA   ', 'Agricultor', 'Flores'),
('860533838', 'POZO AZUL SAS   ', 'Agricultor', 'Flores'),
('860536195', 'AGRICOLA EL CACTUS SA   ', 'Agricultor', 'Flores'),
('87571347', 'ENRIQUEZ ROSALES GERARDO NEFTALI   ', 'Agricultor', 'PERIFERIA'),
('890207037', 'AGROPECUARIA ALIAR SA   ', 'Distribuidor', 'PERIFERIA'),
('890305174', 'CAFIOCCIDENTE - COOPERATIVA DE CAFICULTORES DEL SU', 'Distribuidor', 'PERIFERIA'),
('890306231', 'SEMILLAS VALLE SA   ', 'Agricultor', 'PERIFERIA'),
('890319806', 'MERCADEO LTDA   ', 'Distribuidor', 'PERIFERIA'),
('890700058', 'UNION DE ARROCEROS SAS   ', 'Distribuidor', 'PERIFERIA'),
('890701355', 'COOPERATIVA SERVIARROZ LTDA   ', 'Distribuidor', 'PERIFERIA'),
('890702966', 'ASORRECIO   ', 'Distribuidor', 'PERIFERIA'),
('890704021', 'ORGANIZACION PAJONALES SA   ', 'Distribuidor', 'PERIFERIA'),
('890707192', 'SUCAMPO SULLANTA SA   ', 'Distribuidor', 'PERIFERIA'),
('890803981', 'GUTIERREZ BUENOS AIRES Y CIA S EN C   ', 'Distribuidor', 'PERIFERIA'),
('890805963', 'GUTIERREZ DUQUE JARAMILLO Y CIA S EN CA  ', 'Agricultor', 'PERIFERIA'),
('890806048', 'JARAMILLO GALLO HERMANOS Y COMPAÑIA   ', 'Agricultor', 'PERIFERIA'),
('890900043', 'COLTABACO SAS   ', 'Distribuidor', 'PERIFERIA'),
('890901756', 'HACIENDA VELABA SA   ', 'Distribuidor', 'PERIFERIA'),
('890904224', 'CI UNIBAN SA', 'Distribuidor', 'PERIFERIA'),
('890904478', 'COOPERATIVA COLANTA', 'Distribuidor', 'PERIFERIA'),
('890904867', 'COAGROANTIOQUIA LTDA', 'Distribuidor', 'PERIFERIA'),
('890907245', 'ARANGO HERMANOS SA', 'Distribuidor', 'PERIFERIA'),
('890907323', 'COOPERATIVA DE CAFICULTORES DE SALGAR  ', 'Distribuidor', 'PERIFERIA'),
('890907638', 'COOPERATIVA DE CAFICULTORES DE ANDES LTDA', 'Distribuidor', 'PERIFERIA'),
('890911705', 'FLORES ESMERALDA SAS CI   ', 'Agricultor', 'Flores'),
('890912426', 'PEREZ Y CARDONA SAS', 'Distribuidor', 'PERIFERIA'),
('890913944', 'FLORES LLANOGRANDE  FLORITA SAS   ', 'Agricultor', 'Flores'),
('890916557', 'AGROTUNEZ SA', 'Agricultor', 'PERIFERIA'),
('890917018', 'UNICOR SA', 'Distribuidor', 'PERIFERIA'),
('890918965', 'CI TECNICAS BALTIME DE COLOMBIA SA', 'Distribuidor', 'PERIFERIA'),
('890926122', 'FLORES DE ORIENTE SA CI   ', 'Agricultor', 'Flores'),
('890926766', 'CI BANACOL SA', 'Distribuidor', 'PERIFERIA'),
('890927513', 'RENDON RIVAS HERMANOS SAS', 'Distribuidor', 'PERIFERIA'),
('890929171', 'FLORES DEL LAGO SAS CI   ', 'Agricultor', 'Flores'),
('890930060', 'AGRICOLA SANTA MARIA SA   ', 'Distribuidor', 'PERIFERIA'),
('890930847', 'INVERSIONES BALSORA SA   ', 'Distribuidor', 'PERIFERIA'),
('890938691', 'AGROPECUARIA LA CEJA SAS   ', 'Distribuidor', 'PERIFERIA'),
('890938692', 'AGRICOLA EL EDEN SAS   ', 'Distribuidor', 'PERIFERIA'),
('890938750', 'CI AGRICOLAS UNIDAS SA', 'Agricultor', 'PERIFERIA'),
('890938755', 'CI FLORES DE LA VEGA SAS   ', 'Agricultor', 'Flores'),
('890938757', 'FLORES DE LA MONTAÑA SAS   ', 'Agricultor', 'Flores'),
('890940649', 'CI AGROSABORES SAS   ', 'Distribuidor', 'PERIFERIA'),
('890980097', 'SOCIEDAD COLOMBIANA DE ORQUIDEOLOGI A  ', 'Agricultor', 'Flores'),
('890982515', 'COOPERATIVA AGROPECUARIA DE ENTRERR IOS LTDA', 'Distribuidor', 'PERIFERIA'),
('891001125', 'COOPIAGROS   ', 'Distribuidor', 'PERIFERIA'),
('891100321', 'COAGROHUILA - COOPERATIVA MULTIACTI AGROPECUARIA D', 'Distribuidor', 'PERIFERIA'),
('891100445', 'ORGANIZACION ROA FLORHUILA SA   ', 'Distribuidor', 'PERIFERIA'),
('891101158', 'COOCENTRAL - COOPERATIVA CENTRAL DE CAFICULTORES D', 'Distribuidor', 'PERIFERIA'),
('891102742', 'INSUMOS HUILA LTDA   ', 'Distribuidor', 'PERIFERIA'),
('891400088', 'COOPCAFER-COOPERATIVA DEPARTAMENTAL CAFICULTORES D', 'Distribuidor', 'PERIFERIA'),
('891401093', 'CODEGAR LTDA - COOPERATIVA DE GANAD Y AGRICULTORES', 'Distribuidor', 'PERIFERIA'),
('891900236', 'COOPERATIVA DE CAFICULTORES DEL CENTRO DEL VALLE  ', 'Distribuidor', 'PERIFERIA'),
('891900391', 'COOPERATIVA DE CAFICULTORES DE SEVILLA  CAFISEVILL', 'Distribuidor', 'PERIFERIA'),
('891900475', 'COOPERATIVA DE CAFETALEROS DEL NORTE DEL VALLE  ', 'Distribuidor', 'PERIFERIA'),
('891900487', 'COOPERATIVA DE CAFICULTORES DE CAICEDONIA  ', 'Distribuidor', 'PERIFERIA'),
('892200648', 'NACYRA NARVAEZ E HIJOS Y CIA S EN C   ', 'Distribuidor', 'PERIFERIA'),
('900008751', 'CI ROSELAND LTDA   ', 'Agricultor', 'Flores'),
('900010429', 'ALMACEN AGRICOLA CAMPESINO SAS', 'Distribuidor', 'PERIFERIA'),
('900010430', 'DISTRIBUCIONES MUNDO AGRO ANTIOQUIA  SAS', 'Distribuidor', 'PERIFERIA'),
('900014838', 'TONE FLOWERS SAS   ', 'Agricultor', 'Flores'),
('900031088', 'CI BANASAN SA   ', 'Distribuidor', 'PERIFERIA'),
('900031275', 'RT SAS   ', 'Agricultor', 'Flores'),
('900034026', 'INVERSIONES AGROPECUARIAS DE BOYACA  LTDA  ', 'Distribuidor', 'PERIFERIA'),
('900034616', 'HELM ANDINA LTDA   ', 'Agricultor', 'PERIFERIA'),
('900036777', 'AGROINSUMOS SAN DIEGO EU   ', 'Distribuidor', 'PERIFERIA'),
('900041685', 'ALYAMSA DEL SINU LTDA   ', 'Distribuidor', 'PERIFERIA'),
('900044503', 'AGRICOLA IBIZA SA   ', 'Distribuidor', 'PERIFERIA'),
('900053198', 'ALEXANDRA FARMS SAS   ', 'Agricultor', 'Flores'),
('900054092', 'INDAGRO SANEAMIENTO INTEGRADO LTDA   ', 'Distribuidor', 'PERIFERIA'),
('900054881', 'ESMERALDA BREEDING AND BIOTECHNOLOG   ', 'Agricultor', 'Flores'),
('900057744', 'CLEAN HERBS SOCIEDAD POR SIMPLIFICA   ', 'Distribuidor', 'PERIFERIA'),
('900060761', 'SANTALUZ FARMS SAS   ', 'Agricultor', 'Flores'),
('900065578', 'INAGRO SAS   ', 'Distribuidor', 'PERIFERIA'),
('900068296', 'AGROPECUARIA DORAMAR EU', 'Distribuidor', 'PERIFERIA'),
('900075256', 'COOPERATIVA DE LECHEROS DE LAS VEREDAS  ', 'Distribuidor', 'PERIFERIA'),
('900075982', 'DISTRIBUIDOR AGROPECUARIO  DEL QUINDIO SA  ', 'Distribuidor', 'PERIFERIA'),
('900076699', 'INVERSIONES EL SILENCIO SAS   ', 'Distribuidor', 'PERIFERIA'),
('900078950', 'ASOCIACION DE GANADEROS DEL ALTIPLANO NORTE DE ANT', 'Distribuidor', 'PERIFERIA'),
('900084568', 'LA COOPERATIVA DE LECHEROS DE POTREROLARGO - COOPR', 'Distribuidor', 'PERIFERIA'),
('900087414', 'RIOPAILA CASTILLA SA   ', 'Agricultor', 'PERIFERIA'),
('900088916', 'AGRICOLA CERDEÑA SA', 'Distribuidor', 'PERIFERIA'),
('900089324', 'AGRICOLA MAYORCA SA', 'Distribuidor', 'PERIFERIA'),
('900098416', 'ROSAS AGUACLARA SAS   ', 'Agricultor', 'Flores'),
('900104515', 'EMPRESAGRO COLOMBIA SA   ', 'Distribuidor', 'PERIFERIA'),
('900109722', 'AGROPECUARIA LA HUELLA LTDA   ', 'Distribuidor', 'PERIFERIA'),
('900111576', 'LATIN FLOWERS FARMS SAS CI   ', 'Agricultor', 'Flores'),
('9001141453', 'INDUSTRIAS AGRARIAS Y PECUARIAS EL IMPERIO  ', 'Distribuidor', 'PERIFERIA'),
('900114272', 'CALO FARMS SAS   ', 'Agricultor', 'Flores'),
('900119929', 'HACIENDA SAN GREGORIO SAS   ', 'Agricultor', 'Flores'),
('900120015', 'MERCADEGAN LTDA   ', 'Distribuidor', 'PERIFERIA'),
('900120457', 'NARANJALES DEL CAUCA SAS   ', 'Distribuidor', 'PERIFERIA'),
('900122755', 'ULA INVESTMENT CIA SCA', 'Distribuidor', 'PERIFERIA'),
('900123127', 'FLORES EL PROGRESO SAS   ', 'Agricultor', 'Flores'),
('900123883', 'AGROQUIMICOS ORIENTE Y COMPAÑIA LTD A  ', 'Distribuidor', 'PERIFERIA'),
('900130013', 'EL MUNDO AGRICOLA Y PECUARIO SAS   ', 'Distribuidor', 'PERIFERIA'),
('900131512', 'DIAGROVAL SA - DISTRIBUCIONES AGROPECUARIAS DEL VA', 'Distribuidor', 'PERIFERIA'),
('900132411', 'ORGANIPLAST SAS   ', 'Distribuidor', 'PERIFERIA'),
('900137473', 'AGROAPLICACIONES SAS   ', 'Distribuidor', 'PERIFERIA'),
('900144317', 'AGROSERVICIOS CHIQUINQUIRA LTDA   ', 'Distribuidor', 'PERIFERIA'),
('900144428', 'HACIENDA LLANOGRANDE Y CIA E EN C S   ', 'Distribuidor', 'PERIFERIA'),
('900147530', 'AGRICOLA CAPURGANA SA   ', 'Distribuidor', 'PERIFERIA'),
('900149268', 'LA COLORADA SA   ', 'Agricultor', 'Flores'),
('900149336', 'PRESTIGE ROSES SAS   ', 'Agricultor', 'Flores'),
('900149535', 'PROVISION AGRICOLA CORINTO SAS   ', 'Distribuidor', 'PERIFERIA'),
('900155227', 'CI FRUTY GREEN SA   ', 'Distribuidor', 'PERIFERIA'),
('900161445', 'INVERSIONES RODRIGUEZ RUIZ R-R SAS   ', 'Distribuidor', 'PERIFERIA'),
('900162468', 'CI LA ESPERANZA  LTDA   ', 'Distribuidor', 'PERIFERIA'),
('900162495', 'AGROTRILLADORA SAS', 'Distribuidor', 'PERIFERIA'),
('900163815', 'CI COMERCIALIZADORA LA BLANQUITA SA   ', 'Distribuidor', 'PERIFERIA'),
('900168533', 'AGROCOMETA SA (AGROPECUARIA Y COMERCIALIZADORA DEL', 'Distribuidor', 'PERIFERIA'),
('900201541', 'INSUMARKET LTDA   ', 'Distribuidor', 'PERIFERIA'),
('900208066', 'PORCICOLA PRADERA SA   ', 'Agricultor', 'PERIFERIA'),
('900222313', 'SERVINAGROS LTDA   ', 'Distribuidor', 'PERIFERIA'),
('900222344', 'TALLOS Y PETALOS DE COLOMBIA SAS   ', 'Agricultor', 'Flores'),
('900222465', 'INSUMOS TIERRALTICA LTDA   ', 'Distribuidor', 'PERIFERIA'),
('900223044', 'DELIFLOR LATIN AMERICA   ', 'Agricultor', 'Flores'),
('900223393', 'SUMAGRO SA   ', 'Distribuidor', 'PERIFERIA'),
('900224099', 'AGROJAR SAS   ', 'Distribuidor', 'PERIFERIA'),
('900232366', 'ALMACEN AGROPECUARIO LINO GIRALDO E  HIJO LTDA', 'Distribuidor', 'PERIFERIA'),
('900232379', 'THE FAMILY FLOWER SAS   ', 'Agricultor', 'Flores'),
('900233284', 'AGRIAGROS LTDA   ', 'Distribuidor', 'PERIFERIA'),
('900234294', 'FERTILIZANTES Y AGRO MAS SAS', 'Distribuidor', 'PERIFERIA'),
('900244262', 'DESARROLLOS DON BOSCO SAS   ', 'Agricultor', 'Flores'),
('900250463', 'CARAFE SAS   ', 'Agricultor', 'Flores'),
('900252345', 'KIBUTZIM LTDA   ', 'Distribuidor', 'PERIFERIA'),
('900254024', 'FLORES EL PICACHO SAS   ', 'Agricultor', 'Flores'),
('900260528', 'MERCA AGRICOLA & CIA LTDA   ', 'Distribuidor', 'PERIFERIA'),
('900261676', 'GOMEZ RIVERA AGROPECUARIA Y CIA   ', 'Distribuidor', 'PERIFERIA'),
('900266647', 'TEO FARMS SAS   ', 'Agricultor', 'Flores'),
('900278411', 'MADAMME ROSES SAS   ', 'Agricultor', 'Flores'),
('900294698', 'COMERCIALIZADORA LLANO MORENO SAS   ', 'Distribuidor', 'PERIFERIA'),
('900296617', 'AGRICOLA SAN RIOMAR SAS   ', 'Distribuidor', 'PERIFERIA'),
('900299708', 'OTUNAGRO SAS   ', 'Distribuidor', 'PERIFERIA'),
('900301797', 'SEMILLA AGRO SIEMBRA LTDA   ', 'Distribuidor', 'PERIFERIA'),
('900302458', 'COMERCIALIZADORA AGRO URRAO   ', 'Distribuidor', 'PERIFERIA'),
('900305698', 'VIVERO TIERRA NEGRA SAS   ', 'Agricultor', 'Flores'),
('900306213', 'AGROPECUARIA DE PAPA SAS   ', 'Agricultor', 'PERIFERIA'),
('900306424', 'ARKATEC SAS   ', 'Distribuidor', 'PERIFERIA'),
('900306990', 'AGRICOLA LA PALMA SAS   ', 'Agricultor', 'PERIFERIA'),
('900308111', 'DEPOSITO AGROPECUARIO DE OCCIDENTE SAS  ', 'Distribuidor', 'PERIFERIA'),
('900308138', 'DISAGRO MANIZALEZ SAS   ', 'Distribuidor', 'PERIFERIA'),
('900315039', 'GLOBALAGRO NEIVA SAS   ', 'Distribuidor', 'PERIFERIA'),
('900319437', 'COMERCIAL TECNO AGRO SAS   ', 'Distribuidor', 'PERIFERIA'),
('900321282', 'HORTENSIAS DEL LLANO SAS   ', 'Agricultor', 'Flores'),
('900321419', 'GRUPO CENAGRO SAS   ', 'Distribuidor', 'PERIFERIA'),
('900324122', 'COMERCIALIZADORA DE INSUMOS AGROPEC UARIOS GL SAS ', 'Distribuidor', 'PERIFERIA'),
('900335836', 'COLOMBIA AGRO SAS   ', 'Distribuidor', 'PERIFERIA'),
('900338701', 'SAN VALENTINO SAS   ', 'Agricultor', 'Flores'),
('900339026', 'ANEMOS SAS   ', 'Agricultor', 'Flores'),
('900341299', 'AIDAMA SAS   ', 'Distribuidor', 'PERIFERIA'),
('900342127', 'CASA AGRICOLA APOSENTOS LTDA   ', 'Distribuidor', 'PERIFERIA'),
('900346992', 'AGROINVERSIONES LLANOGRANDE SAS   ', 'Distribuidor', 'PERIFERIA'),
('900347116', 'CAMPOALEGRE BIOLOGICOS LTDA   ', 'Distribuidor', 'PERIFERIA'),
('900349569', 'AGRO INDUSTRIAL JE SAS   ', 'Distribuidor', 'PERIFERIA'),
('900351474', 'COMERCIALIZADORA AGRO SHADDAI SAS   ', 'Distribuidor', 'PERIFERIA'),
('900354395', 'HMVE SAS   ', 'Agricultor', 'Flores'),
('900362839', 'EXPRESSION ROSES SAS   ', 'Agricultor', 'Flores'),
('900365147', 'SERVICIOS Y SUMINISTROS INTEGRALES TECHNOAGROS SAS', 'Distribuidor', 'PERIFERIA'),
('900369584', 'S & J INVERSIONES S EN C   ', 'Distribuidor', 'PERIFERIA'),
('900373944', 'MACARENA FARMS SAS   ', 'Agricultor', 'Flores'),
('900385242', 'AGRONEGOCIOS ELITE SAS   ', 'Distribuidor', 'PERIFERIA'),
('900385322', 'FERTILIZER EXPERT HOLLAND SAS   ', 'Distribuidor', 'PERIFERIA'),
('900388024', 'FLORES LUNA NUEVA SAS   ', 'Agricultor', 'Flores'),
('900391494', 'PRODUCTOS AGRICOLAS PALMIRA SAS   ', 'Distribuidor', 'PERIFERIA'),
('900396502', 'FERTIAGRO SUROESTE SAS   ', 'Distribuidor', 'PERIFERIA'),
('900398085', 'VARAHONDA ORIENTE SAS   ', 'Agricultor', 'PERIFERIA'),
('900400049', 'AGROGAMA COLOMBIA SAS   ', 'Distribuidor', 'PERIFERIA'),
('900404036', 'GRANEX AGROINDUSTRIAL SAS   ', 'Distribuidor', 'PERIFERIA'),
('900405205', 'ALMACEN Y DISTRIBUCIONES SUPERAGRO SAS  ', 'Distribuidor', 'PERIFERIA'),
('900405749', 'BODEGA CAMPESINA SAS   ', 'Distribuidor', 'PERIFERIA'),
('900407253', 'AGROVETERINARIA DEL CENTRO SAS   ', 'Distribuidor', 'PERIFERIA'),
('900407457', 'COMERCIALIZADORA SURAGRO  SAS   ', 'Distribuidor', 'PERIFERIA'),
('900408676', 'FERNANDO PUERTA DIAZ ASESORIAS Y REPRESENTACIONES ', 'Distribuidor', 'PERIFERIA'),
('900408946', 'DISTRIBUIDOR AGROPECUARIO BACATA SA SAS  ', 'Distribuidor', 'PERIFERIA'),
('900409984', 'CULTIVOS CASABLANCA SAS   ', 'Agricultor', 'Flores'),
('900412466', 'ELITE FLOWER FARMERS SAS   ', 'Agricultor', 'Flores'),
('900413207', 'TECNOTERRA SAS   ', 'Distribuidor', 'PERIFERIA'),
('900414986', 'INVERHATS SAS   ', 'Distribuidor', 'PERIFERIA'),
('900416225', 'FITOLLANOS SAS   ', 'Distribuidor', 'PERIFERIA'),
('900418420', 'CRISDALEY  SAS   ', 'Distribuidor', 'PERIFERIA'),
('900424341', 'AGRICOLA LINEA VERDE DEL HUILA LTDA   ', 'Distribuidor', 'PERIFERIA'),
('900424415', 'AGRICOLA FLORCO SAS   ', 'Agricultor', 'Flores'),
('900425086', 'TITANIUM FLOWERS INVESTMENTS SAS   ', 'Agricultor', 'Flores'),
('900425148', 'NUTRIENDO Y CONSERVANDO SAS   ', 'Distribuidor', 'PERIFERIA'),
('900426094', 'PLAN TOTAL TECNOLOGIA PARA EL AGRO   ', 'Distribuidor', 'PERIFERIA'),
('900429519', 'AGROANDINA GS SAS   ', 'Distribuidor', 'PERIFERIA'),
('900432694', 'INNOVAGRO CM SAS   ', 'Distribuidor', 'PERIFERIA'),
('900433952', 'AGROQUIROGA MENDEZ ORTIZ HERMANOS S CS  ', 'Distribuidor', 'PERIFERIA'),
('900434094', 'AGROINSUMOS SAN CARLOS SAS   ', 'Distribuidor', 'PERIFERIA'),
('900440825', 'FUTURAGRO BE SAS   ', 'Distribuidor', 'PERIFERIA'),
('900440984', 'INSUMOS AGROFERTIL SAS   ', 'Distribuidor', 'Flores'),
('900444199', 'AGRO INVERSIONES B & V SAS   ', 'Distribuidor', 'PERIFERIA'),
('900444854', 'NAYRE FLOWERS COLOMBIA SAS   ', 'Agricultor', 'Flores'),
('900450073', 'FERRETERIA INDUSTRIAL FREDONIA SAS   ', 'Distribuidor', 'PERIFERIA'),
('900451935', 'SOCIEDAD DE AGRICULTORES CAMPOSEGUR SAS  ', 'Distribuidor', 'PERIFERIA'),
('900452111', 'ECOFLORA AGRO SAS   ', 'Agricultor', 'PERIFERIA'),
('900452307', 'GREENSITE SAS   ', 'Distribuidor', 'PERIFERIA'),
('900454452', 'ABONOS PACANDE SAS   ', 'Distribuidor', 'PERIFERIA'),
('900456277', 'DISTRIBUCIONES AGROCALDAS SAS   ', 'Distribuidor', 'PERIFERIA'),
('900458508', 'AGROINVERSIONES OSORIO LOPEZ SAS   ', 'Agricultor', 'PERIFERIA'),
('900466824', 'AGRICOLA LA PLATA SAS   ', 'Distribuidor', 'PERIFERIA'),
('900471182', 'COMERCIAL AGRO ORIENTE SAS   ', 'Distribuidor', 'PERIFERIA'),
('900473544', 'CABLAZQUEZ SAS   ', 'Distribuidor', 'PERIFERIA'),
('900474414', 'AGROPROYECTOS SIERRA SAS   ', 'Distribuidor', 'PERIFERIA'),
('900474780', 'AGMO NUBES INVERSIONES SAS   ', 'Distribuidor', 'PERIFERIA'),
('900475031', 'AGRIVET CAQUEZA SAS   ', 'Distribuidor', 'PERIFERIA'),
('900477132', 'AGROINSUMOS SAN MIGUEL SAS   ', 'Distribuidor', 'PERIFERIA'),
('900478724', 'FOGANZA Y C FERRETERO SAS   ', 'Distribuidor', 'PERIFERIA'),
('900482836', 'AGRICOLA FUSAGASUGA SAS   ', 'Distribuidor', 'PERIFERIA'),
('900483131', 'SAVANNAH CROPS SAS   ', 'Distribuidor', 'PERIFERIA'),
('900483899', 'RIEGOS & MOTORES DEL VALLE SAS   ', 'Distribuidor', 'PERIFERIA'),
('900485008', 'DISTRIMARCA FINCA SAS   ', 'Distribuidor', 'PERIFERIA'),
('900485201', 'AGROINSUMOS PRADERA MS SAS   ', 'Distribuidor', 'PERIFERIA'),
('900485333', 'SAN GREGORIO FLOWERS SAS   ', 'Agricultor', 'Flores'),
('900485334', 'FLORES DEL TEQUENDAMA SAS   ', 'Agricultor', 'Flores'),
('900485345', 'QUINTANARES FLOWERS SAS   ', 'Agricultor', 'Flores'),
('900485397', 'PETALOS SAN ANTONIO SAS   ', 'Agricultor', 'Flores'),
('900486564', 'ALMACEN AGRICOLA LA DESPENSA SAS   ', ' ', 'PERIFERIA'),
('900487894', 'SANTA MARTA FLOWERS SAS   ', 'Agricultor', 'Flores'),
('900487896', 'FLORES DE SAN ALEJO SAS   ', 'Agricultor', 'Flores'),
('900492396', 'ECO FLORA DESIGN CENTER SAS   ', 'Agricultor', 'Flores'),
('900493943', 'CASA DEL CAMPESINO DISTRIBUIDORA SA   ', 'Distribuidor', 'PERIFERIA'),
('900495397', 'AGROSERTOL SAS   ', 'Distribuidor', 'PERIFERIA'),
('900500932', 'FERREAGROINDUSTRIAL SAS   ', 'Distribuidor', 'PERIFERIA'),
('900505360', 'INVERSIONES AGROCOL INSUMOS SAS   ', 'Distribuidor', 'PERIFERIA'),
('900506620', 'ABOCAR RISARALDA SAS   ', 'Distribuidor', 'PERIFERIA'),
('900511074', 'BENGALA AGRICOLA SAS   ', 'Distribuidor', 'PERIFERIA'),
('900519765', 'JARDINES DE LA CUESTA SAS   ', 'Agricultor', 'Flores'),
('900520255', 'PEPEAGRO SAS   ', 'Distribuidor', 'PERIFERIA'),
('900522265', 'AGROUNION PURINA SAS   ', 'Distribuidor', 'PERIFERIA'),
('900527565', 'INSAGRO DE COLOMBIA SAS   ', 'Distribuidor', 'PERIFERIA'),
('900528213', 'W & T FLOWERS  AND PLANTS SAS   ', 'Agricultor', 'Flores'),
('900528742', 'CODELCAMPO SAS   ', 'Distribuidor', 'PERIFERIA'),
('900529903', 'JARDINES DE SAN NICOLAS SAS   ', 'Agricultor', 'Flores'),
('900534120', 'LOGIBAN SAS   ', 'Distribuidor', 'PERIFERIA'),
('900539144', 'CAFICULTORA LA POLONIA SAS   ', 'Distribuidor', 'PERIFERIA'),
('900539182', 'DISTRIBUCIONES PALCAMPO   ', 'Distribuidor', 'PERIFERIA'),
('900539592', 'AGROMIX DEL NORTE SAS   ', 'Distribuidor', 'PERIFERIA'),
('900549740', 'HORTENSIAS DEL CAMPO SAS   ', 'Agricultor', 'Flores'),
('900550536', 'AGROPECUARIOS SUELOS Y GANADOS SAS   ', 'Distribuidor', 'PERIFERIA'),
('900551620', 'AGROPUNTO URRAO SAS   ', 'Distribuidor', 'PERIFERIA'),
('900556152', 'MI CAMPO EN SU CAMPO SAS   ', 'Distribuidor', 'PERIFERIA'),
('900560496', 'AGROPECUARIA TUMARADO SAS   ', 'Distribuidor', 'PERIFERIA'),
('900561996', 'AGROPECUARIA CAMPO NORTE SAS   ', 'Distribuidor', 'PERIFERIA'),
('900570211', 'HYD KIWI SAS   ', 'Agricultor', 'Flores'),
('900571240', 'FERRETERIA R & R SANTA ROSA SAS   ', 'Distribuidor', 'PERIFERIA'),
('900574149', 'AGROGALERIA MARINILLAS SAS', 'Distribuidor', 'PERIFERIA'),
('900581167', 'DISTRIBUIDORA GRUMERCO SAS   ', 'Distribuidor', 'PERIFERIA'),
('900583164', 'AGRICOLA AUTOMOTRIZ DEL NORTE SAS   ', 'Distribuidor', 'PERIFERIA'),
('900583470', 'AGRICOLAS SANTA CATALINA SAS   ', 'Distribuidor', 'PERIFERIA'),
('900593408', 'LA TRAVESIA DEL MILAGRO SAS   ', 'Agricultor', 'Flores'),
('900598481', 'INVERSIONES AGROFERTIL DEL TOLIMA SAS  ', 'Distribuidor', 'PERIFERIA'),
('900599976', 'KRONOTIENDAS SAS   ', 'Distribuidor', 'PERIFERIA'),
('900604830', 'FLORES MARAL SAS   ', 'Agricultor', 'Flores'),
('900608308', 'S & M AGRO SAS   ', 'Distribuidor', 'PERIFERIA'),
('900609645', 'DISTRIBUIDORA AGRICOLA DEL HUILA SA   ', 'Distribuidor', 'PERIFERIA'),
('900611017', 'AGRICOLA DEL ORIENTE UNE SAS   ', 'Distribuidor', 'PERIFERIA'),
('900613466', 'TERRA MIA M T M CIA S EN C   ', 'Distribuidor', 'PERIFERIA'),
('900617159', 'DISTRIBUIDORA AGROINSUMOS A&M SAS   ', 'Distribuidor', 'PERIFERIA'),
('900618127', 'AGROPECUARIA KINAGRO SAS   ', 'Distribuidor', 'PERIFERIA'),
('900623146', 'MCHERBS & MCOILS SAS   ', 'Distribuidor', 'PERIFERIA'),
('900642394', 'MI DESPENSA AGROPECUARIA SAS   ', 'Distribuidor', 'PERIFERIA'),
('900646181', 'SUPER TIENDA AGROPECUARIA PALCAMPO SAS  ', 'Distribuidor', 'PERIFERIA'),
('900656046', 'INSUAGRO ARAUCARIAS SAS   ', 'Distribuidor', 'PERIFERIA'),
('900661571', 'AGROVETERINARIA EL BIMBO SAS   ', 'Distribuidor', 'PERIFERIA'),
('900676919', 'INVERSIONES LA TORTUGA SAS   ', 'Agricultor', 'PERIFERIA'),
('900699198', 'DISTRIBUIDORA DE PAPA DEL RIO SAS   ', 'Distribuidor', 'PERIFERIA'),
('900700594', 'FARMAQUIM SAS   ', 'Distribuidor', 'PERIFERIA'),
('900703463', 'INVERSIONES DEL NEUSA  SAS   ', 'Agricultor', 'Flores'),
('900703597', 'ZANAHORIAS DE COLOMBIAS SAS   ', 'Agricultor', 'PERIFERIA'),
('900704967', 'AGROFER LA GRANJA SAS   ', 'Distribuidor', 'PERIFERIA'),
('900705480', 'AGROCADENA SAS   ', 'Distribuidor', 'PERIFERIA'),
('900710484', 'TECNO AGRO CHINCHINA SAS   ', 'Distribuidor', 'PERIFERIA'),
('900714708', 'AGROINSUMOS EL PASO SAS   ', 'Distribuidor', 'PERIFERIA'),
('900734207', 'DISFRUTAS DE RISARALDA SAS   ', 'Distribuidor', 'PERIFERIA'),
('900738453', 'ICON SELECTIONS SAS   ', 'Agricultor', 'Flores'),
('900741284', 'TODOAGRO DEL NORTE SAS   ', 'Distribuidor', 'PERIFERIA'),
('900749866', 'OBALIS SAS   ', 'Distribuidor', 'PERIFERIA'),
('900758003', 'TRES COLINAS SAS   ', 'Agricultor', 'PERIFERIA'),
('900765464', 'TECNICAMPO DEL CENTRO SAS   ', 'Distribuidor', 'PERIFERIA'),
('900766077', 'AGRICOLA EL SAMAN SAS   ', 'Distribuidor', 'PERIFERIA'),
('900769104', 'VANAGRO SAS   ', 'Distribuidor', 'PERIFERIA'),
('900772522', 'LA CASA DEL AGRO SEVILLA SAS   ', 'Distribuidor', 'PERIFERIA'),
('900775482', 'DEMETER INVERSIONES SAS   ', 'Distribuidor', 'PERIFERIA'),
('900781944', 'EL GRANJERO SAS   ', 'Distribuidor', 'PERIFERIA'),
('900783814', 'FIORI COLOMBIA SAS   ', 'Agricultor', 'Flores'),
('900785534', 'ANDINO AGRICOLA DEL EJE CAFETERO SAS  ', 'Distribuidor', 'PERIFERIA'),
('900802908', 'AGROTARAZA SAS   ', 'Distribuidor', 'PERIFERIA'),
('900803721', 'D AGROS SAS   ', 'Distribuidor', 'PERIFERIA'),
('900807878', 'INVERSIONES SAENZ & SAENZ SAS   ', 'Distribuidor', 'PERIFERIA'),
('900808640', 'ALMACENES CONSTRUAGRO SAS   ', 'Distribuidor', 'PERIFERIA'),
('900811082', 'SEPULVEDA GALLEGO Y CIA S EN C   ', 'Distribuidor', 'PERIFERIA'),
('900812952', 'AGROINSUMOS TPC SAS   ', 'Distribuidor', 'PERIFERIA'),
('900813710', 'MIL AGRO DEL VALLE SAS   ', 'Distribuidor', 'PERIFERIA'),
('900815808', 'AGROINSUMOS Y SERVICIOS CACAYAL SAS   ', 'Distribuidor', 'PERIFERIA'),
('900819311', 'AGROTERRA DE OCCIDENTE SAS   ', 'Distribuidor', 'PERIFERIA'),
('900820066', 'EXI CAMPO SAS   ', 'Distribuidor', 'PERIFERIA'),
('900820087', 'AGRICOLA OCOA COLOMBIA SAAS   ', 'Distribuidor', 'PERIFERIA'),
('900823750', 'COMERCIALIZADORA DARAGROS SAS   ', 'Distribuidor', 'PERIFERIA'),
('900829016', 'ALMA G SAS   ', 'Distribuidor', 'PERIFERIA'),
('900830575', 'MI TIERRA AGROMARKET SAS   ', 'Distribuidor', 'PERIFERIA'),
('900835915', 'AGRO F SAS   ', 'Distribuidor', 'PERIFERIA'),
('900840409', 'AGRO ELECTRICOS DEL NORTE SAS   ', 'Distribuidor', 'PERIFERIA'),
('900847995', 'MAKRORIOS DEL AGRO SAS   ', 'Distribuidor', 'PERIFERIA'),
('900855679', 'SAN MARINO FLOWERS SAS   ', 'Agricultor', 'Flores'),
('900867864', 'AGROGENETICA SOLANUM SAS   ', 'Distribuidor', 'PERIFERIA'),
('900878752', 'INSAE SAS - INSUMOS Y SOLUCIONES AGRICOLAS DEL EJE', 'Distribuidor', 'PERIFERIA'),
('900881439', 'CENTRAL DEL CAMPO SAS   ', 'Distribuidor', 'PERIFERIA'),
('900881832', 'FRUTOS Y VERDURAS MAQUINAGRO SAS   ', 'Distribuidor', 'PERIFERIA'),
('900889093', 'AGRICOLA LA PLAYA SAS   ', 'Distribuidor', 'PERIFERIA'),
('900897223', 'HILVERDA KOOIJ COLOMBIA SAS   ', 'Agricultor', 'Flores'),
('900921157', 'AGROTIENDA RIONEGRO HERMANOS SAS   ', 'Distribuidor', 'PERIFERIA'),
('900926508', 'AGRO ALEJO SAS   ', 'Distribuidor', 'PERIFERIA'),
('900936801', 'HILLSIDE FLOWERS SAS   ', 'Agricultor', 'Flores'),
('900941574', 'JARDINES DE LA CEJA SAS   ', 'Agricultor', 'PERIFERIA'),
('900949580', 'AVOCADOS FROM COLOMBIA SAS   ', 'Distribuidor', 'PERIFERIA'),
('900951704', 'DISTRIBUIDOR AGRICOLA AUDOR SAS   ', 'Distribuidor', 'PERIFERIA'),
('900974078', 'AGROBOLIVAR SG SAS   ', 'Distribuidor', 'PERIFERIA'),
('900983749', 'AGRICOLA CADENA SAS   ', 'Distribuidor', 'PERIFERIA'),
('900984336', 'COMERCIALIZADORA TROPYAGRO SAS   ', 'Agricultor', 'PERIFERIA'),
('900984415', 'AGROMIRAMAR SAS   ', 'Agricultor', 'PERIFERIA'),
('900984454', 'SOCIEDAD EXPOBANANAS SAS   ', 'Agricultor', 'PERIFERIA'),
('91218371', 'QUIÑONEZ CARRILLO GABRIEL FRANCISCO   ', 'Distribuidor', 'PERIFERIA'),
('93150692', 'RIVERA HERNAN   ', 'Distribuidor', 'PERIFERIA'),
('9320094', 'RODRIGUEZ LEON HUMBERTO   ', 'Distribuidor', 'PERIFERIA'),
('93349815', 'QUIÃ‘ONEZ WILFREDO   ', 'Distribuidor', 'PERIFERIA'),
('93366147', 'VELASQUEZ LONDOÃ‘O RAUL MAURICIO   ', 'Distribuidor', 'PERIFERIA'),
('93371158', 'ROJAS CUBIDES GERMAN EDUARDO   ', 'Distribuidor', 'PERIFERIA'),
('94193035', 'RONCANCIO CASTELLANOS YHOVANY   ', 'Distribuidor', 'PERIFERIA'),
('94273705', 'GORDILLO MILAN PEDRO NEL   ', 'Distribuidor', 'PERIFERIA'),
('94407443', 'ABAHONZA  GOMEZ JOSE DUVAN   ', 'Distribuidor', 'PERIFERIA'),
('94419747', 'GARCIA MEZA GERMAN TULIO   ', 'Agricultor', 'PERIFERIA'),
('94471448', 'GONZALEZ VASQUEZ DIEGO LEON   ', 'Distribuidor', 'PERIFERIA'),
('9533314', 'PESCA  JOSELYN   ', 'Agricultor', 'PERIFERIA'),
('9535249', 'OTALORA AREVALO CESAR AUGUSTO   ', 'Distribuidor', 'PERIFERIA'),
('9535541', 'RUIZ OTALORA PEDRO SIMON   ', 'Distribuidor', 'PERIFERIA'),
('9807051', 'BURBANO LOPEZ LUIS EDUARDO   ', 'Agricultor', 'PERIFERIA'),
('9817403', 'CASTAÑO LOPEZ RUBEN DARIO AGROINSUMOS MARSELLA  ', 'Distribuidor', 'PERIFERIA'),
('98334454', 'GUERRA DIAZ LUIS ANTONIO   ', 'Agricultor', 'PERIFERIA'),
('98494100', 'ALVAREZ SALDARRIAGA JUAN ALBERTO   ', 'Agricultor', 'PERIFERIA'),
('98495090', 'OSORNO MESA JAIME DE JESUS   ', 'Distribuidor', 'PERIFERIA'),
('98497212', 'GIL BETANCUR JORGE ALBERTO   ', 'Distribuidor', 'PERIFERIA'),
('98569114', 'GUTIERREZ ARROYAVE CARLOS IGNACIO   ', 'Distribuidor', 'PERIFERIA'),
('98570864', 'SALDARRIAGA SOTO FELIPE   ', 'Agricultor', 'Flores'),
('9957626', 'JIMENEZ LOAIZA NESTOR MAURICIO   ', 'Distribuidor', 'PERIFERIA');

-- --------------------------------------------------------

--
-- Estructura de tabla para la tabla `cliente_calificacion`
--

CREATE TABLE IF NOT EXISTS `cliente_calificacion` (
  `id_clientecalificacion` int(11) NOT NULL AUTO_INCREMENT,
  `tamano_peconomico` int(2) NOT NULL,
  `crecimi_peconomico` int(2) NOT NULL,
  `finanza_peconomico` int(2) NOT NULL,
  `compt_peconomico` int(2) NOT NULL,
  `total_peconomico` int(2) NOT NULL,
  `conoci_rpersonal` int(2) NOT NULL,
  `resp_rpersonal` int(2) NOT NULL,
  `pps_rpersonal` int(2) NOT NULL,
  `actitud_rpersonal` int(2) NOT NULL,
  `total_rpersonal` int(2) NOT NULL,
  `id_cliente` varchar(10) NOT NULL,
  `id_usuario` varchar(30) NOT NULL,
  PRIMARY KEY (`id_clientecalificacion`),
  KEY `id_cliente` (`id_cliente`),
  KEY `id_usuario` (`id_usuario`)
) ENGINE=InnoDB  DEFAULT CHARSET=latin1 AUTO_INCREMENT=999 ;

--
-- Volcado de datos para la tabla `cliente_calificacion`
--

INSERT INTO `cliente_calificacion` (`id_clientecalificacion`, `tamano_peconomico`, `crecimi_peconomico`, `finanza_peconomico`, `compt_peconomico`, `total_peconomico`, `conoci_rpersonal`, `resp_rpersonal`, `pps_rpersonal`, `actitud_rpersonal`, `total_rpersonal`, `id_cliente`, `id_usuario`) VALUES
(3, 0, 0, 0, 0, 0, 0, 0, 0, 0, 0, '3436587', 'mserna'),
(4, 0, 0, 0, 0, 0, 0, 0, 0, 0, 0, '3469254', 'ravila'),
(5, 0, 0, 0, 0, 0, 0, 0, 0, 0, 0, '3469820', 'ravila'),
(6, 0, 0, 0, 0, 0, 0, 0, 0, 0, 0, '3469883', 'ravila'),
(7, 0, 0, 0, 0, 0, 0, 0, 0, 0, 0, '3469916', 'ravila'),
(8, 0, 0, 0, 0, 0, 0, 0, 0, 0, 0, '3496338', 'ravila'),
(9, 0, 0, 0, 0, 0, 0, 0, 0, 0, 0, '3514368', 'apacheco'),
(10, 0, 0, 0, 0, 0, 0, 0, 0, 0, 0, '3626061', 'ravila'),
(11, 0, 0, 0, 0, 0, 0, 0, 0, 0, 0, '4346503', 'ravila'),
(12, 0, 0, 0, 0, 0, 0, 0, 0, 0, 0, '6445660', 'mserna'),
(13, 0, 0, 0, 0, 0, 0, 0, 0, 0, 0, '7459121', 'ravila'),
(14, 0, 0, 0, 0, 0, 0, 0, 0, 0, 0, '8151476', 'ravila'),
(15, 0, 0, 0, 0, 0, 0, 0, 0, 0, 0, '8154510', 'ravila'),
(16, 0, 0, 0, 0, 0, 0, 0, 0, 0, 0, '8244359', 'ravila'),
(17, 0, 0, 0, 0, 0, 0, 0, 0, 0, 0, '8306390', 'ravila'),
(18, 0, 0, 0, 0, 0, 0, 0, 0, 0, 0, '8354928', 'ravila'),
(19, 0, 0, 0, 0, 0, 0, 0, 0, 0, 0, '10932605', 'apacheco'),
(20, 0, 0, 0, 0, 0, 0, 0, 0, 0, 0, '15295909', 'ravila'),
(21, 0, 0, 0, 0, 0, 0, 0, 0, 0, 0, '15309233', 'ravila'),
(22, 0, 0, 0, 0, 0, 0, 0, 0, 0, 0, '15324361', 'ravila'),
(23, 0, 0, 0, 0, 0, 0, 0, 0, 0, 0, '15327999', 'ravila'),
(24, 0, 0, 0, 0, 0, 0, 0, 0, 0, 0, '15328549', 'ravila'),
(25, 0, 0, 0, 0, 0, 0, 0, 0, 0, 0, '15328906', 'ravila'),
(26, 0, 0, 0, 0, 0, 0, 0, 0, 0, 0, '15329135', 'ravila'),
(27, 0, 0, 0, 0, 0, 0, 0, 0, 0, 0, '15350225', 'ravila'),
(28, 0, 0, 0, 0, 0, 0, 0, 0, 0, 0, '15352010', 'ravila'),
(29, 0, 0, 0, 0, 0, 0, 0, 0, 0, 0, '15353515', 'mserna'),
(30, 0, 0, 0, 0, 0, 0, 0, 0, 0, 0, '15353731', 'ravila'),
(31, 0, 0, 0, 0, 0, 0, 0, 0, 0, 0, '15354016', 'ravila'),
(32, 0, 0, 0, 0, 0, 0, 0, 0, 0, 0, '15355154', 'ravila'),
(33, 0, 0, 0, 0, 0, 0, 0, 0, 0, 0, '15355919', 'mserna'),
(34, 0, 0, 0, 0, 0, 0, 0, 0, 0, 0, '15379617', 'mserna'),
(35, 0, 0, 0, 0, 0, 0, 0, 0, 0, 0, '15384780', 'ravila'),
(36, 0, 0, 0, 0, 0, 0, 0, 0, 0, 0, '15427415', 'ravila'),
(37, 0, 0, 0, 0, 0, 0, 0, 0, 0, 0, '15437955', 'mserna'),
(38, 0, 0, 0, 0, 0, 0, 0, 0, 0, 0, '15483509', 'mserna'),
(39, 0, 0, 0, 0, 0, 0, 0, 0, 0, 0, '15484795', 'ravila'),
(40, 0, 0, 0, 0, 0, 0, 0, 0, 0, 0, '15486804', 'ravila'),
(41, 0, 0, 0, 0, 0, 0, 0, 0, 0, 0, '15526575', 'ravila'),
(42, 0, 0, 0, 0, 0, 0, 0, 0, 0, 0, '19273493', 'mserna'),
(43, 0, 0, 0, 0, 0, 0, 0, 0, 0, 0, '19895118', 'apacheco'),
(44, 0, 0, 0, 0, 0, 0, 0, 0, 0, 0, '21470738', 'mserna'),
(45, 0, 0, 0, 0, 0, 0, 0, 0, 0, 0, '21470883', 'ravila'),
(46, 0, 0, 0, 0, 0, 0, 0, 0, 0, 0, '21481889', 'mserna'),
(47, 0, 0, 0, 0, 0, 0, 0, 0, 0, 0, '21702295', 'ravila'),
(48, 0, 0, 0, 0, 0, 0, 0, 0, 0, 0, '21835269', 'mserna'),
(49, 0, 0, 0, 0, 0, 0, 0, 0, 0, 0, '21846981', 'mserna'),
(50, 0, 0, 0, 0, 0, 0, 0, 0, 0, 0, '21870714', 'mserna'),
(51, 0, 0, 0, 0, 0, 0, 0, 0, 0, 0, '21905799', 'mserna'),
(52, 0, 0, 0, 0, 0, 0, 0, 0, 0, 0, '22101201', 'mserna'),
(53, 0, 0, 0, 0, 0, 0, 0, 0, 0, 0, '22188318', 'ravila'),
(54, 0, 0, 0, 0, 0, 0, 0, 0, 0, 0, '32447938', 'ravila'),
(55, 0, 0, 0, 0, 0, 0, 0, 0, 0, 0, '32465496', 'ravila'),
(56, 0, 0, 0, 0, 0, 0, 0, 0, 0, 0, '32562984', 'ravila'),
(57, 0, 0, 0, 0, 0, 0, 0, 0, 0, 0, '34694270', 'ravila'),
(58, 0, 0, 0, 0, 0, 0, 0, 0, 0, 0, '39450147', 'mserna'),
(59, 0, 0, 0, 0, 0, 0, 0, 0, 0, 0, '42421092', 'mserna'),
(60, 0, 0, 0, 0, 0, 0, 0, 0, 0, 0, '42843853', 'mserna'),
(61, 0, 0, 0, 0, 0, 0, 0, 0, 0, 0, '42879572', 'ravila'),
(62, 0, 0, 0, 0, 0, 0, 0, 0, 0, 0, '42901108', 'ravila'),
(63, 0, 0, 0, 0, 0, 0, 0, 0, 0, 0, '42902541', 'ravila'),
(64, 0, 0, 0, 0, 0, 0, 0, 0, 0, 0, '43366080', 'ravila'),
(65, 0, 0, 0, 0, 0, 0, 0, 0, 0, 0, '43366346', 'ravila'),
(66, 0, 0, 0, 0, 0, 0, 0, 0, 0, 0, '43456639', 'mserna'),
(67, 0, 0, 0, 0, 0, 0, 0, 0, 0, 0, '43467133', 'mserna'),
(68, 0, 0, 0, 0, 0, 0, 0, 0, 0, 0, '43717110', 'ravila'),
(69, 0, 0, 0, 0, 0, 0, 0, 0, 0, 0, '43808486', 'ravila'),
(70, 0, 0, 0, 0, 0, 0, 0, 0, 0, 0, '64560234', 'apacheco'),
(71, 0, 0, 0, 0, 0, 0, 0, 0, 0, 0, '70191100', 'ravila'),
(72, 0, 0, 0, 0, 0, 0, 0, 0, 0, 0, '70192838', 'ravila'),
(73, 0, 0, 0, 0, 0, 0, 0, 0, 0, 0, '70193491', 'ravila'),
(74, 0, 0, 0, 0, 0, 0, 0, 0, 0, 0, '70194482', 'ravila'),
(75, 0, 0, 0, 0, 0, 0, 0, 0, 0, 0, '70195946', 'ravila'),
(76, 0, 0, 0, 0, 0, 0, 0, 0, 0, 0, '70286618', 'mserna'),
(77, 0, 0, 0, 0, 0, 0, 0, 0, 0, 0, '70288508', 'mserna'),
(78, 0, 0, 0, 0, 0, 0, 0, 0, 0, 0, '70353735', 'ravila'),
(79, 0, 0, 0, 0, 0, 0, 0, 0, 0, 0, '70410283', 'ravila'),
(80, 0, 0, 0, 0, 0, 0, 0, 0, 0, 0, '70415650', 'ravila'),
(81, 0, 0, 0, 0, 0, 0, 0, 0, 0, 0, '70415970', 'ravila'),
(82, 0, 0, 0, 0, 0, 0, 0, 0, 0, 0, '70421526', 'ravila'),
(83, 0, 0, 0, 0, 0, 0, 0, 0, 0, 0, '70556122', 'mserna'),
(84, 0, 0, 0, 0, 0, 0, 0, 0, 0, 0, '70561298', 'ravila'),
(85, 0, 0, 0, 0, 0, 0, 0, 0, 0, 0, '70562742', 'ravila'),
(86, 0, 0, 0, 0, 0, 0, 0, 0, 0, 0, '70696427', 'mserna'),
(87, 0, 0, 0, 0, 0, 0, 0, 0, 0, 0, '70784815', 'mserna'),
(88, 0, 0, 0, 0, 0, 0, 0, 0, 0, 0, '70953633', 'mserna'),
(89, 0, 0, 0, 0, 0, 0, 0, 0, 0, 0, '70976925', 'ravila'),
(90, 0, 0, 0, 0, 0, 0, 0, 0, 0, 0, '71111314', 'mserna'),
(91, 0, 0, 0, 0, 0, 0, 0, 0, 0, 0, '71117018', 'mserna'),
(92, 0, 0, 0, 0, 0, 0, 0, 0, 0, 0, '71117450', 'mserna'),
(93, 0, 0, 0, 0, 0, 0, 0, 0, 0, 0, '71490179', 'ravila'),
(94, 0, 0, 0, 0, 0, 0, 0, 0, 0, 0, '71577391', 'ravila'),
(95, 0, 0, 0, 0, 0, 0, 0, 0, 0, 0, '71689936', 'mserna'),
(96, 0, 0, 0, 0, 0, 0, 0, 0, 0, 0, '71691865', 'ravila'),
(97, 0, 0, 0, 0, 0, 0, 0, 0, 0, 0, '71875583', 'mserna'),
(98, 0, 0, 0, 0, 0, 0, 0, 0, 0, 0, '71905054', 'ravila'),
(99, 0, 0, 0, 0, 0, 0, 0, 0, 0, 0, '71905745', 'ravila'),
(100, 0, 0, 0, 0, 0, 0, 0, 0, 0, 0, '71905891', 'ravila'),
(101, 0, 0, 0, 0, 0, 0, 0, 0, 0, 0, '71906062', 'ravila'),
(102, 0, 0, 0, 0, 0, 0, 0, 0, 0, 0, '78028149', 'apacheco'),
(103, 0, 0, 0, 0, 0, 0, 0, 0, 0, 0, '98494100', 'ravila'),
(104, 0, 0, 0, 0, 0, 0, 0, 0, 0, 0, '98495090', 'ravila'),
(105, 0, 0, 0, 0, 0, 0, 0, 0, 0, 0, '98497212', 'mserna'),
(106, 0, 0, 0, 0, 0, 0, 0, 0, 0, 0, '98569114', 'mserna'),
(107, 0, 0, 0, 0, 0, 0, 0, 0, 0, 0, '800010950', 'ravila'),
(108, 0, 0, 0, 0, 0, 0, 0, 0, 0, 0, '800040534', 'apacheco'),
(109, 0, 0, 0, 0, 0, 0, 0, 0, 0, 0, '800076381', 'ravila'),
(110, 0, 0, 0, 0, 0, 0, 0, 0, 0, 0, '800172762', 'apacheco'),
(111, 0, 0, 0, 0, 0, 0, 0, 0, 0, 0, '811006580', 'mserna'),
(112, 0, 0, 0, 0, 0, 0, 0, 0, 0, 0, '811009524', 'ravila'),
(113, 0, 0, 0, 0, 0, 0, 0, 0, 0, 0, '811015568', 'mserna'),
(114, 0, 0, 0, 0, 0, 0, 0, 0, 0, 0, '811029042', 'ravila'),
(115, 0, 0, 0, 0, 0, 0, 0, 0, 0, 0, '811037075', 'ravila'),
(116, 0, 0, 0, 0, 0, 0, 0, 0, 0, 0, '811043038', 'mserna'),
(117, 0, 0, 0, 0, 0, 0, 0, 0, 0, 0, '811043716', 'ravila'),
(118, 0, 0, 0, 0, 0, 0, 0, 0, 0, 0, '823002496', 'apacheco'),
(119, 0, 0, 0, 0, 0, 0, 0, 0, 0, 0, '890904478', 'ravila'),
(120, 0, 0, 0, 0, 0, 0, 0, 0, 0, 0, '890904867', 'mserna'),
(121, 0, 0, 0, 0, 0, 0, 0, 0, 0, 0, '890907245', 'ravila'),
(122, 0, 0, 0, 0, 0, 0, 0, 0, 0, 0, '890907323', 'ravila'),
(123, 0, 0, 0, 0, 0, 0, 0, 0, 0, 0, '890907638', 'ravila'),
(124, 0, 0, 0, 0, 0, 0, 0, 0, 0, 0, '890912426', 'ravila'),
(125, 0, 0, 0, 0, 0, 0, 0, 0, 0, 0, '890916557', 'ravila'),
(126, 0, 0, 0, 0, 0, 0, 0, 0, 0, 0, '890917018', 'ravila'),
(127, 0, 0, 0, 0, 0, 0, 0, 0, 0, 0, '890927513', 'mserna'),
(128, 0, 0, 0, 0, 0, 0, 0, 0, 0, 0, '890930847', 'ravila'),
(129, 0, 0, 0, 0, 0, 0, 0, 0, 0, 0, '890940649', 'mserna'),
(130, 0, 0, 0, 0, 0, 0, 0, 0, 0, 0, '890982515', 'ravila'),
(131, 0, 0, 0, 0, 0, 0, 0, 0, 0, 0, '891001125', 'apacheco'),
(132, 0, 0, 0, 0, 0, 0, 0, 0, 0, 0, '892200648', 'apacheco'),
(133, 0, 0, 0, 0, 0, 0, 0, 0, 0, 0, '900010429', 'mserna'),
(134, 0, 0, 0, 0, 0, 0, 0, 0, 0, 0, '900010430', 'mserna'),
(135, 0, 0, 0, 0, 0, 0, 0, 0, 0, 0, '900041685', 'apacheco'),
(136, 0, 0, 0, 0, 0, 0, 0, 0, 0, 0, '900068296', 'ravila'),
(137, 0, 0, 0, 0, 0, 0, 0, 0, 0, 0, '900076699', 'ravila'),
(138, 0, 0, 0, 0, 0, 0, 0, 0, 0, 0, '900078950', 'ravila'),
(139, 0, 0, 0, 0, 0, 0, 0, 0, 0, 0, '900120457', 'ravila'),
(140, 0, 0, 0, 0, 0, 0, 0, 0, 0, 0, '900122755', 'mserna'),
(141, 0, 0, 0, 0, 0, 0, 0, 0, 0, 0, '900155227', 'mserna'),
(142, 0, 0, 0, 0, 0, 0, 0, 0, 0, 0, '900162495', 'ravila'),
(143, 0, 0, 0, 0, 0, 0, 0, 0, 0, 0, '900163815', 'ravila'),
(144, 0, 0, 0, 0, 0, 0, 0, 0, 0, 0, '900222313', 'apacheco'),
(145, 0, 0, 0, 0, 0, 0, 0, 0, 0, 0, '900222465', 'apacheco'),
(146, 0, 0, 0, 0, 0, 0, 0, 0, 0, 0, '900224099', 'ravila'),
(147, 0, 0, 0, 0, 0, 0, 0, 0, 0, 0, '900232366', 'mserna'),
(148, 0, 0, 0, 0, 0, 0, 0, 0, 0, 0, '900233284', 'apacheco'),
(149, 0, 0, 0, 0, 0, 0, 0, 0, 0, 0, '900234294', 'mserna'),
(150, 0, 0, 0, 0, 0, 0, 0, 0, 0, 0, '900252345', 'mserna'),
(151, 0, 0, 0, 0, 0, 0, 0, 0, 0, 0, '900302458', 'ravila'),
(152, 0, 0, 0, 0, 0, 0, 0, 0, 0, 0, '900306213', 'ravila'),
(153, 0, 0, 0, 0, 0, 0, 0, 0, 0, 0, '900306990', 'ravila'),
(154, 0, 0, 0, 0, 0, 0, 0, 0, 0, 0, '900324122', 'mserna'),
(155, 0, 0, 0, 0, 0, 0, 0, 0, 0, 0, '900351474', 'ravila'),
(156, 0, 0, 0, 0, 0, 0, 0, 0, 0, 0, '900365147', 'apacheco'),
(157, 0, 0, 0, 0, 0, 0, 0, 0, 0, 0, '900396502', 'ravila'),
(158, 0, 0, 0, 0, 0, 0, 0, 0, 0, 0, '900398085', 'mserna'),
(159, 0, 0, 0, 0, 0, 0, 0, 0, 0, 0, '900405749', 'mserna'),
(160, 0, 0, 0, 0, 0, 0, 0, 0, 0, 0, '900413207', 'apacheco'),
(161, 0, 0, 0, 0, 0, 0, 0, 0, 0, 0, '900418420', 'mserna'),
(162, 0, 0, 0, 0, 0, 0, 0, 0, 0, 0, '900425148', 'apacheco'),
(163, 0, 0, 0, 0, 0, 0, 0, 0, 0, 0, '900434094', 'apacheco'),
(164, 0, 0, 0, 0, 0, 0, 0, 0, 0, 0, '900444199', 'apacheco'),
(165, 0, 0, 0, 0, 0, 0, 0, 0, 0, 0, '900450073', 'ravila'),
(166, 0, 0, 0, 0, 0, 0, 0, 0, 0, 0, '900451935', 'apacheco'),
(167, 0, 0, 0, 0, 0, 0, 0, 0, 0, 0, '900452111', 'plopez'),
(168, 0, 0, 0, 0, 0, 0, 0, 0, 0, 0, '900458508', 'ravila'),
(169, 0, 0, 0, 0, 0, 0, 0, 0, 0, 0, '900474414', 'ravila'),
(170, 0, 0, 0, 0, 0, 0, 0, 0, 0, 0, '900485008', 'mserna'),
(171, 0, 0, 0, 0, 0, 0, 0, 0, 0, 0, '900520255', 'ravila'),
(172, 0, 0, 0, 0, 0, 0, 0, 0, 0, 0, '900522265', 'mserna'),
(173, 0, 0, 0, 0, 0, 0, 0, 0, 0, 0, '900551620', 'ravila'),
(174, 0, 0, 0, 0, 0, 0, 0, 0, 0, 0, '900561996', 'ravila'),
(175, 0, 0, 0, 0, 0, 0, 0, 0, 0, 0, '900574149', 'mserna'),
(176, 0, 0, 0, 0, 0, 0, 0, 0, 0, 0, '900608308', 'ravila'),
(177, 0, 0, 0, 0, 0, 0, 0, 0, 0, 0, '900618127', 'ravila'),
(178, 0, 0, 0, 0, 0, 0, 0, 0, 0, 0, '900623146', 'mserna'),
(179, 0, 0, 0, 0, 0, 0, 0, 0, 0, 0, '900699198', 'ravila'),
(180, 0, 0, 0, 0, 0, 0, 0, 0, 0, 0, '900703597', 'ravila'),
(181, 0, 0, 0, 0, 0, 0, 0, 0, 0, 0, '900758003', 'plopez'),
(182, 0, 0, 0, 0, 0, 0, 0, 0, 0, 0, '900802908', 'ravila'),
(183, 0, 0, 0, 0, 0, 0, 0, 0, 0, 0, '900807878', 'apacheco'),
(184, 0, 0, 0, 0, 0, 0, 0, 0, 0, 0, '900808640', 'ravila'),
(185, 0, 0, 0, 0, 0, 0, 0, 0, 0, 0, '900812952', 'mserna'),
(186, 0, 0, 0, 0, 0, 0, 0, 0, 0, 0, '900820087', 'ravila'),
(187, 0, 0, 0, 0, 0, 0, 0, 0, 0, 0, '900823750', 'ravila'),
(188, 0, 0, 0, 0, 0, 0, 0, 0, 0, 0, '900840409', 'ravila'),
(189, 0, 0, 0, 0, 0, 0, 0, 0, 0, 0, '900867864', 'ravila'),
(190, 0, 0, 0, 0, 0, 0, 0, 0, 0, 0, '900881832', 'mserna'),
(191, 0, 0, 0, 0, 0, 0, 0, 0, 0, 0, '900921157', 'mserna'),
(192, 0, 0, 0, 0, 0, 0, 0, 0, 0, 0, '900941574', 'plopez'),
(193, 0, 0, 0, 0, 0, 0, 0, 0, 0, 0, '900949580', 'ravila'),
(194, 0, 0, 0, 0, 0, 0, 0, 0, 0, 0, '900974078', 'mserna'),
(195, 0, 0, 0, 0, 0, 0, 0, 0, 0, 0, '1017176525', 'ravila'),
(196, 0, 0, 0, 0, 0, 0, 0, 0, 0, 0, '1033653665', 'ravila'),
(197, 0, 0, 0, 0, 0, 0, 0, 0, 0, 0, '1038409756', 'mserna'),
(198, 0, 0, 0, 0, 0, 0, 0, 0, 0, 0, '9001141453', 'ravila'),
(199, 0, 0, 0, 0, 0, 0, 0, 0, 0, 0, '1184810', 'jvillamil'),
(200, 0, 0, 0, 0, 0, 0, 0, 0, 0, 0, '4060790', 'jvillamil'),
(201, 0, 0, 0, 0, 0, 0, 0, 0, 0, 0, '4081988', 'jvillamil'),
(202, 0, 0, 0, 0, 0, 0, 0, 0, 0, 0, '4123343', 'jvillamil'),
(203, 0, 0, 0, 0, 0, 0, 0, 0, 0, 0, '4164884', 'jvillamil'),
(204, 0, 0, 0, 0, 0, 0, 0, 0, 0, 0, '4188436', 'jvillamil'),
(205, 0, 0, 0, 0, 0, 0, 0, 0, 0, 0, '4192350', 'jvillamil'),
(206, 0, 0, 0, 0, 0, 0, 0, 0, 0, 0, '4211865', 'jvillamil'),
(207, 0, 0, 0, 0, 0, 0, 0, 0, 0, 0, '4248330', 'jvillamil'),
(208, 0, 0, 0, 0, 0, 0, 0, 0, 0, 0, '4248504', 'jvillamil'),
(209, 0, 0, 0, 0, 0, 0, 0, 0, 0, 0, '4250908', 'jvillamil'),
(210, 0, 0, 0, 0, 0, 0, 0, 0, 0, 0, '4252882', 'jvillamil'),
(211, 0, 0, 0, 0, 0, 0, 0, 0, 0, 0, '4266975', 'jvillamil'),
(212, 0, 0, 0, 0, 0, 0, 0, 0, 0, 0, '4267815', 'jvillamil'),
(213, 0, 0, 0, 0, 0, 0, 0, 0, 0, 0, '4291288', 'jvillamil'),
(214, 0, 0, 0, 0, 0, 0, 0, 0, 0, 0, '4291322', 'jvillamil'),
(215, 0, 0, 0, 0, 0, 0, 0, 0, 0, 0, '4291434', 'jvillamil'),
(216, 0, 0, 0, 0, 0, 0, 0, 0, 0, 0, '4293692', 'jvillamil'),
(217, 0, 0, 0, 0, 0, 0, 0, 0, 0, 0, '6744099', 'jvillamil'),
(218, 0, 0, 0, 0, 0, 0, 0, 0, 0, 0, '6751649', 'jvillamil'),
(219, 0, 0, 0, 0, 0, 0, 0, 0, 0, 0, '6760834', 'jvillamil'),
(220, 0, 0, 0, 0, 0, 0, 0, 0, 0, 0, '6764643', 'jvillamil'),
(221, 0, 0, 0, 0, 0, 0, 0, 0, 0, 0, '6775268', 'jvillamil'),
(222, 0, 0, 0, 0, 0, 0, 0, 0, 0, 0, '7120221', 'jvillamil'),
(223, 0, 0, 0, 0, 0, 0, 0, 0, 0, 0, '7124528', 'jvillamil'),
(224, 0, 0, 0, 0, 0, 0, 0, 0, 0, 0, '7128002', 'jvillamil'),
(225, 0, 0, 0, 0, 0, 0, 0, 0, 0, 0, '7161945', 'jvillamil'),
(226, 0, 0, 0, 0, 0, 0, 0, 0, 0, 0, '7162358', 'jvillamil'),
(227, 0, 0, 0, 0, 0, 0, 0, 0, 0, 0, '7169197', 'jvillamil'),
(228, 0, 0, 0, 0, 0, 0, 0, 0, 0, 0, '7170215', 'jvillamil'),
(229, 0, 0, 0, 0, 0, 0, 0, 0, 0, 0, '7172490', 'jvillamil'),
(230, 0, 0, 0, 0, 0, 0, 0, 0, 0, 0, '7172821', 'jvillamil'),
(231, 0, 0, 0, 0, 0, 0, 0, 0, 0, 0, '7172890', 'jvillamil'),
(232, 0, 0, 0, 0, 0, 0, 0, 0, 0, 0, '7176401', 'jvillamil'),
(233, 0, 0, 0, 0, 0, 0, 0, 0, 0, 0, '7181687', 'jvillamil'),
(234, 0, 0, 0, 0, 0, 0, 0, 0, 0, 0, '7182530', 'jvillamil'),
(235, 0, 0, 0, 0, 0, 0, 0, 0, 0, 0, '7185676', 'jvillamil'),
(236, 0, 0, 0, 0, 0, 0, 0, 0, 0, 0, '7307958', 'jvillamil'),
(237, 0, 0, 0, 0, 0, 0, 0, 0, 0, 0, '7313149', 'jvillamil'),
(238, 0, 0, 0, 0, 0, 0, 0, 0, 0, 0, '9320094', 'jvillamil'),
(239, 0, 0, 0, 0, 0, 0, 0, 0, 0, 0, '9535249', 'jvillamil'),
(240, 0, 0, 0, 0, 0, 0, 0, 0, 0, 0, '9535541', 'jvillamil'),
(241, 0, 0, 0, 0, 0, 0, 0, 0, 0, 0, '17174077', 'jvillamil'),
(242, 0, 0, 0, 0, 0, 0, 0, 0, 0, 0, '19412643', 'jvillamil'),
(243, 0, 0, 0, 0, 0, 0, 0, 0, 0, 0, '19499776', 'jvillamil'),
(244, 0, 0, 0, 0, 0, 0, 0, 0, 0, 0, '23284942', 'jvillamil'),
(245, 0, 0, 0, 0, 0, 0, 0, 0, 0, 0, '23315189', 'jvillamil'),
(246, 0, 0, 0, 0, 0, 0, 0, 0, 0, 0, '23322626', 'jvillamil'),
(247, 0, 0, 0, 0, 0, 0, 0, 0, 0, 0, '23360477', 'jvillamil'),
(248, 0, 0, 0, 0, 0, 0, 0, 0, 0, 0, '23474792', 'jvillamil'),
(249, 0, 0, 0, 0, 0, 0, 0, 0, 0, 0, '23501534', 'jvillamil'),
(250, 0, 0, 0, 0, 0, 0, 0, 0, 0, 0, '23583076', 'jvillamil'),
(251, 0, 0, 0, 0, 0, 0, 0, 0, 0, 0, '23682030', 'jvillamil'),
(252, 0, 0, 0, 0, 0, 0, 0, 0, 0, 0, '23770221', 'jvillamil'),
(253, 0, 0, 0, 0, 0, 0, 0, 0, 0, 0, '23857092', 'jvillamil'),
(254, 0, 0, 0, 0, 0, 0, 0, 0, 0, 0, '23857499', 'jvillamil'),
(255, 0, 0, 0, 0, 0, 0, 0, 0, 0, 0, '23924909', 'jvillamil'),
(256, 0, 0, 0, 0, 0, 0, 0, 0, 0, 0, '24070039', 'jvillamil'),
(257, 0, 0, 0, 0, 0, 0, 0, 0, 0, 0, '24187529', 'jvillamil'),
(258, 0, 0, 0, 0, 0, 0, 0, 0, 0, 0, '24202227', 'jvillamil'),
(259, 0, 0, 0, 0, 0, 0, 0, 0, 0, 0, '24211745', 'jvillamil'),
(260, 0, 0, 0, 0, 0, 0, 0, 0, 0, 0, '24212610', 'jvillamil'),
(261, 0, 0, 0, 0, 0, 0, 0, 0, 0, 0, '24219165', 'jvillamil'),
(262, 0, 0, 0, 0, 0, 0, 0, 0, 0, 0, '24219290', 'jvillamil'),
(263, 0, 0, 0, 0, 0, 0, 0, 0, 0, 0, '24219461', 'jvillamil'),
(264, 0, 0, 0, 0, 0, 0, 0, 0, 0, 0, '33367879', 'jvillamil'),
(265, 0, 0, 0, 0, 0, 0, 0, 0, 0, 0, '33655080', 'jvillamil'),
(266, 0, 0, 0, 0, 0, 0, 0, 0, 0, 0, '40014129', 'jvillamil'),
(267, 0, 0, 0, 0, 0, 0, 0, 0, 0, 0, '40019275', 'jvillamil'),
(268, 0, 0, 0, 0, 0, 0, 0, 0, 0, 0, '40024546', 'jvillamil'),
(269, 0, 0, 0, 0, 0, 0, 0, 0, 0, 0, '40026954', 'jvillamil'),
(270, 0, 0, 0, 0, 0, 0, 0, 0, 0, 0, '40028657', 'jvillamil'),
(271, 0, 0, 0, 0, 0, 0, 0, 0, 0, 0, '40029678', 'jvillamil'),
(272, 0, 0, 0, 0, 0, 0, 0, 0, 0, 0, '40037679', 'jvillamil'),
(273, 0, 0, 0, 0, 0, 0, 0, 0, 0, 0, '40038353', 'jvillamil'),
(274, 0, 0, 0, 0, 0, 0, 0, 0, 0, 0, '40041614', 'jvillamil'),
(275, 0, 0, 0, 0, 0, 0, 0, 0, 0, 0, '40042418', 'jvillamil'),
(276, 0, 0, 0, 0, 0, 0, 0, 0, 0, 0, '41676788', 'jvillamil'),
(277, 0, 0, 0, 0, 0, 0, 0, 0, 0, 0, '42911680', 'jvillamil'),
(278, 0, 0, 0, 0, 0, 0, 0, 0, 0, 0, '46368083', 'jvillamil'),
(279, 0, 0, 0, 0, 0, 0, 0, 0, 0, 0, '46381306', 'jvillamil'),
(280, 0, 0, 0, 0, 0, 0, 0, 0, 0, 0, '46454186', 'jvillamil'),
(281, 0, 0, 0, 0, 0, 0, 0, 0, 0, 0, '46457571', 'jvillamil'),
(282, 0, 0, 0, 0, 0, 0, 0, 0, 0, 0, '72325090', 'jvillamil'),
(283, 0, 0, 0, 0, 0, 0, 0, 0, 0, 0, '72326708', 'jvillamil'),
(284, 0, 0, 0, 0, 0, 0, 0, 0, 0, 0, '74326094', 'jvillamil'),
(285, 0, 0, 0, 0, 0, 0, 0, 0, 0, 0, '74333619', 'jvillamil'),
(286, 0, 0, 0, 0, 0, 0, 0, 0, 0, 0, '74334661', 'jvillamil'),
(287, 0, 0, 0, 0, 0, 0, 0, 0, 0, 0, '74357273', 'jvillamil'),
(288, 0, 0, 0, 0, 0, 0, 0, 0, 0, 0, '74362683', 'jvillamil'),
(289, 0, 0, 0, 0, 0, 0, 0, 0, 0, 0, '74364561', 'jvillamil'),
(290, 0, 0, 0, 0, 0, 0, 0, 0, 0, 0, '74378887', 'jvillamil'),
(291, 0, 0, 0, 0, 0, 0, 0, 0, 0, 0, '74439231', 'jvillamil'),
(292, 0, 0, 0, 0, 0, 0, 0, 0, 0, 0, '79451108', 'jvillamil'),
(293, 0, 0, 0, 0, 0, 0, 0, 0, 0, 0, '820003266', 'jvillamil'),
(294, 0, 0, 0, 0, 0, 0, 0, 0, 0, 0, '820004891', 'jvillamil'),
(295, 0, 0, 0, 0, 0, 0, 0, 0, 0, 0, '900034026', 'jvillamil'),
(296, 0, 0, 0, 0, 0, 0, 0, 0, 0, 0, '900144317', 'jvillamil'),
(297, 0, 0, 0, 0, 0, 0, 0, 0, 0, 0, '900161445', 'jvillamil'),
(298, 0, 0, 0, 0, 0, 0, 0, 0, 0, 0, '900201541', 'jvillamil'),
(299, 0, 0, 0, 0, 0, 0, 0, 0, 0, 0, '900306424', 'jvillamil'),
(300, 0, 0, 0, 0, 0, 0, 0, 0, 0, 0, '900369584', 'jvillamil'),
(301, 0, 0, 0, 0, 0, 0, 0, 0, 0, 0, '900385242', 'jvillamil'),
(302, 0, 0, 0, 0, 0, 0, 0, 0, 0, 0, '900405205', 'jvillamil'),
(303, 0, 0, 0, 0, 0, 0, 0, 0, 0, 0, '900407457', 'jvillamil'),
(304, 0, 0, 0, 0, 0, 0, 0, 0, 0, 0, '900414986', 'jvillamil'),
(305, 0, 0, 0, 0, 0, 0, 0, 0, 0, 0, '900432694', 'jvillamil'),
(306, 0, 0, 0, 0, 0, 0, 0, 0, 0, 0, '900440825', 'jvillamil'),
(307, 0, 0, 0, 0, 0, 0, 0, 0, 0, 0, '900571240', 'jvillamil'),
(308, 0, 0, 0, 0, 0, 0, 0, 0, 0, 0, '900749866', 'jvillamil'),
(309, 0, 0, 0, 0, 0, 0, 0, 0, 0, 0, '900775482', 'jvillamil'),
(310, 0, 0, 0, 0, 0, 0, 0, 0, 0, 0, '900803721', 'jvillamil'),
(311, 0, 0, 0, 0, 0, 0, 0, 0, 0, 0, '900926508', 'jvillamil'),
(312, 0, 0, 0, 0, 0, 0, 0, 0, 0, 0, '1049617702', 'jvillamil'),
(313, 0, 0, 0, 0, 0, 0, 0, 0, 0, 0, '1049631078', 'jvillamil'),
(314, 0, 0, 0, 0, 0, 0, 0, 0, 0, 0, '1049642512', 'jvillamil'),
(315, 0, 0, 0, 0, 0, 0, 0, 0, 0, 0, '1051240521', 'jvillamil'),
(316, 0, 0, 0, 0, 0, 0, 0, 0, 0, 0, '1051475761', 'jvillamil'),
(317, 0, 0, 0, 0, 0, 0, 0, 0, 0, 0, '1052312192', 'jvillamil'),
(318, 0, 0, 0, 0, 0, 0, 0, 0, 0, 0, '1054372977', 'jvillamil'),
(319, 0, 0, 0, 0, 0, 0, 0, 0, 0, 0, '1055670021', 'jvillamil'),
(320, 0, 0, 0, 0, 0, 0, 0, 0, 0, 0, '1055670192', 'jvillamil'),
(321, 0, 0, 0, 0, 0, 0, 0, 0, 0, 0, '1056074372', 'jvillamil'),
(322, 0, 0, 0, 0, 0, 0, 0, 0, 0, 0, '1056482062', 'jvillamil'),
(323, 0, 0, 0, 0, 0, 0, 0, 0, 0, 0, '1056954289', 'jvillamil'),
(324, 0, 0, 0, 0, 0, 0, 0, 0, 0, 0, '1056954866', 'jvillamil'),
(325, 0, 0, 0, 0, 0, 0, 0, 0, 0, 0, '1057185738', 'jvillamil'),
(326, 0, 0, 0, 0, 0, 0, 0, 0, 0, 0, '1057214047', 'jvillamil'),
(327, 0, 0, 0, 0, 0, 0, 0, 0, 0, 0, '34545468', 'dchavez'),
(328, 0, 0, 0, 0, 0, 0, 0, 0, 0, 0, '800166277', 'eyepez'),
(329, 1, 1, 1, 1, 4, 1, 1, 1, 1, 4, '203206', 'gmarentes'),
(330, 1, 1, 1, 1, 4, 1, 1, 1, 1, 4, '217721', 'rvelasquez'),
(331, 0, 0, 0, 0, 0, 0, 0, 0, 0, 0, '412379', 'rvelasquez'),
(332, 5, 5, 5, 5, 20, 1, 1, 1, 1, 4, '1933650', 'rvelasquez'),
(333, 1, 1, 1, 1, 4, 4, 4, 4, 4, 16, '2984847', 'rvelasquez'),
(334, 0, 0, 0, 0, 0, 0, 0, 0, 0, 0, '3003158', 'gmarentes'),
(335, 0, 0, 0, 0, 0, 0, 0, 0, 0, 0, '3022802', 'gmarentes'),
(336, 0, 0, 0, 0, 0, 0, 0, 0, 0, 0, '3091263', 'rvelasquez'),
(337, 0, 0, 0, 0, 0, 0, 0, 0, 0, 0, '3100345', 'rvelasquez'),
(338, 0, 0, 0, 0, 0, 0, 0, 0, 0, 0, '3100576', 'rvelasquez'),
(339, 0, 0, 0, 0, 0, 0, 0, 0, 0, 0, '3110903', 'gmarentes'),
(340, 0, 0, 0, 0, 0, 0, 0, 0, 0, 0, '3151916', 'gmarentes'),
(341, 0, 0, 0, 0, 0, 0, 0, 0, 0, 0, '3151999', 'gmarentes'),
(342, 3, 2, 5, 4, 14, 1, 5, 3, 2, 11, '3165733', 'rvelasquez'),
(343, 0, 0, 0, 0, 0, 0, 0, 0, 0, 0, '3169205', 'rvelasquez'),
(344, 0, 0, 0, 0, 0, 0, 0, 0, 0, 0, '3169700', 'rvelasquez'),
(345, 0, 0, 0, 0, 0, 0, 0, 0, 0, 0, '3195434', 'rvelasquez'),
(346, 0, 0, 0, 0, 0, 0, 0, 0, 0, 0, '3220712', 'gmarentes'),
(347, 0, 0, 0, 0, 0, 0, 0, 0, 0, 0, '3240770', 'rvelasquez'),
(348, 0, 0, 0, 0, 0, 0, 0, 0, 0, 0, '3242238', 'rvelasquez'),
(349, 0, 0, 0, 0, 0, 0, 0, 0, 0, 0, '3242673', 'rvelasquez'),
(350, 0, 0, 0, 0, 0, 0, 0, 0, 0, 0, '3242934', 'rvelasquez'),
(351, 0, 0, 0, 0, 0, 0, 0, 0, 0, 0, '3262542', 'rvelasquez'),
(352, 0, 0, 0, 0, 0, 0, 0, 0, 0, 0, '4215889', 'rvelasquez'),
(353, 0, 0, 0, 0, 0, 0, 0, 0, 0, 0, '4248581', 'rvelasquez'),
(354, 0, 0, 0, 0, 0, 0, 0, 0, 0, 0, '5767701', 'gmarentes'),
(355, 0, 0, 0, 0, 0, 0, 0, 0, 0, 0, '6017727', 'rvelasquez'),
(356, 0, 0, 0, 0, 0, 0, 0, 0, 0, 0, '6763130', 'rvelasquez'),
(357, 0, 0, 0, 0, 0, 0, 0, 0, 0, 0, '10295450', 'rvelasquez'),
(358, 0, 0, 0, 0, 0, 0, 0, 0, 0, 0, '11255509', 'rvelasquez'),
(359, 0, 0, 0, 0, 0, 0, 0, 0, 0, 0, '11333168', 'rvelasquez'),
(360, 0, 0, 0, 0, 0, 0, 0, 0, 0, 0, '11383908', 'gmarentes'),
(361, 0, 0, 0, 0, 0, 0, 0, 0, 0, 0, '11385530', 'gmarentes'),
(362, 0, 0, 0, 0, 0, 0, 0, 0, 0, 0, '11405203', 'gmarentes'),
(363, 0, 0, 0, 0, 0, 0, 0, 0, 0, 0, '11406708', 'gmarentes'),
(364, 0, 0, 0, 0, 0, 0, 0, 0, 0, 0, '11409358', 'gmarentes'),
(365, 0, 0, 0, 0, 0, 0, 0, 0, 0, 0, '11431130', 'rvelasquez'),
(366, 0, 0, 0, 0, 0, 0, 0, 0, 0, 0, '11448163', 'rvelasquez'),
(367, 0, 0, 0, 0, 0, 0, 0, 0, 0, 0, '11510798', 'rvelasquez'),
(368, 2, 4, 4, 2, 12, 3, 1, 4, 5, 13, '11518196', 'rvelasquez'),
(369, 0, 0, 0, 0, 0, 0, 0, 0, 0, 0, '16608198', 'wcruz'),
(370, 0, 0, 0, 0, 0, 0, 0, 0, 0, 0, '19056254', 'gmarentes'),
(371, 0, 0, 0, 0, 0, 0, 0, 0, 0, 0, '19189213', 'gmarentes'),
(372, 0, 0, 0, 0, 0, 0, 0, 0, 0, 0, '19491115', 'rvelasquez'),
(373, 0, 0, 0, 0, 0, 0, 0, 0, 0, 0, '20368813', 'gmarentes'),
(374, 0, 0, 0, 0, 0, 0, 0, 0, 0, 0, '20484925', 'gmarentes'),
(375, 0, 0, 0, 0, 0, 0, 0, 0, 0, 0, '20546138', 'gmarentes'),
(376, 0, 0, 0, 0, 0, 0, 0, 0, 0, 0, '20564505', 'gmarentes'),
(377, 0, 0, 0, 0, 0, 0, 0, 0, 0, 0, '20564950', 'gmarentes'),
(378, 0, 0, 0, 0, 0, 0, 0, 0, 0, 0, '20646076', 'rvelasquez'),
(379, 0, 0, 0, 0, 0, 0, 0, 0, 0, 0, '20753345', 'gmarentes'),
(380, 0, 0, 0, 0, 0, 0, 0, 0, 0, 0, '20885500', 'gmarentes'),
(381, 0, 0, 0, 0, 0, 0, 0, 0, 0, 0, '20887025', 'gmarentes'),
(382, 0, 0, 0, 0, 0, 0, 0, 0, 0, 0, '21061587', 'gmarentes'),
(383, 0, 0, 0, 0, 0, 0, 0, 0, 0, 0, '21074199', 'gmarentes'),
(384, 0, 0, 0, 0, 0, 0, 0, 0, 0, 0, '21103422', 'rvelasquez'),
(385, 0, 0, 0, 0, 0, 0, 0, 0, 0, 0, '21103504', 'rvelasquez'),
(386, 0, 0, 0, 0, 0, 0, 0, 0, 0, 0, '28788394', 'gmarentes'),
(387, 0, 0, 0, 0, 0, 0, 0, 0, 0, 0, '32209356', 'gmarentes'),
(388, 0, 0, 0, 0, 0, 0, 0, 0, 0, 0, '35375316', 'gmarentes'),
(389, 0, 0, 0, 0, 0, 0, 0, 0, 0, 0, '35513900', 'gmarentes'),
(390, 0, 0, 0, 0, 0, 0, 0, 0, 0, 0, '38246039', 'rvelasquez'),
(391, 0, 0, 0, 0, 0, 0, 0, 0, 0, 0, '39611509', 'gmarentes'),
(392, 0, 0, 0, 0, 0, 0, 0, 0, 0, 0, '39622668', 'rvelasquez'),
(393, 0, 0, 0, 0, 0, 0, 0, 0, 0, 0, '40412434', 'gmarentes'),
(394, 0, 0, 0, 0, 0, 0, 0, 0, 0, 0, '40764082', 'gmarentes'),
(395, 0, 0, 0, 0, 0, 0, 0, 0, 0, 0, '41389125', 'gmarentes'),
(396, 0, 0, 0, 0, 0, 0, 0, 0, 0, 0, '41578295', 'rvelasquez'),
(397, 0, 0, 0, 0, 0, 0, 0, 0, 0, 0, '41955417', 'gmarentes'),
(398, 0, 0, 0, 0, 0, 0, 0, 0, 0, 0, '51889263', 'rvelasquez'),
(399, 0, 0, 0, 0, 0, 0, 0, 0, 0, 0, '52087264', 'gmarentes'),
(400, 0, 0, 0, 0, 0, 0, 0, 0, 0, 0, '52888194', 'gmarentes'),
(401, 0, 0, 0, 0, 0, 0, 0, 0, 0, 0, '60346986', 'gmarentes'),
(402, 0, 0, 0, 0, 0, 0, 0, 0, 0, 0, '74364229', 'gmarentes'),
(403, 0, 0, 0, 0, 0, 0, 0, 0, 0, 0, '79136418', 'rvelasquez'),
(404, 0, 0, 0, 0, 0, 0, 0, 0, 0, 0, '79184573', 'gmarentes'),
(405, 0, 0, 0, 0, 0, 0, 0, 0, 0, 0, '79319507', 'rvelasquez'),
(406, 0, 0, 0, 0, 0, 0, 0, 0, 0, 0, '79654721', 'gmarentes'),
(407, 0, 0, 0, 0, 0, 0, 0, 0, 0, 0, '79664387', 'gmarentes'),
(408, 0, 0, 0, 0, 0, 0, 0, 0, 0, 0, '79739521', 'gmarentes'),
(409, 0, 0, 0, 0, 0, 0, 0, 0, 0, 0, '79814159', 'gmarentes'),
(410, 0, 0, 0, 0, 0, 0, 0, 0, 0, 0, '79905889', 'rvelasquez'),
(411, 0, 0, 0, 0, 0, 0, 0, 0, 0, 0, '79959195', 'gmarentes'),
(412, 0, 0, 0, 0, 0, 0, 0, 0, 0, 0, '80063350', 'gmarentes'),
(413, 0, 0, 0, 0, 0, 0, 0, 0, 0, 0, '80108138', 'gmarentes'),
(414, 0, 0, 0, 0, 0, 0, 0, 0, 0, 0, '80311250', 'rvelasquez'),
(415, 0, 0, 0, 0, 0, 0, 0, 0, 0, 0, '80353254', 'rvelasquez'),
(416, 0, 0, 0, 0, 0, 0, 0, 0, 0, 0, '80380666', 'rvelasquez'),
(417, 0, 0, 0, 0, 0, 0, 0, 0, 0, 0, '80391480', 'gmarentes'),
(418, 0, 0, 0, 0, 0, 0, 0, 0, 0, 0, '80393166', 'rvelasquez'),
(419, 0, 0, 0, 0, 0, 0, 0, 0, 0, 0, '80393267', 'rvelasquez'),
(420, 0, 0, 0, 0, 0, 0, 0, 0, 0, 0, '80393638', 'rvelasquez'),
(421, 0, 0, 0, 0, 0, 0, 0, 0, 0, 0, '80398002', 'rvelasquez'),
(422, 0, 0, 0, 0, 0, 0, 0, 0, 0, 0, '80450058', 'gmarentes'),
(423, 0, 0, 0, 0, 0, 0, 0, 0, 0, 0, '80450108', 'gmarentes'),
(424, 0, 0, 0, 0, 0, 0, 0, 0, 0, 0, '80450140', 'gmarentes'),
(425, 0, 0, 0, 0, 0, 0, 0, 0, 0, 0, '80450272', 'gmarentes'),
(426, 0, 0, 0, 0, 0, 0, 0, 0, 0, 0, '80466062', 'rvelasquez'),
(427, 0, 0, 0, 0, 0, 0, 0, 0, 0, 0, '80466710', 'rvelasquez'),
(428, 0, 0, 0, 0, 0, 0, 0, 0, 0, 0, '80467457', 'rvelasquez'),
(429, 0, 0, 0, 0, 0, 0, 0, 0, 0, 0, '80468489', 'rvelasquez'),
(430, 0, 0, 0, 0, 0, 0, 0, 0, 0, 0, '80525942', 'gmarentes'),
(431, 0, 0, 0, 0, 0, 0, 0, 0, 0, 0, '80537752', 'rvelasquez'),
(432, 0, 0, 0, 0, 0, 0, 0, 0, 0, 0, '80537840', 'rvelasquez'),
(433, 0, 0, 0, 0, 0, 0, 0, 0, 0, 0, '80664178', 'rvelasquez'),
(434, 0, 0, 0, 0, 0, 0, 0, 0, 0, 0, '80725697', 'rvelasquez'),
(435, 0, 0, 0, 0, 0, 0, 0, 0, 0, 0, '82390977', 'gmarentes'),
(436, 0, 0, 0, 0, 0, 0, 0, 0, 0, 0, '82392101', 'gmarentes'),
(437, 0, 0, 0, 0, 0, 0, 0, 0, 0, 0, '87571347', 'rvelasquez'),
(438, 0, 0, 0, 0, 0, 0, 0, 0, 0, 0, '91218371', 'gmarentes'),
(439, 0, 0, 0, 0, 0, 0, 0, 0, 0, 0, '93349815', 'rvelasquez'),
(440, 0, 0, 0, 0, 0, 0, 0, 0, 0, 0, '93366147', 'rvelasquez'),
(441, 0, 0, 0, 0, 0, 0, 0, 0, 0, 0, '518018972', 'gmarentes'),
(442, 0, 0, 0, 0, 0, 0, 0, 0, 0, 0, '800159028', 'rvelasquez'),
(443, 0, 0, 0, 0, 0, 0, 0, 0, 0, 0, '800223743', 'gmarentes'),
(444, 0, 0, 0, 0, 0, 0, 0, 0, 0, 0, '800225340', 'rvelasquez'),
(445, 0, 0, 0, 0, 0, 0, 0, 0, 0, 0, '800239996', 'rvelasquez'),
(446, 0, 0, 0, 0, 0, 0, 0, 0, 0, 0, '803402500', 'gmarentes'),
(447, 0, 0, 0, 0, 0, 0, 0, 0, 0, 0, '804678740', 'rvelasquez'),
(448, 0, 0, 0, 0, 0, 0, 0, 0, 0, 0, '808001639', 'rvelasquez'),
(449, 0, 0, 0, 0, 0, 0, 0, 0, 0, 0, '808003068', 'gmarentes'),
(450, 0, 0, 0, 0, 0, 0, 0, 0, 0, 0, '808003435', 'gmarentes'),
(451, 0, 0, 0, 0, 0, 0, 0, 0, 0, 0, '830060622', 'rvelasquez'),
(452, 0, 0, 0, 0, 0, 0, 0, 0, 0, 0, '830119428', 'gmarentes'),
(453, 0, 0, 0, 0, 0, 0, 0, 0, 0, 0, '830123012', 'gmarentes'),
(454, 0, 0, 0, 0, 0, 0, 0, 0, 0, 0, '830506344', 'gmarentes'),
(455, 0, 0, 0, 0, 0, 0, 0, 0, 0, 0, '832002204', 'rvelasquez'),
(456, 0, 0, 0, 0, 0, 0, 0, 0, 0, 0, '832004593', 'gmarentes'),
(457, 0, 0, 0, 0, 0, 0, 0, 0, 0, 0, '832006674', 'rvelasquez'),
(458, 0, 0, 0, 0, 0, 0, 0, 0, 0, 0, '832007489', 'rvelasquez'),
(459, 0, 0, 0, 0, 0, 0, 0, 0, 0, 0, '832008547', 'rvelasquez'),
(460, 0, 0, 0, 0, 0, 0, 0, 0, 0, 0, '832009053', 'rvelasquez'),
(461, 0, 0, 0, 0, 0, 0, 0, 0, 0, 0, '832009355', 'rvelasquez'),
(462, 0, 0, 0, 0, 0, 0, 0, 0, 0, 0, '840001061', 'gmarentes'),
(463, 0, 0, 0, 0, 0, 0, 0, 0, 0, 0, '860046341', 'rvelasquez'),
(464, 0, 0, 0, 0, 0, 0, 0, 0, 0, 0, '860522063', 'gmarentes'),
(465, 0, 0, 0, 0, 0, 0, 0, 0, 0, 0, '900034616', 'ncardona'),
(466, 0, 0, 0, 0, 0, 0, 0, 0, 0, 0, '900036777', 'rvelasquez'),
(467, 0, 0, 0, 0, 0, 0, 0, 0, 0, 0, '900057744', 'rvelasquez'),
(468, 0, 0, 0, 0, 0, 0, 0, 0, 0, 0, '900075256', 'rvelasquez'),
(469, 0, 0, 0, 0, 0, 0, 0, 0, 0, 0, '900084568', 'rvelasquez'),
(470, 0, 0, 0, 0, 0, 0, 0, 0, 0, 0, '900123883', 'gmarentes'),
(471, 0, 0, 0, 0, 0, 0, 0, 0, 0, 0, '900130013', 'gmarentes'),
(472, 0, 0, 0, 0, 0, 0, 0, 0, 0, 0, '900260528', 'rvelasquez'),
(473, 0, 0, 0, 0, 0, 0, 0, 0, 0, 0, '900294698', 'gmarentes'),
(474, 0, 0, 0, 0, 0, 0, 0, 0, 0, 0, '900319437', 'rvelasquez'),
(475, 0, 0, 0, 0, 0, 0, 0, 0, 0, 0, '900342127', 'gmarentes'),
(476, 0, 0, 0, 0, 0, 0, 0, 0, 0, 0, '900385322', 'rvelasquez'),
(477, 0, 0, 0, 0, 0, 0, 0, 0, 0, 0, '900407253', 'gmarentes'),
(478, 0, 0, 0, 0, 0, 0, 0, 0, 0, 0, '900408676', 'rvelasquez'),
(479, 0, 0, 0, 0, 0, 0, 0, 0, 0, 0, '900408946', 'rvelasquez'),
(480, 0, 0, 0, 0, 0, 0, 0, 0, 0, 0, '900429519', 'rvelasquez'),
(481, 0, 0, 0, 0, 0, 0, 0, 0, 0, 0, '900433952', 'gmarentes'),
(482, 0, 0, 0, 0, 0, 0, 0, 0, 0, 0, '900471182', 'gmarentes'),
(483, 0, 0, 0, 0, 0, 0, 0, 0, 0, 0, '900475031', 'gmarentes'),
(484, 0, 0, 0, 0, 0, 0, 0, 0, 0, 0, '900477132', 'rvelasquez'),
(485, 0, 0, 0, 0, 0, 0, 0, 0, 0, 0, '900482836', 'gmarentes'),
(486, 0, 0, 0, 0, 0, 0, 0, 0, 0, 0, '900486564', 'gmarentes'),
(487, 0, 0, 0, 0, 0, 0, 0, 0, 0, 0, '900500932', 'gmarentes'),
(488, 0, 0, 0, 0, 0, 0, 0, 0, 0, 0, '900527565', 'rvelasquez'),
(489, 0, 0, 0, 0, 0, 0, 0, 0, 0, 0, '900539182', 'dperdomo'),
(490, 0, 0, 0, 0, 0, 0, 0, 0, 0, 0, '900556152', 'gmarentes'),
(491, 0, 0, 0, 0, 0, 0, 0, 0, 0, 0, '900599976', 'rvelasquez'),
(492, 0, 0, 0, 0, 0, 0, 0, 0, 0, 0, '900611017', 'gmarentes'),
(493, 0, 0, 0, 0, 0, 0, 0, 0, 0, 0, '900613466', 'gmarentes'),
(494, 0, 0, 0, 0, 0, 0, 0, 0, 0, 0, '900617159', 'rvelasquez'),
(495, 0, 0, 0, 0, 0, 0, 0, 0, 0, 0, '900676919', 'rvelasquez'),
(496, 0, 0, 0, 0, 0, 0, 0, 0, 0, 0, '900704967', 'rvelasquez'),
(497, 0, 0, 0, 0, 0, 0, 0, 0, 0, 0, '900705480', 'rvelasquez'),
(498, 0, 0, 0, 0, 0, 0, 0, 0, 0, 0, '900714708', 'rvelasquez'),
(499, 0, 0, 0, 0, 0, 0, 0, 0, 0, 0, '900769104', 'rvelasquez'),
(500, 0, 0, 0, 0, 0, 0, 0, 0, 0, 0, '900820066', 'gmarentes'),
(501, 0, 0, 0, 0, 0, 0, 0, 0, 0, 0, '900847995', 'gmarentes'),
(502, 0, 0, 0, 0, 0, 0, 0, 0, 0, 0, '900889093', 'rvelasquez'),
(503, 0, 0, 0, 0, 0, 0, 0, 0, 0, 0, '900983749', 'rvelasquez'),
(504, 0, 0, 0, 0, 0, 0, 0, 0, 0, 0, '1020735555', 'rvelasquez'),
(505, 0, 0, 0, 0, 0, 0, 0, 0, 0, 0, '1022954189', 'rvelasquez'),
(506, 0, 0, 0, 0, 0, 0, 0, 0, 0, 0, '1049618272', 'rvelasquez'),
(507, 0, 0, 0, 0, 0, 0, 0, 0, 0, 0, '1077145788', 'rvelasquez'),
(508, 0, 0, 0, 0, 0, 0, 0, 0, 0, 0, '1097394083', 'gmarentes'),
(509, 0, 0, 0, 0, 0, 0, 0, 0, 0, 0, '1033775400', 'gmarentes'),
(510, 0, 0, 0, 0, 0, 0, 0, 0, 0, 0, '1074132184', 'gmarentes'),
(511, 0, 0, 0, 0, 0, 0, 0, 0, 0, 0, '4336947', 'dcardona'),
(512, 0, 0, 0, 0, 0, 0, 0, 0, 0, 0, '4340961', 'jvalencia'),
(513, 0, 0, 0, 0, 0, 0, 0, 0, 0, 0, '4453873', 'jvalencia'),
(514, 0, 0, 0, 0, 0, 0, 0, 0, 0, 0, '4473819', 'jvalencia'),
(515, 0, 0, 0, 0, 0, 0, 0, 0, 0, 0, '4611807', 'wcruz'),
(516, 0, 0, 0, 0, 0, 0, 0, 0, 0, 0, '6247572', 'wcruz'),
(517, 0, 0, 0, 0, 0, 0, 0, 0, 0, 0, '6247862', 'wcruz'),
(518, 0, 0, 0, 0, 0, 0, 0, 0, 0, 0, '6248662', 'wcruz'),
(519, 0, 0, 0, 0, 0, 0, 0, 0, 0, 0, '6268622', 'wcruz'),
(520, 0, 0, 0, 0, 0, 0, 0, 0, 0, 0, '6316241', 'wcruz'),
(521, 0, 0, 0, 0, 0, 0, 0, 0, 0, 0, '6318177', 'wcruz'),
(522, 0, 0, 0, 0, 0, 0, 0, 0, 0, 0, '6342159', 'wcruz'),
(523, 0, 0, 0, 0, 0, 0, 0, 0, 0, 0, '6423266', 'wcruz'),
(524, 0, 0, 0, 0, 0, 0, 0, 0, 0, 0, '6423282', 'wcruz'),
(525, 0, 0, 0, 0, 0, 0, 0, 0, 0, 0, '6436394', 'anunez'),
(526, 0, 0, 0, 0, 0, 0, 0, 0, 0, 0, '6497180', 'wcruz'),
(527, 0, 0, 0, 0, 0, 0, 0, 0, 0, 0, '7508676', 'ncardona'),
(528, 0, 0, 0, 0, 0, 0, 0, 0, 0, 0, '7520758', 'ncardona'),
(529, 0, 0, 0, 0, 0, 0, 0, 0, 0, 0, '7521032', 'ncardona'),
(530, 0, 0, 0, 0, 0, 0, 0, 0, 0, 0, '7563577', 'ncardona'),
(531, 0, 0, 0, 0, 0, 0, 0, 0, 0, 0, '9807051', 'wcruz'),
(532, 0, 0, 0, 0, 0, 0, 0, 0, 0, 0, '9817403', 'dcardona'),
(533, 0, 0, 0, 0, 0, 0, 0, 0, 0, 0, '9957626', 'dcardona'),
(534, 0, 0, 0, 0, 0, 0, 0, 0, 0, 0, '10129789', 'dcardona'),
(535, 0, 0, 0, 0, 0, 0, 0, 0, 0, 0, '10212134', 'jvalencia'),
(536, 0, 0, 0, 0, 0, 0, 0, 0, 0, 0, '10238804', 'jvalencia'),
(537, 0, 0, 0, 0, 0, 0, 0, 0, 0, 0, '10273627', 'jvalencia'),
(538, 0, 0, 0, 0, 0, 0, 0, 0, 0, 0, '10277745', 'jvalencia'),
(539, 0, 0, 0, 0, 0, 0, 0, 0, 0, 0, '10280310', 'jvalencia'),
(540, 0, 0, 0, 0, 0, 0, 0, 0, 0, 0, '14884881', 'wcruz'),
(541, 0, 0, 0, 0, 0, 0, 0, 0, 0, 0, '14893001', 'wcruz'),
(542, 0, 0, 0, 0, 0, 0, 0, 0, 0, 0, '15906888', 'jvalencia'),
(543, 0, 0, 0, 0, 0, 0, 0, 0, 0, 0, '16203858', 'anunez'),
(544, 0, 0, 0, 0, 0, 0, 0, 0, 0, 0, '16245888', 'wcruz'),
(545, 0, 0, 0, 0, 0, 0, 0, 0, 0, 0, '16356127', 'dcardona'),
(546, 0, 0, 0, 0, 0, 0, 0, 0, 0, 0, '16366170', 'wcruz'),
(547, 0, 0, 0, 0, 0, 0, 0, 0, 0, 0, '16489789', 'wcruz'),
(548, 0, 0, 0, 0, 0, 0, 0, 0, 0, 0, '16548947', 'anunez'),
(549, 0, 0, 0, 0, 0, 0, 0, 0, 0, 0, '16798404', 'jvalencia'),
(550, 0, 0, 0, 0, 0, 0, 0, 0, 0, 0, '16894373', 'wcruz'),
(551, 0, 0, 0, 0, 0, 0, 0, 0, 0, 0, '18392425', 'ncardona'),
(552, 0, 0, 0, 0, 0, 0, 0, 0, 0, 0, '18500116', 'dcardona'),
(553, 0, 0, 0, 0, 0, 0, 0, 0, 0, 0, '19247303', 'ncardona'),
(554, 0, 0, 0, 0, 0, 0, 0, 0, 0, 0, '24276253', 'jvalencia'),
(555, 0, 0, 0, 0, 0, 0, 0, 0, 0, 0, '24310499', 'jvalencia'),
(556, 0, 0, 0, 0, 0, 0, 0, 0, 0, 0, '24319076', 'jvalencia'),
(557, 0, 0, 0, 0, 0, 0, 0, 0, 0, 0, '24364504', 'jvalencia'),
(558, 0, 0, 0, 0, 0, 0, 0, 0, 0, 0, '24370790', 'jvalencia'),
(559, 0, 0, 0, 0, 0, 0, 0, 0, 0, 0, '24395736', 'jvalencia'),
(560, 0, 0, 0, 0, 0, 0, 0, 0, 0, 0, '24547660', 'dcardona'),
(561, 0, 0, 0, 0, 0, 0, 0, 0, 0, 0, '24683880', 'dcardona'),
(562, 0, 0, 0, 0, 0, 0, 0, 0, 0, 0, '24763747', 'dcardona'),
(563, 0, 0, 0, 0, 0, 0, 0, 0, 0, 0, '25016809', 'ncardona'),
(564, 0, 0, 0, 0, 0, 0, 0, 0, 0, 0, '25096646', 'jvalencia'),
(565, 0, 0, 0, 0, 0, 0, 0, 0, 0, 0, '25160213', 'dcardona'),
(566, 0, 0, 0, 0, 0, 0, 0, 0, 0, 0, '29135323', 'dcardona'),
(567, 0, 0, 0, 0, 0, 0, 0, 0, 0, 0, '29665896', 'wcruz'),
(568, 0, 0, 0, 0, 0, 0, 0, 0, 0, 0, '29739519', 'wcruz'),
(569, 0, 0, 0, 0, 0, 0, 0, 0, 0, 0, '30273370', 'jvalencia'),
(570, 0, 0, 0, 0, 0, 0, 0, 0, 0, 0, '30325770', 'jvalencia'),
(571, 0, 0, 0, 0, 0, 0, 0, 0, 0, 0, '38892117', 'anunez'),
(572, 0, 0, 0, 0, 0, 0, 0, 0, 0, 0, '38893609', 'anunez'),
(573, 0, 0, 0, 0, 0, 0, 0, 0, 0, 0, '41579043', 'wcruz'),
(574, 0, 0, 0, 0, 0, 0, 0, 0, 0, 0, '41890814', 'ncardona'),
(575, 0, 0, 0, 0, 0, 0, 0, 0, 0, 0, '42091267', 'dcardona'),
(576, 0, 0, 0, 0, 0, 0, 0, 0, 0, 0, '51592128', 'anunez'),
(577, 0, 0, 0, 0, 0, 0, 0, 0, 0, 0, '66857054', 'wcruz'),
(578, 0, 0, 0, 0, 0, 0, 0, 0, 0, 0, '66887792', 'wcruz'),
(579, 0, 0, 0, 0, 0, 0, 0, 0, 0, 0, '75065538', 'dcardona'),
(580, 0, 0, 0, 0, 0, 0, 0, 0, 0, 0, '75066375', 'jvalencia'),
(581, 0, 0, 0, 0, 0, 0, 0, 0, 0, 0, '75072439', 'jvalencia'),
(582, 0, 0, 0, 0, 0, 0, 0, 0, 0, 0, '75073570', 'jvalencia'),
(583, 0, 0, 0, 0, 0, 0, 0, 0, 0, 0, '75085027', 'anunez'),
(584, 0, 0, 0, 0, 0, 0, 0, 0, 0, 0, '75142855', 'jvalencia'),
(585, 0, 0, 0, 0, 0, 0, 0, 0, 0, 0, '76313433', 'wcruz'),
(586, 0, 0, 0, 0, 0, 0, 0, 0, 0, 0, '80380394', 'ncardona'),
(587, 0, 0, 0, 0, 0, 0, 0, 0, 0, 0, '94193035', 'anunez'),
(588, 0, 0, 0, 0, 0, 0, 0, 0, 0, 0, '94273705', 'anunez'),
(589, 0, 0, 0, 0, 0, 0, 0, 0, 0, 0, '94407443', 'anunez'),
(590, 0, 0, 0, 0, 0, 0, 0, 0, 0, 0, '94419747', 'wcruz'),
(591, 0, 0, 0, 0, 0, 0, 0, 0, 0, 0, '94471448', 'wcruz'),
(592, 0, 0, 0, 0, 0, 0, 0, 0, 0, 0, '98334454', 'wcruz'),
(593, 0, 0, 0, 0, 0, 0, 0, 0, 0, 0, '102645150', 'jvalencia'),
(594, 0, 0, 0, 0, 0, 0, 0, 0, 0, 0, '800019837', 'jvalencia'),
(595, 0, 0, 0, 0, 0, 0, 0, 0, 0, 0, '800047367', 'jvalencia'),
(596, 0, 0, 0, 0, 0, 0, 0, 0, 0, 0, '800096422', 'dcardona'),
(597, 0, 0, 0, 0, 0, 0, 0, 0, 0, 0, '800193348', 'wcruz'),
(598, 0, 0, 0, 0, 0, 0, 0, 0, 0, 0, '800210882', 'dcardona'),
(599, 0, 0, 0, 0, 0, 0, 0, 0, 0, 0, '805019457', 'anunez'),
(600, 0, 0, 0, 0, 0, 0, 0, 0, 0, 0, '805020771', 'wcruz'),
(601, 0, 0, 0, 0, 0, 0, 0, 0, 0, 0, '810002407', 'jvalencia'),
(602, 0, 0, 0, 0, 0, 0, 0, 0, 0, 0, '810002448', 'jvalencia'),
(603, 0, 0, 0, 0, 0, 0, 0, 0, 0, 0, '810004072', 'jvalencia'),
(604, 0, 0, 0, 0, 0, 0, 0, 0, 0, 0, '810004405', 'jvalencia'),
(605, 0, 0, 0, 0, 0, 0, 0, 0, 0, 0, '810005565', 'jvalencia'),
(606, 0, 0, 0, 0, 0, 0, 0, 0, 0, 0, '810006056', 'jvalencia'),
(607, 0, 0, 0, 0, 0, 0, 0, 0, 0, 0, '815001258', 'wcruz'),
(608, 0, 0, 0, 0, 0, 0, 0, 0, 0, 0, '815002075', 'jvalencia'),
(609, 0, 0, 0, 0, 0, 0, 0, 0, 0, 0, '815003648', 'wcruz'),
(610, 0, 0, 0, 0, 0, 0, 0, 0, 0, 0, '816004287', 'dcardona'),
(611, 0, 0, 0, 0, 0, 0, 0, 0, 0, 0, '816006092', 'dcardona'),
(612, 0, 0, 0, 0, 0, 0, 0, 0, 0, 0, '816006464', 'dcardona'),
(613, 0, 0, 0, 0, 0, 0, 0, 0, 0, 0, '817007055', 'anunez'),
(614, 0, 0, 0, 0, 0, 0, 0, 0, 0, 0, '830515183', 'anunez'),
(615, 0, 0, 0, 0, 0, 0, 0, 0, 0, 0, '836000548', 'anunez'),
(616, 0, 0, 0, 0, 0, 0, 0, 0, 0, 0, '860007538', 'jvalencia'),
(617, 0, 0, 0, 0, 0, 0, 0, 0, 0, 0, '890305174', 'wcruz'),
(618, 0, 0, 0, 0, 0, 0, 0, 0, 0, 0, '890306231', 'wcruz'),
(619, 0, 0, 0, 0, 0, 0, 0, 0, 0, 0, '890319806', 'wcruz'),
(620, 0, 0, 0, 0, 0, 0, 0, 0, 0, 0, '890803981', 'jvalencia'),
(621, 0, 0, 0, 0, 0, 0, 0, 0, 0, 0, '890805963', 'jvalencia'),
(622, 0, 0, 0, 0, 0, 0, 0, 0, 0, 0, '890806048', 'jvalencia'),
(623, 0, 0, 0, 0, 0, 0, 0, 0, 0, 0, '891400088', 'dcardona'),
(624, 0, 0, 0, 0, 0, 0, 0, 0, 0, 0, '891401093', 'dcardona'),
(625, 0, 0, 0, 0, 0, 0, 0, 0, 0, 0, '891900236', 'wcruz'),
(626, 0, 0, 0, 0, 0, 0, 0, 0, 0, 0, '891900391', 'ncardona'),
(627, 0, 0, 0, 0, 0, 0, 0, 0, 0, 0, '891900475', 'anunez'),
(628, 0, 0, 0, 0, 0, 0, 0, 0, 0, 0, '891900487', 'ncardona'),
(629, 0, 0, 0, 0, 0, 0, 0, 0, 0, 0, '900054092', 'wcruz'),
(630, 0, 0, 0, 0, 0, 0, 0, 0, 0, 0, '900075982', 'ncardona'),
(631, 0, 0, 0, 0, 0, 0, 0, 0, 0, 0, '900104515', 'ncardona'),
(632, 0, 0, 0, 0, 0, 0, 0, 0, 0, 0, '900109722', 'ncardona'),
(633, 0, 0, 0, 0, 0, 0, 0, 0, 0, 0, '900131512', 'anunez'),
(634, 0, 0, 0, 0, 0, 0, 0, 0, 0, 0, '900132411', 'ncardona'),
(635, 0, 0, 0, 0, 0, 0, 0, 0, 0, 0, '900137473', 'wcruz'),
(636, 0, 0, 0, 0, 0, 0, 0, 0, 0, 0, '900144428', 'anunez'),
(637, 0, 0, 0, 0, 0, 0, 0, 0, 0, 0, '900149535', 'wcruz'),
(638, 0, 0, 0, 0, 0, 0, 0, 0, 0, 0, '900208066', 'jvalencia'),
(639, 0, 0, 0, 0, 0, 0, 0, 0, 0, 0, '900261676', 'jvalencia'),
(640, 0, 0, 0, 0, 0, 0, 0, 0, 0, 0, '900299708', 'dcardona'),
(641, 0, 0, 0, 0, 0, 0, 0, 0, 0, 0, '900301797', 'anunez'),
(642, 0, 0, 0, 0, 0, 0, 0, 0, 0, 0, '900308138', 'jvalencia'),
(643, 0, 0, 0, 0, 0, 0, 0, 0, 0, 0, '900321419', 'wcruz'),
(644, 0, 0, 0, 0, 0, 0, 0, 0, 0, 0, '900341299', 'jvalencia'),
(645, 0, 0, 0, 0, 0, 0, 0, 0, 0, 0, '900349569', 'wcruz'),
(646, 0, 0, 0, 0, 0, 0, 0, 0, 0, 0, '900391494', 'wcruz'),
(647, 0, 0, 0, 0, 0, 0, 0, 0, 0, 0, '900426094', 'wcruz'),
(648, 0, 0, 0, 0, 0, 0, 0, 0, 0, 0, '900452307', 'anunez'),
(649, 0, 0, 0, 0, 0, 0, 0, 0, 0, 0, '900456277', 'jvalencia'),
(650, 0, 0, 0, 0, 0, 0, 0, 0, 0, 0, '900473544', 'wcruz'),
(651, 0, 0, 0, 0, 0, 0, 0, 0, 0, 0, '900483899', 'anunez'),
(652, 0, 0, 0, 0, 0, 0, 0, 0, 0, 0, '900485201', 'wcruz'),
(653, 0, 0, 0, 0, 0, 0, 0, 0, 0, 0, '900493943', 'wcruz'),
(654, 0, 0, 0, 0, 0, 0, 0, 0, 0, 0, '900506620', 'dcardona'),
(655, 0, 0, 0, 0, 0, 0, 0, 0, 0, 0, '900511074', 'anunez'),
(656, 0, 0, 0, 0, 0, 0, 0, 0, 0, 0, '900539144', 'dcardona'),
(657, 0, 0, 0, 0, 0, 0, 0, 0, 0, 0, '900539592', 'anunez'),
(658, 0, 0, 0, 0, 0, 0, 0, 0, 0, 0, '900581167', 'anunez'),
(659, 0, 0, 0, 0, 0, 0, 0, 0, 0, 0, '900583164', 'anunez'),
(660, 0, 0, 0, 0, 0, 0, 0, 0, 0, 0, '900642394', 'ncardona'),
(661, 0, 0, 0, 0, 0, 0, 0, 0, 0, 0, '900656046', 'dcardona'),
(662, 0, 0, 0, 0, 0, 0, 0, 0, 0, 0, '900661571', 'wcruz'),
(663, 0, 0, 0, 0, 0, 0, 0, 0, 0, 0, '900710484', 'jvalencia'),
(664, 0, 0, 0, 0, 0, 0, 0, 0, 0, 0, '900734207', 'jvalencia'),
(665, 0, 0, 0, 0, 0, 0, 0, 0, 0, 0, '900741284', 'anunez'),
(666, 0, 0, 0, 0, 0, 0, 0, 0, 0, 0, '900765464', 'wcruz'),
(667, 0, 0, 0, 0, 0, 0, 0, 0, 0, 0, '900766077', 'jvalencia'),
(668, 0, 0, 0, 0, 0, 0, 0, 0, 0, 0, '900772522', 'ncardona'),
(669, 0, 0, 0, 0, 0, 0, 0, 0, 0, 0, '900781944', 'anunez'),
(670, 0, 0, 0, 0, 0, 0, 0, 0, 0, 0, '900785534', 'jvalencia'),
(671, 0, 0, 0, 0, 0, 0, 0, 0, 0, 0, '900811082', 'dcardona'),
(672, 0, 0, 0, 0, 0, 0, 0, 0, 0, 0, '900813710', 'wcruz'),
(673, 0, 0, 0, 0, 0, 0, 0, 0, 0, 0, '900819311', 'dcardona'),
(674, 0, 0, 0, 0, 0, 0, 0, 0, 0, 0, '900878752', 'jvalencia'),
(675, 0, 0, 0, 0, 0, 0, 0, 0, 0, 0, '900881439', 'jvalencia'),
(676, 0, 0, 0, 0, 0, 0, 0, 0, 0, 0, '1053787524', 'ncardona'),
(677, 0, 0, 0, 0, 0, 0, 0, 0, 0, 0, '1053792313', 'jvalencia'),
(678, 0, 0, 0, 0, 0, 0, 0, 0, 0, 0, '1053795962', 'jvalencia'),
(679, 0, 0, 0, 0, 0, 0, 0, 0, 0, 0, '1059786244', 'jvalencia'),
(680, 0, 0, 0, 0, 0, 0, 0, 0, 0, 0, '1089746017', 'ncardona'),
(681, 0, 0, 0, 0, 0, 0, 0, 0, 0, 0, '1130625032', 'wcruz'),
(682, 0, 0, 0, 0, 0, 0, 0, 0, 0, 0, '1130651771', 'wcruz'),
(683, 0, 0, 0, 0, 0, 0, 0, 0, 0, 0, '1144062795', 'wcruz'),
(684, 0, 0, 0, 0, 0, 0, 0, 0, 0, 0, '4730180', 'omendez'),
(685, 0, 0, 0, 0, 0, 0, 0, 0, 0, 0, '4731061', 'omendez'),
(686, 0, 0, 0, 0, 0, 0, 0, 0, 0, 0, '5311653', 'gmontealegre'),
(687, 0, 0, 0, 0, 0, 0, 0, 0, 0, 0, '7697050', 'gmontealegre'),
(688, 0, 0, 0, 0, 0, 0, 0, 0, 0, 0, '12135921', 'omendez'),
(689, 0, 0, 0, 0, 0, 0, 0, 0, 0, 0, '12168957', 'gmontealegre'),
(690, 0, 0, 0, 0, 0, 0, 0, 0, 0, 0, '12188274', 'gmontealegre'),
(691, 0, 0, 0, 0, 0, 0, 0, 0, 0, 0, '12189856', 'gmontealegre'),
(692, 0, 0, 0, 0, 0, 0, 0, 0, 0, 0, '12194660', 'gmontealegre'),
(693, 0, 0, 0, 0, 0, 0, 0, 0, 0, 0, '12201285', 'gmontealegre'),
(694, 0, 0, 0, 0, 0, 0, 0, 0, 0, 0, '12208074', 'gmontealegre'),
(695, 0, 0, 0, 0, 0, 0, 0, 0, 0, 0, '12209233', 'omendez'),
(696, 0, 0, 0, 0, 0, 0, 0, 0, 0, 0, '12210327', 'omendez'),
(697, 0, 0, 0, 0, 0, 0, 0, 0, 0, 0, '12227169', 'gmontealegre'),
(698, 0, 0, 0, 0, 0, 0, 0, 0, 0, 0, '12233957', 'gmontealegre'),
(699, 0, 0, 0, 0, 0, 0, 0, 0, 0, 0, '17641619', 'gmontealegre'),
(700, 0, 0, 0, 0, 0, 0, 0, 0, 0, 0, '17704890', 'gmontealegre'),
(701, 0, 0, 0, 0, 0, 0, 0, 0, 0, 0, '26427416', 'omendez'),
(702, 0, 0, 0, 0, 0, 0, 0, 0, 0, 0, '36089274', 'omendez'),
(703, 0, 0, 0, 0, 0, 0, 0, 0, 0, 0, '36089572', 'omendez'),
(704, 0, 0, 0, 0, 0, 0, 0, 0, 0, 0, '36280480', 'gmontealegre'),
(705, 0, 0, 0, 0, 0, 0, 0, 0, 0, 0, '55195001', 'gmontealegre'),
(706, 0, 0, 0, 0, 0, 0, 0, 0, 0, 0, '76357945', 'omendez'),
(707, 0, 0, 0, 0, 0, 0, 0, 0, 0, 0, '79788666', 'gmontealegre'),
(708, 0, 0, 0, 0, 0, 0, 0, 0, 0, 0, '80209045', 'gmontealegre'),
(709, 0, 0, 0, 0, 0, 0, 0, 0, 0, 0, '83041305', 'gmontealegre'),
(710, 0, 0, 0, 0, 0, 0, 0, 0, 0, 0, '800153144', 'gmontealegre'),
(711, 0, 0, 0, 0, 0, 0, 0, 0, 0, 0, '813008435', 'omendez'),
(712, 0, 0, 0, 0, 0, 0, 0, 0, 0, 0, '891100321', 'gmontealegre'),
(713, 0, 0, 0, 0, 0, 0, 0, 0, 0, 0, '891101158', 'gmontealegre'),
(714, 0, 0, 0, 0, 0, 0, 0, 0, 0, 0, '891102742', 'omendez'),
(715, 0, 0, 0, 0, 0, 0, 0, 0, 0, 0, '900315039', 'gmontealegre'),
(716, 0, 0, 0, 0, 0, 0, 0, 0, 0, 0, '900424341', 'omendez'),
(717, 0, 0, 0, 0, 0, 0, 0, 0, 0, 0, '900454452', 'gmontealegre'),
(718, 0, 0, 0, 0, 0, 0, 0, 0, 0, 0, '900466824', 'omendez'),
(719, 0, 0, 0, 0, 0, 0, 0, 0, 0, 0, '900609645', 'gmontealegre'),
(720, 0, 0, 0, 0, 0, 0, 0, 0, 0, 0, '900829016', 'gmontealegre'),
(721, 0, 0, 0, 0, 0, 0, 0, 0, 0, 0, '900951704', 'gmontealegre'),
(722, 0, 0, 0, 0, 0, 0, 0, 0, 0, 0, '1083875491', 'gmontealegre'),
(723, 0, 0, 0, 0, 0, 0, 0, 0, 0, 0, '1083887435', 'gmontealegre'),
(724, 0, 0, 0, 0, 0, 0, 0, 0, 0, 0, '1089076779', 'gmontealegre'),
(725, 0, 0, 0, 0, 0, 0, 0, 0, 0, 0, '3293930', 'dperdomo'),
(726, 0, 0, 0, 0, 0, 0, 0, 0, 0, 0, '14895602', 'lrodriguez'),
(727, 0, 0, 0, 0, 0, 0, 0, 0, 0, 0, '40396175', 'lrodriguez'),
(728, 0, 0, 0, 0, 0, 0, 0, 0, 0, 0, '79295560', 'dperdomo'),
(729, 0, 0, 0, 0, 0, 0, 0, 0, 0, 0, '79781425', 'dperdomo'),
(730, 0, 0, 0, 0, 0, 0, 0, 0, 0, 0, '844003151', 'lrodriguez'),
(731, 0, 0, 0, 0, 0, 0, 0, 0, 0, 0, '890207037', 'dperdomo'),
(732, 0, 0, 0, 0, 0, 0, 0, 0, 0, 0, '891100445', 'dperdomo'),
(733, 0, 0, 0, 0, 0, 0, 0, 0, 0, 0, '900087414', 'dperdomo'),
(734, 0, 0, 0, 0, 0, 0, 0, 0, 0, 0, '900168533', 'dperdomo'),
(735, 0, 0, 0, 0, 0, 0, 0, 0, 0, 0, '900335836', 'dperdomo'),
(736, 0, 0, 0, 0, 0, 0, 0, 0, 0, 0, '900404036', 'dperdomo'),
(737, 0, 0, 0, 0, 0, 0, 0, 0, 0, 0, '900416225', 'dperdomo'),
(738, 0, 0, 0, 0, 0, 0, 0, 0, 0, 0, '900474780', 'dperdomo'),
(739, 0, 0, 0, 0, 0, 0, 0, 0, 0, 0, '900528742', 'dperdomo'),
(740, 0, 0, 0, 0, 0, 0, 0, 0, 0, 0, '1061791292', 'eyepez'),
(741, 0, 0, 0, 0, 0, 0, 0, 0, 0, 0, '63360426', 'ahernandez'),
(742, 0, 0, 0, 0, 0, 0, 0, 0, 0, 0, '900347116', 'caraque'),
(743, 0, 0, 0, 0, 0, 0, 0, 0, 0, 0, '21203075', 'lrodriguez'),
(744, 0, 0, 0, 0, 0, 0, 0, 0, 0, 0, '93150692', 'jrubio'),
(745, 0, 0, 0, 0, 0, 0, 0, 0, 0, 0, '809000555', 'jrubio'),
(746, 0, 0, 0, 0, 0, 0, 0, 0, 0, 0, '809001395', 'jrubio'),
(747, 0, 0, 0, 0, 0, 0, 0, 0, 0, 0, '809005667', 'jrubio'),
(748, 0, 0, 0, 0, 0, 0, 0, 0, 0, 0, '809008658', 'jrubio'),
(749, 0, 0, 0, 0, 0, 0, 0, 0, 0, 0, '809012928', 'jrubio'),
(750, 0, 0, 0, 0, 0, 0, 0, 0, 0, 0, '822003732', 'lrodriguez'),
(751, 0, 0, 0, 0, 0, 0, 0, 0, 0, 0, '860000698', 'dsilva'),
(752, 0, 0, 0, 0, 0, 0, 0, 0, 0, 0, '890700058', 'jrubio'),
(753, 0, 0, 0, 0, 0, 0, 0, 0, 0, 0, '890701355', 'jrubio'),
(754, 0, 0, 0, 0, 0, 0, 0, 0, 0, 0, '890702966', 'dsilva'),
(755, 0, 0, 0, 0, 0, 0, 0, 0, 0, 0, '890704021', 'jrubio'),
(756, 0, 0, 0, 0, 0, 0, 0, 0, 0, 0, '890707192', 'jrubio'),
(757, 0, 0, 0, 0, 0, 0, 0, 0, 0, 0, '900065578', 'jrubio'),
(758, 0, 0, 0, 0, 0, 0, 0, 0, 0, 0, '900162468', 'jrubio'),
(759, 0, 0, 0, 0, 0, 0, 0, 0, 0, 0, '900346992', 'jbarajas'),
(760, 0, 0, 0, 0, 0, 0, 0, 0, 0, 0, '900400049', 'jrubio'),
(761, 0, 0, 0, 0, 0, 0, 0, 0, 0, 0, '900495397', 'dsilva'),
(762, 0, 0, 0, 0, 0, 0, 0, 0, 0, 0, '900505360', 'jrubio'),
(763, 0, 0, 0, 0, 0, 0, 0, 0, 0, 0, '900598481', 'jrubio'),
(764, 0, 0, 0, 0, 0, 0, 0, 0, 0, 0, '900815808', 'lrodriguez'),
(765, 0, 0, 0, 0, 0, 0, 0, 0, 0, 0, '900835915', 'lrodriguez'),
(766, 0, 0, 0, 0, 0, 0, 0, 0, 0, 0, '1110460337', 'dsilva'),
(767, 0, 0, 0, 0, 0, 0, 0, 0, 0, 0, '15375956', 'plopez'),
(768, 0, 0, 0, 0, 0, 0, 0, 0, 0, 0, '15386917', 'plopez'),
(769, 0, 0, 0, 0, 0, 0, 0, 0, 0, 0, '800016390', 'plopez'),
(770, 0, 0, 0, 0, 0, 0, 0, 0, 0, 0, '800020274', 'plopez'),
(771, 0, 0, 0, 0, 0, 0, 0, 0, 0, 0, '800023622', 'plopez'),
(772, 0, 0, 0, 0, 0, 0, 0, 0, 0, 0, '800027543', 'plopez'),
(773, 0, 0, 0, 0, 0, 0, 0, 0, 0, 0, '800039849', 'plopez'),
(774, 0, 0, 0, 0, 0, 0, 0, 0, 0, 0, '800053849', 'plopez'),
(775, 0, 0, 0, 0, 0, 0, 0, 0, 0, 0, '800099480', 'plopez'),
(776, 0, 0, 0, 0, 0, 0, 0, 0, 0, 0, '800126242', 'plopez'),
(777, 0, 0, 0, 0, 0, 0, 0, 0, 0, 0, '800153745', 'plopez'),
(778, 0, 0, 0, 0, 0, 0, 0, 0, 0, 0, '800160435', 'plopez'),
(779, 0, 0, 0, 0, 0, 0, 0, 0, 0, 0, '811008489', 'plopez'),
(780, 0, 0, 0, 0, 0, 0, 0, 0, 0, 0, '811015317', 'plopez'),
(781, 0, 0, 0, 0, 0, 0, 0, 0, 0, 0, '811018494', 'plopez'),
(782, 0, 0, 0, 0, 0, 0, 0, 0, 0, 0, '811020107', 'plopez'),
(783, 0, 0, 0, 0, 0, 0, 0, 0, 0, 0, '811024612', 'plopez'),
(784, 0, 0, 0, 0, 0, 0, 0, 0, 0, 0, '811028567', 'plopez'),
(785, 0, 0, 0, 0, 0, 0, 0, 0, 0, 0, '811035110', 'plopez'),
(786, 0, 0, 0, 0, 0, 0, 0, 0, 0, 0, '811037591', 'plopez'),
(787, 0, 0, 0, 0, 0, 0, 0, 0, 0, 0, '811037748', 'plopez'),
(788, 0, 0, 0, 0, 0, 0, 0, 0, 0, 0, '811037797', 'plopez'),
(789, 0, 0, 0, 0, 0, 0, 0, 0, 0, 0, '811039503', 'plopez'),
(790, 0, 0, 0, 0, 0, 0, 0, 0, 0, 0, '830042112', 'plopez'),
(791, 0, 0, 0, 0, 0, 0, 0, 0, 0, 0, '830076169', 'plopez'),
(792, 0, 0, 0, 0, 0, 0, 0, 0, 0, 0, '830124437', 'plopez'),
(793, 0, 0, 0, 0, 0, 0, 0, 0, 0, 0, '830136939', 'plopez'),
(794, 0, 0, 0, 0, 0, 0, 0, 0, 0, 0, '830509987', 'plopez'),
(795, 0, 0, 0, 0, 0, 0, 0, 0, 0, 0, '900305698', 'plopez'),
(796, 0, 0, 0, 0, 0, 0, 0, 0, 0, 0, '890911705', 'plopez'),
(797, 0, 0, 0, 0, 0, 0, 0, 0, 0, 0, '890913944', 'plopez'),
(798, 0, 0, 0, 0, 0, 0, 0, 0, 0, 0, '890926122', 'plopez'),
(799, 0, 0, 0, 0, 0, 0, 0, 0, 0, 0, '890929171', 'plopez'),
(800, 0, 0, 0, 0, 0, 0, 0, 0, 0, 0, '890938755', 'plopez'),
(801, 0, 0, 0, 0, 0, 0, 0, 0, 0, 0, '890938757', 'plopez'),
(802, 0, 0, 0, 0, 0, 0, 0, 0, 0, 0, '890980097', 'plopez'),
(803, 0, 0, 0, 0, 0, 0, 0, 0, 0, 0, '900223044', 'plopez'),
(804, 0, 0, 0, 0, 0, 0, 0, 0, 0, 0, '900244262', 'plopez'),
(805, 0, 0, 0, 0, 0, 0, 0, 0, 0, 0, '98570864', 'plopez'),
(806, 0, 0, 0, 0, 0, 0, 0, 0, 0, 0, '900570211', 'plopez'),
(807, 0, 0, 0, 0, 0, 0, 0, 0, 0, 0, '15444890', 'plopez'),
(808, 0, 0, 0, 0, 0, 0, 0, 0, 0, 0, '900604830', 'plopez'),
(809, 0, 0, 0, 0, 0, 0, 0, 0, 0, 0, '811032433', 'plopez'),
(810, 0, 0, 0, 0, 0, 0, 0, 0, 0, 0, '900111576', 'plopez'),
(811, 0, 0, 0, 0, 0, 0, 0, 0, 0, 0, '900321282', 'plopez'),
(812, 0, 0, 0, 0, 0, 0, 0, 0, 0, 0, '15383169', 'plopez'),
(813, 0, 0, 0, 0, 0, 0, 0, 0, 0, 0, '811046268', 'plopez'),
(814, 0, 0, 0, 0, 0, 0, 0, 0, 0, 0, '900440984', 'plopez'),
(815, 0, 0, 0, 0, 0, 0, 0, 0, 0, 0, '811044255', 'plopez'),
(816, 0, 0, 0, 0, 0, 0, 0, 0, 0, 0, '900424415', 'plopez'),
(817, 0, 0, 0, 0, 0, 0, 0, 0, 0, 0, '800004048', 'arodriguez'),
(818, 0, 0, 0, 0, 0, 0, 0, 0, 0, 0, '800010991', 'agamboa'),
(819, 0, 0, 0, 0, 0, 0, 0, 0, 0, 0, '800013638', 'agamboa'),
(820, 0, 0, 0, 0, 0, 0, 0, 0, 0, 0, '800021599', 'arodriguez'),
(821, 0, 0, 0, 0, 0, 0, 0, 0, 0, 0, '800022398', 'agamboa'),
(822, 0, 0, 0, 0, 0, 0, 0, 0, 0, 0, '800026845', 'agamboa'),
(823, 0, 0, 0, 0, 0, 0, 0, 0, 0, 0, '800027501', 'agamboa'),
(824, 0, 0, 0, 0, 0, 0, 0, 0, 0, 0, '800031939', 'arodriguez'),
(825, 0, 0, 0, 0, 0, 0, 0, 0, 0, 0, '800049458', 'acortes'),
(826, 0, 0, 0, 0, 0, 0, 0, 0, 0, 0, '800050714', 'acortes'),
(827, 0, 0, 0, 0, 0, 0, 0, 0, 0, 0, '800065684', 'agamboa'),
(828, 0, 0, 0, 0, 0, 0, 0, 0, 0, 0, '800067466', 'arodriguez'),
(829, 0, 0, 0, 0, 0, 0, 0, 0, 0, 0, '800069643', 'arodriguez'),
(830, 0, 0, 0, 0, 0, 0, 0, 0, 0, 0, '800089361', 'agamboa'),
(831, 0, 0, 0, 0, 0, 0, 0, 0, 0, 0, '800095068', 'agamboa'),
(832, 0, 0, 0, 0, 0, 0, 0, 0, 0, 0, '800096494', 'acortes'),
(833, 0, 0, 0, 0, 0, 0, 0, 0, 0, 0, '800101932', 'acortes'),
(834, 0, 0, 0, 0, 0, 0, 0, 0, 0, 0, '800108333', 'agamboa'),
(835, 0, 0, 0, 0, 0, 0, 0, 0, 0, 0, '800114867', 'agamboa'),
(836, 0, 0, 0, 0, 0, 0, 0, 0, 0, 0, '800114953', 'acortes'),
(837, 0, 0, 0, 0, 0, 0, 0, 0, 0, 0, '800119297', 'acortes'),
(838, 0, 0, 0, 0, 0, 0, 0, 0, 0, 0, '800121823', 'agamboa'),
(839, 0, 0, 0, 0, 0, 0, 0, 0, 0, 0, '800123857', 'acortes'),
(840, 0, 0, 0, 0, 0, 0, 0, 0, 0, 0, '800123913', 'agamboa'),
(841, 0, 0, 0, 0, 0, 0, 0, 0, 0, 0, '800125859', 'agamboa'),
(842, 0, 0, 0, 0, 0, 0, 0, 0, 0, 0, '800126875', 'acortes');
INSERT INTO `cliente_calificacion` (`id_clientecalificacion`, `tamano_peconomico`, `crecimi_peconomico`, `finanza_peconomico`, `compt_peconomico`, `total_peconomico`, `conoci_rpersonal`, `resp_rpersonal`, `pps_rpersonal`, `actitud_rpersonal`, `total_rpersonal`, `id_cliente`, `id_usuario`) VALUES
(843, 0, 0, 0, 0, 0, 0, 0, 0, 0, 0, '800129680', 'agamboa'),
(844, 0, 0, 0, 0, 0, 0, 0, 0, 0, 0, '800130305', 'acortes'),
(845, 0, 0, 0, 0, 0, 0, 0, 0, 0, 0, '800130771', 'acortes'),
(846, 0, 0, 0, 0, 0, 0, 0, 0, 0, 0, '800132469', 'acortes'),
(847, 0, 0, 0, 0, 0, 0, 0, 0, 0, 0, '800133063', 'acortes'),
(848, 0, 0, 0, 0, 0, 0, 0, 0, 0, 0, '800136041', 'acortes'),
(849, 0, 0, 0, 0, 0, 0, 0, 0, 0, 0, '800142580', 'agamboa'),
(850, 0, 0, 0, 0, 0, 0, 0, 0, 0, 0, '800145764', 'arodriguez'),
(851, 0, 0, 0, 0, 0, 0, 0, 0, 0, 0, '800149419', 'agamboa'),
(852, 0, 0, 0, 0, 0, 0, 0, 0, 0, 0, '800154771', 'agamboa'),
(853, 0, 0, 0, 0, 0, 0, 0, 0, 0, 0, '800157895', 'acortes'),
(854, 0, 0, 0, 0, 0, 0, 0, 0, 0, 0, '800158149', 'agamboa'),
(855, 0, 0, 0, 0, 0, 0, 0, 0, 0, 0, '800164874', 'agamboa'),
(856, 0, 0, 0, 0, 0, 0, 0, 0, 0, 0, '800195429', 'acortes'),
(857, 0, 0, 0, 0, 0, 0, 0, 0, 0, 0, '800202197', 'arodriguez'),
(858, 0, 0, 0, 0, 0, 0, 0, 0, 0, 0, '800205120', 'agamboa'),
(859, 0, 0, 0, 0, 0, 0, 0, 0, 0, 0, '800209481', 'agamboa'),
(860, 0, 0, 0, 0, 0, 0, 0, 0, 0, 0, '800214937', 'agamboa'),
(861, 0, 0, 0, 0, 0, 0, 0, 0, 0, 0, '800218042', 'acortes'),
(862, 0, 0, 0, 0, 0, 0, 0, 0, 0, 0, '800227103', 'acortes'),
(863, 0, 0, 0, 0, 0, 0, 0, 0, 0, 0, '800227624', 'acortes'),
(864, 0, 0, 0, 0, 0, 0, 0, 0, 0, 0, '830002313', 'acortes'),
(865, 0, 0, 0, 0, 0, 0, 0, 0, 0, 0, '830005674', 'acortes'),
(866, 0, 0, 0, 0, 0, 0, 0, 0, 0, 0, '830010738', 'agamboa'),
(867, 0, 0, 0, 0, 0, 0, 0, 0, 0, 0, '830022781', 'arodriguez'),
(868, 0, 0, 0, 0, 0, 0, 0, 0, 0, 0, '830028496', 'agamboa'),
(869, 0, 0, 0, 0, 0, 0, 0, 0, 0, 0, '830031070', 'agamboa'),
(870, 0, 0, 0, 0, 0, 0, 0, 0, 0, 0, '830035143', 'arodriguez'),
(871, 0, 0, 0, 0, 0, 0, 0, 0, 0, 0, '830039311', 'agamboa'),
(872, 0, 0, 0, 0, 0, 0, 0, 0, 0, 0, '830042322', 'arodriguez'),
(873, 0, 0, 0, 0, 0, 0, 0, 0, 0, 0, '830046733', 'acortes'),
(874, 0, 0, 0, 0, 0, 0, 0, 0, 0, 0, '830052657', 'arodriguez'),
(875, 0, 0, 0, 0, 0, 0, 0, 0, 0, 0, '830057697', 'acortes'),
(876, 0, 0, 0, 0, 0, 0, 0, 0, 0, 0, '830058891', 'arodriguez'),
(877, 0, 0, 0, 0, 0, 0, 0, 0, 0, 0, '830067747', 'agamboa'),
(878, 0, 0, 0, 0, 0, 0, 0, 0, 0, 0, '830085047', 'acortes'),
(879, 0, 0, 0, 0, 0, 0, 0, 0, 0, 0, '830085690', 'arodriguez'),
(880, 0, 0, 0, 0, 0, 0, 0, 0, 0, 0, '830090742', 'arodriguez'),
(881, 0, 0, 0, 0, 0, 0, 0, 0, 0, 0, '830091683', 'acortes'),
(882, 0, 0, 0, 0, 0, 0, 0, 0, 0, 0, '830092332', 'agamboa'),
(883, 0, 0, 0, 0, 0, 0, 0, 0, 0, 0, '830093741', 'arodriguez'),
(884, 0, 0, 0, 0, 0, 0, 0, 0, 0, 0, '830098375', 'arodriguez'),
(885, 0, 0, 0, 0, 0, 0, 0, 0, 0, 0, '830100158', 'agamboa'),
(886, 0, 0, 0, 0, 0, 0, 0, 0, 0, 0, '830103204', 'arodriguez'),
(887, 0, 0, 0, 0, 0, 0, 0, 0, 0, 0, '830116204', 'agamboa'),
(888, 0, 0, 0, 0, 0, 0, 0, 0, 0, 0, '830125341', 'agamboa'),
(889, 0, 0, 0, 0, 0, 0, 0, 0, 0, 0, '830127761', 'agamboa'),
(890, 0, 0, 0, 0, 0, 0, 0, 0, 0, 0, '830131273', 'agamboa'),
(891, 0, 0, 0, 0, 0, 0, 0, 0, 0, 0, '830131884', 'arodriguez'),
(892, 0, 0, 0, 0, 0, 0, 0, 0, 0, 0, '830136561', 'agamboa'),
(893, 0, 0, 0, 0, 0, 0, 0, 0, 0, 0, '830136669', 'acortes'),
(894, 0, 0, 0, 0, 0, 0, 0, 0, 0, 0, '830139955', 'agamboa'),
(895, 0, 0, 0, 0, 0, 0, 0, 0, 0, 0, '830140122', 'agamboa'),
(896, 0, 0, 0, 0, 0, 0, 0, 0, 0, 0, '830140335', 'agamboa'),
(897, 0, 0, 0, 0, 0, 0, 0, 0, 0, 0, '830141144', 'arodriguez'),
(898, 0, 0, 0, 0, 0, 0, 0, 0, 0, 0, '830141761', 'arodriguez'),
(899, 0, 0, 0, 0, 0, 0, 0, 0, 0, 0, '830144599', 'arodriguez'),
(900, 0, 0, 0, 0, 0, 0, 0, 0, 0, 0, '830144787', 'agamboa'),
(901, 0, 0, 0, 0, 0, 0, 0, 0, 0, 0, '830501747', 'arodriguez'),
(902, 0, 0, 0, 0, 0, 0, 0, 0, 0, 0, '830507195', 'arodriguez'),
(903, 0, 0, 0, 0, 0, 0, 0, 0, 0, 0, '832005522', 'arodriguez'),
(904, 0, 0, 0, 0, 0, 0, 0, 0, 0, 0, '832009573', 'agamboa'),
(905, 0, 0, 0, 0, 0, 0, 0, 0, 0, 0, '832010066', 'agamboa'),
(906, 0, 0, 0, 0, 0, 0, 0, 0, 0, 0, '832010320', 'agamboa'),
(907, 0, 0, 0, 0, 0, 0, 0, 0, 0, 0, '832010593', 'agamboa'),
(908, 0, 0, 0, 0, 0, 0, 0, 0, 0, 0, '860009645', 'agamboa'),
(909, 0, 0, 0, 0, 0, 0, 0, 0, 0, 0, '860025565', 'arodriguez'),
(910, 0, 0, 0, 0, 0, 0, 0, 0, 0, 0, '860025707', 'arodriguez'),
(911, 0, 0, 0, 0, 0, 0, 0, 0, 0, 0, '860025845', 'arodriguez'),
(912, 0, 0, 0, 0, 0, 0, 0, 0, 0, 0, '860031657', 'arodriguez'),
(913, 0, 0, 0, 0, 0, 0, 0, 0, 0, 0, '860032436', 'acortes'),
(914, 0, 0, 0, 0, 0, 0, 0, 0, 0, 0, '860040407', 'agamboa'),
(915, 0, 0, 0, 0, 0, 0, 0, 0, 0, 0, '860043345', 'agamboa'),
(916, 0, 0, 0, 0, 0, 0, 0, 0, 0, 0, '860043588', 'acortes'),
(917, 0, 0, 0, 0, 0, 0, 0, 0, 0, 0, '860048015', 'acortes'),
(918, 0, 0, 0, 0, 0, 0, 0, 0, 0, 0, '860048521', 'acortes'),
(919, 0, 0, 0, 0, 0, 0, 0, 0, 0, 0, '860049100', 'agamboa'),
(920, 0, 0, 0, 0, 0, 0, 0, 0, 0, 0, '860050371', 'agamboa'),
(921, 0, 0, 0, 0, 0, 0, 0, 0, 0, 0, '860053966', 'agamboa'),
(922, 0, 0, 0, 0, 0, 0, 0, 0, 0, 0, '860054546', 'acortes'),
(923, 0, 0, 0, 0, 0, 0, 0, 0, 0, 0, '860065678', 'agamboa'),
(924, 0, 0, 0, 0, 0, 0, 0, 0, 0, 0, '860350564', 'arodriguez'),
(925, 0, 0, 0, 0, 0, 0, 0, 0, 0, 0, '860351680', 'agamboa'),
(926, 0, 0, 0, 0, 0, 0, 0, 0, 0, 0, '860351923', 'acortes'),
(927, 0, 0, 0, 0, 0, 0, 0, 0, 0, 0, '860353804', 'agamboa'),
(928, 0, 0, 0, 0, 0, 0, 0, 0, 0, 0, '860354073', 'acortes'),
(929, 0, 0, 0, 0, 0, 0, 0, 0, 0, 0, '860518356', 'agamboa'),
(930, 0, 0, 0, 0, 0, 0, 0, 0, 0, 0, '860518654', 'agamboa'),
(931, 0, 0, 0, 0, 0, 0, 0, 0, 0, 0, '860521813', 'acortes'),
(932, 0, 0, 0, 0, 0, 0, 0, 0, 0, 0, '860522101', 'acortes'),
(933, 0, 0, 0, 0, 0, 0, 0, 0, 0, 0, '860522815', 'arodriguez'),
(934, 0, 0, 0, 0, 0, 0, 0, 0, 0, 0, '860524163', 'arodriguez'),
(935, 0, 0, 0, 0, 0, 0, 0, 0, 0, 0, '860526236', 'acortes'),
(936, 0, 0, 0, 0, 0, 0, 0, 0, 0, 0, '860529858', 'arodriguez'),
(937, 0, 0, 0, 0, 0, 0, 0, 0, 0, 0, '860531704', 'agamboa'),
(938, 0, 0, 0, 0, 0, 0, 0, 0, 0, 0, '860532145', 'arodriguez'),
(939, 0, 0, 0, 0, 0, 0, 0, 0, 0, 0, '860536195', 'agamboa'),
(940, 0, 0, 0, 0, 0, 0, 0, 0, 0, 0, '900008751', 'agamboa'),
(941, 0, 0, 0, 0, 0, 0, 0, 0, 0, 0, '900014838', 'acortes'),
(942, 0, 0, 0, 0, 0, 0, 0, 0, 0, 0, '900031275', 'arodriguez'),
(943, 0, 0, 0, 0, 0, 0, 0, 0, 0, 0, '900053198', 'agamboa'),
(944, 0, 0, 0, 0, 0, 0, 0, 0, 0, 0, '900054881', 'agamboa'),
(945, 0, 0, 0, 0, 0, 0, 0, 0, 0, 0, '900060761', 'acortes'),
(946, 0, 0, 0, 0, 0, 0, 0, 0, 0, 0, '900098416', 'agamboa'),
(947, 0, 0, 0, 0, 0, 0, 0, 0, 0, 0, '900114272', 'agamboa'),
(948, 0, 0, 0, 0, 0, 0, 0, 0, 0, 0, '900119929', 'agamboa'),
(949, 0, 0, 0, 0, 0, 0, 0, 0, 0, 0, '900123127', 'agamboa'),
(950, 0, 0, 0, 0, 0, 0, 0, 0, 0, 0, '900149268', 'agamboa'),
(951, 0, 0, 0, 0, 0, 0, 0, 0, 0, 0, '900149336', 'agamboa'),
(952, 0, 0, 0, 0, 0, 0, 0, 0, 0, 0, '900222344', 'agamboa'),
(953, 0, 0, 0, 0, 0, 0, 0, 0, 0, 0, '900232379', 'arodriguez'),
(954, 0, 0, 0, 0, 0, 0, 0, 0, 0, 0, '900254024', 'agamboa'),
(955, 0, 0, 0, 0, 0, 0, 0, 0, 0, 0, '900266647', 'agamboa'),
(956, 0, 0, 0, 0, 0, 0, 0, 0, 0, 0, '900338701', 'arodriguez'),
(957, 0, 0, 0, 0, 0, 0, 0, 0, 0, 0, '900339026', 'agamboa'),
(958, 0, 0, 0, 0, 0, 0, 0, 0, 0, 0, '900362839', 'agamboa'),
(959, 0, 0, 0, 0, 0, 0, 0, 0, 0, 0, '900373944', 'acortes'),
(960, 0, 0, 0, 0, 0, 0, 0, 0, 0, 0, '900388024', 'arodriguez'),
(961, 0, 0, 0, 0, 0, 0, 0, 0, 0, 0, '900409984', 'acortes'),
(962, 0, 0, 0, 0, 0, 0, 0, 0, 0, 0, '900412466', 'arodriguez'),
(963, 0, 0, 0, 0, 0, 0, 0, 0, 0, 0, '900444854', 'agamboa'),
(964, 0, 0, 0, 0, 0, 0, 0, 0, 0, 0, '900485333', 'acortes'),
(965, 0, 0, 0, 0, 0, 0, 0, 0, 0, 0, '900485334', 'acortes'),
(966, 0, 0, 0, 0, 0, 0, 0, 0, 0, 0, '900485345', 'acortes'),
(967, 0, 0, 0, 0, 0, 0, 0, 0, 0, 0, '900485397', 'acortes'),
(968, 0, 0, 0, 0, 0, 0, 0, 0, 0, 0, '900487894', 'acortes'),
(969, 0, 0, 0, 0, 0, 0, 0, 0, 0, 0, '900487896', 'acortes'),
(970, 0, 0, 0, 0, 0, 0, 0, 0, 0, 0, '900519765', 'plopez'),
(971, 0, 0, 0, 0, 0, 0, 0, 0, 0, 0, '900529903', 'plopez'),
(972, 0, 0, 0, 0, 0, 0, 0, 0, 0, 0, '860353082', 'arodriguez'),
(973, 0, 0, 0, 0, 0, 0, 0, 0, 0, 0, '800162991', 'agamboa'),
(974, 0, 0, 0, 0, 0, 0, 0, 0, 0, 0, '1032414846', 'arodriguez'),
(975, 0, 0, 0, 0, 0, 0, 0, 0, 0, 0, '900528213', 'arodriguez'),
(976, 0, 0, 0, 0, 0, 0, 0, 0, 0, 0, '900250463', 'arodriguez'),
(977, 0, 0, 0, 0, 0, 0, 0, 0, 0, 0, '800100639', 'agamboa'),
(978, 0, 0, 0, 0, 0, 0, 0, 0, 0, 0, '900354395', 'arodriguez'),
(979, 0, 0, 0, 0, 0, 0, 0, 0, 0, 0, '900593408', 'agamboa'),
(980, 0, 0, 0, 0, 0, 0, 0, 0, 0, 0, '900278411', 'agamboa'),
(981, 0, 0, 0, 0, 0, 0, 0, 0, 0, 0, '900549740', 'plopez'),
(982, 0, 0, 0, 0, 0, 0, 0, 0, 0, 0, '800237418', 'arodriguez'),
(983, 0, 0, 0, 0, 0, 0, 0, 0, 0, 0, '860533838', 'arodriguez'),
(984, 0, 0, 0, 0, 0, 0, 0, 0, 0, 0, '860041216', 'arodriguez'),
(985, 0, 0, 0, 0, 0, 0, 0, 0, 0, 0, '830062640', 'acortes'),
(986, 0, 0, 0, 0, 0, 0, 0, 0, 0, 0, '830116006', 'agamboa'),
(987, 0, 0, 0, 0, 0, 0, 0, 0, 0, 0, '900703463', 'agamboa'),
(988, 0, 0, 0, 0, 0, 0, 0, 0, 0, 0, '800137443', 'agamboa'),
(989, 0, 0, 0, 0, 0, 0, 0, 0, 0, 0, '900783814', 'arodriguez'),
(990, 0, 0, 0, 0, 0, 0, 0, 0, 0, 0, '900738453', 'plopez'),
(991, 0, 0, 0, 0, 0, 0, 0, 0, 0, 0, '900855679', 'acortes'),
(992, 0, 0, 0, 0, 0, 0, 0, 0, 0, 0, '832001581', 'agamboa'),
(993, 0, 0, 0, 0, 0, 0, 0, 0, 0, 0, '900492396', 'agamboa'),
(994, 0, 0, 0, 0, 0, 0, 0, 0, 0, 0, '900897223', 'arodriguez'),
(995, 0, 0, 0, 0, 0, 0, 0, 0, 0, 0, '830099077', 'agamboa'),
(996, 0, 0, 0, 0, 0, 0, 0, 0, 0, 0, '830501605', 'acortes'),
(997, 0, 0, 0, 0, 0, 0, 0, 0, 0, 0, '900425086', 'agamboa'),
(998, 0, 0, 0, 0, 0, 0, 0, 0, 0, 0, '900936801', 'agamboa');

-- --------------------------------------------------------

--
-- Estructura de tabla para la tabla `cliente_cultivo`
--

CREATE TABLE IF NOT EXISTS `cliente_cultivo` (
  `id_clientecultivo` int(11) NOT NULL AUTO_INCREMENT,
  `id_cliente` varchar(10) NOT NULL,
  `id_cultivo` int(3) NOT NULL,
  PRIMARY KEY (`id_clientecultivo`),
  KEY `id_cultivo` (`id_cultivo`),
  KEY `cliente_cultivo_ibfk_1` (`id_cliente`)
) ENGINE=InnoDB  DEFAULT CHARSET=latin1 AUTO_INCREMENT=1083 ;

--
-- Volcado de datos para la tabla `cliente_cultivo`
--

INSERT INTO `cliente_cultivo` (`id_clientecultivo`, `id_cliente`, `id_cultivo`) VALUES
(1, '1038409756', 1),
(2, '900574149', 1),
(3, '15295909', 1),
(4, '15309233', 1),
(5, '15324361', 1),
(6, '15327999', 1),
(7, '15328906', 1),
(8, '15329135', 1),
(9, '15353515', 1),
(10, '15353731', 1),
(11, '15355919', 1),
(12, '15379617', 1),
(13, '15427415', 1),
(14, '15483509', 1),
(15, '15484795', 1),
(16, '15526575', 1),
(17, '19273493', 1),
(18, '21470738', 1),
(19, '21481889', 1),
(20, '21702295', 1),
(21, '21835269', 1),
(22, '21846981', 1),
(23, '21905799', 1),
(24, '22101201', 1),
(25, '22188318', 1),
(26, '32562984', 1),
(27, '3469883', 1),
(28, '3496338', 1),
(29, '39450147', 1),
(30, '42843853', 1),
(31, '42901108', 1),
(32, '43362813', 1),
(33, '43456639', 1),
(34, '4346503', 1),
(35, '43467133', 1),
(36, '6445660', 1),
(37, '70036340', 1),
(38, '70193491', 1),
(39, '70194482', 1),
(40, '70286618', 1),
(41, '70288508', 1),
(42, '70415650', 1),
(43, '70415970', 1),
(44, '70421526', 1),
(45, '70556122', 1),
(46, '70561298', 1),
(47, '70562742', 1),
(48, '70696427', 1),
(49, '70953633', 1),
(50, '70976925', 1),
(51, '71111314', 1),
(52, '71117018', 1),
(53, '71117450', 1),
(54, '71689936', 1),
(55, '71691865', 1),
(56, '71777659', 1),
(57, '71905054', 1),
(58, '71905745', 1),
(59, '7459121', 1),
(60, '800010950', 1),
(61, '811006580', 1),
(62, '811010512', 1),
(63, '811015568', 1),
(64, '811034694', 1),
(65, '811037075', 1),
(66, '811043038', 1),
(67, '8244359', 1),
(68, '8354928', 1),
(69, '8417234', 1),
(70, '890904224', 1),
(71, '890904478', 1),
(72, '890904867', 1),
(73, '890907245', 1),
(74, '890907638', 1),
(75, '890912426', 1),
(76, '890916557', 1),
(77, '890917018', 1),
(78, '890918965', 1),
(79, '890926766', 1),
(80, '890927513', 1),
(81, '890938750', 1),
(82, '890982515', 1),
(83, '900010429', 1),
(84, '900010430', 1),
(85, '900068296', 1),
(86, '900088916', 1),
(87, '900089324', 1),
(88, '43717110', 1),
(89, '900122755', 1),
(90, '900162495', 1),
(91, '900232366', 1),
(92, '900234294', 1),
(93, '900302458', 1),
(94, '900308111', 1),
(95, '900324122', 1),
(96, '900398085', 1),
(97, '900405749', 1),
(98, '900418420', 1),
(99, '900450073', 1),
(100, '900452111', 1),
(101, '900458508', 1),
(102, '900478724', 1),
(103, '900485008', 1),
(104, '900522265', 1),
(105, '900550536', 1),
(106, '900551620', 1),
(107, '98497212', 1),
(108, '3469254', 1),
(109, '71490179', 1),
(110, '900520255', 1),
(111, '34694270', 1),
(112, '900076699', 1),
(113, '32447938', 1),
(114, '21870714', 1),
(115, '900223393', 1),
(116, '900078950', 1),
(117, '900396502', 1),
(118, '3626061', 1),
(119, '900120015', 1),
(120, '70784815', 1),
(121, '900306213', 1),
(122, '42421092', 1),
(123, '900031088', 1),
(124, '811029042', 1),
(125, '98569114', 1),
(126, '890907323', 1),
(127, '15354016', 1),
(128, '3469820', 1),
(129, '900306990', 1),
(130, '811009524', 1),
(131, '900561996', 1),
(132, '900623146', 1),
(133, '900351474', 1),
(134, '890900043', 1),
(135, '71991096', 1),
(136, '3469916', 1),
(137, '15437955', 1),
(138, '70191100', 1),
(139, '15328549', 1),
(140, '892200648', 1),
(141, '900646181', 1),
(142, '900155227', 1),
(143, '800014656', 1),
(144, '42902541', 1),
(145, '890940649', 1),
(146, '900703597', 1),
(147, '8154510', 1),
(148, '98495090', 1),
(149, '70195946', 1),
(150, '42879572', 1),
(151, '71875583', 1),
(152, '890938691', 1),
(153, '811039709', 1),
(154, '890938692', 1),
(155, '811039710', 1),
(156, '900560496', 1),
(157, '900483131', 1),
(158, '900700594', 1),
(159, '15350225', 1),
(160, '900802908', 1),
(161, '15486804', 1),
(162, '43366080', 1),
(163, '43366346', 1),
(164, '900608308', 1),
(165, '811029497', 1),
(166, '71906062', 1),
(167, '15355154', 1),
(168, '900451935', 1),
(169, '900434094', 1),
(170, '900041685', 1),
(171, '900224099', 1),
(172, '98494100', 1),
(173, '1033653665', 1),
(174, '900120457', 1),
(175, '900812952', 1),
(176, '900618127', 1),
(177, '900699198', 1),
(178, '900823750', 1),
(179, '811043716', 1),
(180, '890930847', 1),
(181, '900808640', 1),
(182, '71905891', 1),
(183, '21470883', 1),
(184, '800040534', 1),
(185, '900163815', 1),
(186, '70192838', 1),
(187, '900233284', 1),
(188, '800245275', 1),
(189, '800109363', 1),
(190, '811012468', 1),
(191, '811045043', 1),
(192, '811018266', 1),
(193, '900044503', 1),
(194, '900147530', 1),
(195, '811036701', 1),
(196, '800142181', 1),
(197, '900583470', 1),
(198, '890901756', 1),
(199, '860011246', 1),
(200, '900840409', 1),
(201, '71577391', 1),
(202, '891001125', 1),
(203, '823002496', 1),
(204, '1017176525', 1),
(205, '800076381', 1),
(206, '15352010', 1),
(207, '9001141453', 1),
(208, '900758003', 1),
(209, '32465496', 1),
(210, '64560234', 1),
(211, '43808486', 1),
(212, '3436587', 1),
(213, '900921157', 1),
(214, '811045791', 1),
(215, '70547271', 1),
(216, '811038838', 1),
(217, '800152266', 1),
(218, '811024238', 1),
(219, '800004708', 1),
(220, '800022051', 1),
(221, '900534120', 1),
(222, '890930060', 1),
(223, '900830575', 1),
(224, '70353735', 1),
(225, '900807878', 1),
(226, '900222313', 1),
(227, '900881832', 1),
(228, '78028149', 1),
(229, '70410283', 1),
(230, '900222465', 1),
(231, '900474414', 1),
(232, '900444199', 1),
(233, '900413207', 1),
(234, '800172762', 1),
(235, '900941574', 1),
(236, '900974078', 1),
(237, '900867864', 1),
(238, '19895118', 1),
(239, '70850983', 1),
(240, '900296617', 1),
(241, '900820087', 1),
(242, '900425148', 1),
(243, '900949580', 1),
(244, '10932605', 1),
(245, '900252345', 1),
(246, '3514368', 1),
(247, '8306390', 1),
(248, '900365147', 1),
(249, '900984336', 1),
(250, '900984454', 1),
(251, '900984415', 1),
(252, '15384780', 1),
(253, '8151476', 1),
(254, '1055670021', 1),
(255, '1056074372', 1),
(256, '1184810', 1),
(257, '17174077', 1),
(258, '23284942', 1),
(259, '23315189', 1),
(260, '23322626', 1),
(261, '23360477', 1),
(262, '23501534', 1),
(263, '23682030', 1),
(264, '23770221', 1),
(265, '23857092', 1),
(266, '23857499', 1),
(267, '23924909', 1),
(268, '24202227', 1),
(269, '24211745', 1),
(270, '24212610', 1),
(271, '24219290', 1),
(272, '24219461', 1),
(273, '33655080', 1),
(274, '40014129', 1),
(275, '40019275', 1),
(276, '40024546', 1),
(277, '40026954', 1),
(278, '40038353', 1),
(279, '40041614', 1),
(280, '7161945', 1),
(281, '4081988', 1),
(282, '4123343', 1),
(283, '4164884', 1),
(284, '41676788', 1),
(285, '4192350', 1),
(286, '4215675', 1),
(287, '4216071', 1),
(288, '4234154', 1),
(289, '4248330', 1),
(290, '4248504', 1),
(291, '4266975', 1),
(292, '4267815', 1),
(293, '42865430', 1),
(294, '42911680', 1),
(295, '4291288', 1),
(296, '4291434', 1),
(297, '4293692', 1),
(298, '46368083', 1),
(299, '46381306', 1),
(300, '46454186', 1),
(301, '6744099', 1),
(302, '6751649', 1),
(303, '6760834', 1),
(304, '6775268', 1),
(305, '7120221', 1),
(306, '7124528', 1),
(307, '7125403', 1),
(308, '7125661', 1),
(309, '7162358', 1),
(310, '7169197', 1),
(311, '7172490', 1),
(312, '7176311', 1),
(313, '7176401', 1),
(314, '7181687', 1),
(315, '7226324', 1),
(316, '72326708', 1),
(317, '7307958', 1),
(318, '7313149', 1),
(319, '741505250', 1),
(320, '74326094', 1),
(321, '74333619', 1),
(322, '74357273', 1),
(323, '743736890', 1),
(324, '74378887', 1),
(325, '74439231', 1),
(326, '80295477', 1),
(327, '804664130', 1),
(328, '820003266', 1),
(329, '820004891', 1),
(330, '900034026', 1),
(331, '900144317', 1),
(332, '900161445', 1),
(333, '900201541', 1),
(334, '900369584', 1),
(335, '900385242', 1),
(336, '900405205', 1),
(337, '900407457', 1),
(338, '900414986', 1),
(339, '900432694', 1),
(340, '900440825', 1),
(341, '9320094', 1),
(342, '9533314', 1),
(343, '9535541', 1),
(344, '79451108', 1),
(345, '4060790', 1),
(346, '1057214047', 1),
(347, '23474792', 1),
(348, '900571240', 1),
(349, '900306424', 1),
(350, '7170215', 1),
(351, '1051475761', 1),
(352, '6764643', 1),
(353, '74364561', 1),
(354, '1049642512', 1),
(355, '24219165', 1),
(356, '1056954866', 1),
(357, '72325090', 1),
(358, '7128002', 1),
(359, '1056482062', 1),
(360, '900803721', 1),
(361, '33367879', 1),
(362, '900749866', 1),
(363, '900775482', 1),
(364, '40042418', 1),
(365, '9535249', 1),
(366, '1055670192', 1),
(367, '4188436', 1),
(368, '4211865', 1),
(369, '40037679', 1),
(370, '1051240521', 1),
(371, '7172821', 1),
(372, '1057185738', 1),
(373, '74362683', 1),
(374, '46457571', 1),
(375, '900926508', 1),
(376, '4252882', 1),
(377, '40029678', 1),
(378, '4291322', 1),
(379, '1056954289', 1),
(380, '40028657', 1),
(381, '24070039', 1),
(382, '1052312192', 1),
(383, '7182530', 1),
(384, '19499776', 1),
(385, '4250908', 1),
(386, '7185676', 1),
(387, '24187529', 1),
(388, '74334661', 1),
(389, '1049617702', 1),
(390, '1054372977', 1),
(391, '23583076', 1),
(392, '19412643', 1),
(393, '7172890', 1),
(394, '1049631078', 1),
(395, '800166277', 1),
(396, '34545468', 1),
(397, '10295450', 1),
(398, '1068952210', 1),
(399, '1074132184', 1),
(400, '1049618272', 1),
(401, '11325215', 1),
(402, '11333168', 1),
(403, '11383908', 1),
(404, '11384873', 1),
(405, '11385530', 1),
(406, '11405203', 1),
(407, '11406708', 1),
(408, '11409358', 1),
(409, '11510798', 1),
(410, '11518196', 1),
(411, '19056254', 1),
(412, '19189213', 1),
(413, '1933650', 1),
(414, '203206', 1),
(415, '20368813', 1),
(416, '20564950', 1),
(417, '20753345', 1),
(418, '20885500', 1),
(419, '20887025', 1),
(420, '21061347', 1),
(421, '21061587', 1),
(422, '21103422', 1),
(423, '21074199', 1),
(424, '217721', 1),
(425, '28788394', 1),
(426, '2984847', 1),
(427, '3003158', 1),
(428, '3022802', 1),
(429, '3091276', 1),
(430, '3100345', 1),
(431, '3151999', 1),
(432, '3165733', 1),
(433, '3169205', 1),
(434, '3169700', 1),
(435, '3195434', 1),
(436, '3220712', 1),
(437, '32209356', 1),
(438, '3226153', 1),
(439, '3240770', 1),
(440, '3242238', 1),
(441, '3242673', 1),
(442, '3242934', 1),
(443, '35375316', 1),
(444, '35513900', 1),
(445, '38246039', 1),
(446, '39611509', 1),
(447, '39725342', 1),
(448, '40412434', 1),
(449, '406956', 1),
(450, '412379', 1),
(451, '41389125', 1),
(452, '41578295', 1),
(453, '4215889', 1),
(454, '518018972', 1),
(455, '5767701', 1),
(456, '60346986', 1),
(457, '6763130', 1),
(458, '74364229', 1),
(459, '79136418', 1),
(460, '80725697', 1),
(461, '79184573', 1),
(462, '79319507', 1),
(463, '79654721', 1),
(464, '79664387', 1),
(465, '79905889', 1),
(466, '79959195', 1),
(467, '800159028', 1),
(468, '800223743', 1),
(469, '80063350', 1),
(470, '80108138', 1),
(471, '803402500', 1),
(472, '80353254', 1),
(473, '80380666', 1),
(474, '80391480', 1),
(475, '80393166', 1),
(476, '80393267', 1),
(477, '80393638', 1),
(478, '80396713', 1),
(479, '80397141', 1),
(480, '80398002', 1),
(481, '80450140', 1),
(482, '80450272', 1),
(483, '80466710', 1),
(484, '80467457', 1),
(485, '804678740', 1),
(486, '80468489', 1),
(487, '80537752', 1),
(488, '80537840', 1),
(489, '808001639', 1),
(490, '808003068', 1),
(491, '82390977', 1),
(492, '82392101', 1),
(493, '830119428', 1),
(494, '830123012', 1),
(495, '830506344', 1),
(496, '832002204', 1),
(497, '832004593', 1),
(498, '832006674', 1),
(499, '832008547', 1),
(500, '832009053', 1),
(501, '832009355', 1),
(502, '860046341', 1),
(503, '860522063', 1),
(504, '87571347', 1),
(505, '900036777', 1),
(506, '900123883', 1),
(507, '900130013', 1),
(508, '900260528', 1),
(509, '900319437', 1),
(510, '900342127', 1),
(511, '900407253', 1),
(512, '900408946', 1),
(513, '900429519', 1),
(514, '900433952', 1),
(515, '900471182', 1),
(516, '900477132', 1),
(517, '900482836', 1),
(518, '900556152', 1),
(519, '91218371', 1),
(520, '3262542', 1),
(521, '93349815', 1),
(522, '93366147', 1),
(523, '3151916', 1),
(524, '3186164', 1),
(525, '900034616', 1),
(526, '900084568', 1),
(527, '80450058', 1),
(528, '51889263', 1),
(529, '79182560', 1),
(530, '40764082', 1),
(531, '900599976', 1),
(532, '79448707', 1),
(533, '900611017', 1),
(534, '16608198', 1),
(535, '900294698', 1),
(536, '20646076', 1),
(537, '20564505', 1),
(538, '1070752706', 1),
(539, '1022954189', 1),
(540, '39622668', 1),
(541, '1033775400', 1),
(542, '900617159', 1),
(543, '1077145788', 1),
(544, '900075256', 1),
(545, '900475031', 1),
(546, '3091263', 1),
(547, '800239996', 1),
(548, '900613466', 1),
(549, '900539182', 1),
(550, '900676919', 1),
(551, '11431130', 1),
(552, '79739521', 1),
(553, '840001061', 1),
(554, '52087264', 1),
(555, '900704967', 1),
(556, '900705480', 1),
(557, '21103504', 1),
(558, '900714708', 1),
(559, '3110903', 1),
(560, '11255509', 1),
(561, '20484925', 1),
(562, '808003435', 1),
(563, '52289350', 1),
(564, '900500932', 1),
(565, '1097394083', 1),
(566, '6017727', 1),
(567, '52888194', 1),
(568, '11448163', 1),
(569, '800225340', 1),
(570, '80525942', 1),
(571, '900820066', 1),
(572, '900847995', 1),
(573, '79814159', 1),
(574, '1020735555', 1),
(575, '900408676', 1),
(576, '900769104', 1),
(577, '900889093', 1),
(578, '900057744', 1),
(579, '900385322', 1),
(580, '20546138', 1),
(581, '80466062', 1),
(582, '3100576', 1),
(583, '900527565', 1),
(584, '80664178', 1),
(585, '4248581', 1),
(586, '19491115', 1),
(587, '830060622', 1),
(588, '832007489', 1),
(589, '900983749', 1),
(590, '80311250', 1),
(591, '80450108', 1),
(592, '41955417', 1),
(593, '900486564', 1),
(594, '900104515', 1),
(595, '900781944', 1),
(596, '900456277', 1),
(597, '900075982', 1),
(598, '805020771', 1),
(599, '75085027', 1),
(600, '900299708', 1),
(601, '102645150', 1),
(602, '75073570', 1),
(603, '900766077', 1),
(604, '10273627', 1),
(605, '16245888', 1),
(606, '900485201', 1),
(607, '815001258', 1),
(608, '890305174', 1),
(609, '41890814', 1),
(610, '900132411', 1),
(611, '900642394', 1),
(612, '7520758', 1),
(613, '891401093', 1),
(614, '15906888', 1),
(615, '900131512', 1),
(616, '900308138', 1),
(617, '900785534', 1),
(618, '900710484', 1),
(619, '860007538', 1),
(620, '25016809', 1),
(621, '7508676', 1),
(622, '18392425', 1),
(623, '94273705', 1),
(624, '6342159', 1),
(625, '900511074', 1),
(626, '6247572', 1),
(627, '810006056', 1),
(628, '900109722', 1),
(629, '29665896', 1),
(630, '891900475', 1),
(631, '41579043', 1),
(632, '9817403', 1),
(633, '6247862', 1),
(634, '98334454', 1),
(635, '94407443', 1),
(636, '900473544', 1),
(637, '16894373', 1),
(638, '900149535', 1),
(639, '891900391', 1),
(640, '891900487', 1),
(641, '900741284', 1),
(642, '830515183', 1),
(643, '900583164', 1),
(644, '800096422', 1),
(645, '42091267', 1),
(646, '38893609', 1),
(647, '800193348', 1),
(648, '891900236', 1),
(649, '16366170', 1),
(650, '900765464', 1),
(651, '900539592', 1),
(652, '75065538', 1),
(653, '891400088', 1),
(654, '94193035', 1),
(655, '6318177', 1),
(656, '815003648', 1),
(657, '9807051', 1),
(658, '900321419', 1),
(659, '9957626', 1),
(660, '900137473', 1),
(661, '1130625032', 1),
(662, '836000548', 1),
(663, '1144062795', 1),
(664, '10238804', 1),
(665, '810002448', 1),
(666, '810002407', 1),
(667, '810004072', 1),
(668, '900208066', 1),
(669, '800047367', 1),
(670, '816006464', 1),
(671, '4340961', 1),
(672, '24683880', 1),
(673, '7521032', 1),
(674, '900581167', 1),
(675, '890306231', 1),
(676, '900301797', 1),
(677, '24763747', 1),
(678, '16798404', 1),
(679, '1053792313', 1),
(680, '66857054', 1),
(681, '75142855', 1),
(682, '900349569', 1),
(683, '16356127', 1),
(684, '24370790', 1),
(685, '6268622', 1),
(686, '66887792', 1),
(687, '900813710', 1),
(688, '900391494', 1),
(689, '25160213', 1),
(690, '76313433', 1),
(691, '815002075', 1),
(692, '19247303', 1),
(693, '6423266', 1),
(694, '900539144', 1),
(695, '75072439', 1),
(696, '816004287', 1),
(697, '18500116', 1),
(698, '14884881', 1),
(699, '75066375', 1),
(700, '1059786244', 1),
(701, '4453873', 1),
(702, '16489789', 1),
(703, '900819311', 1),
(704, '1089746017', 1),
(705, '890319806', 1),
(706, '6248662', 1),
(707, '10129789', 1),
(708, '24364504', 1),
(709, '810005565', 1),
(710, '890805963', 1),
(711, '800019837', 1),
(712, '900261676', 1),
(713, '10212134', 1),
(714, '900772522', 1),
(715, '14893001', 1),
(716, '890803981', 1),
(717, '900878752', 1),
(718, '900426094', 1),
(719, '16548947', 1),
(720, '24276253', 1),
(721, '890806048', 1),
(722, '900881439', 1),
(723, '900506620', 1),
(724, '24547660', 1),
(725, '24310499', 1),
(726, '810004405', 1),
(727, '900483899', 1),
(728, '800210882', 1),
(729, '10280310', 1),
(730, '900341299', 1),
(731, '900493943', 1),
(732, '30273370', 1),
(733, '30325770', 1),
(734, '4473819', 1),
(735, '94419747', 1),
(736, '38892117', 1),
(737, '1053795962', 1),
(738, '4336947', 1),
(739, '25096646', 1),
(740, '24319076', 1),
(741, '7563577', 1),
(742, '80380394', 1),
(743, '900144428', 1),
(744, '6497180', 1),
(745, '900054092', 1),
(746, '4611807', 1),
(747, '6423282', 1),
(748, '94471448', 1),
(749, '51592128', 1),
(750, '900452307', 1),
(751, '817007055', 1),
(752, '24395736', 1),
(753, '900811082', 1),
(754, '6436394', 1),
(755, '10277745', 1),
(756, '805019457', 1),
(757, '29739519', 1),
(758, '6316241', 1),
(759, '816006092', 1),
(760, '1053787524', 1),
(761, '16203858', 1),
(762, '900656046', 1),
(763, '29135323', 1),
(764, '1130651771', 1),
(765, '900734207', 1),
(766, '900661571', 1),
(767, '891100321', 1),
(768, '891102742', 1),
(769, '800153144', 1),
(770, '17641619', 1),
(771, '900315039', 1),
(772, '900829016', 1),
(773, '1083875491', 1),
(774, '55195001', 1),
(775, '12227169', 1),
(776, '1089076779', 1),
(777, '900609645', 1),
(778, '900466824', 1),
(779, '813008435', 1),
(780, '4731061', 1),
(781, '26427416', 1),
(782, '900424341', 1),
(783, '1083887435', 1),
(784, '36280480', 1),
(785, '83041305', 1),
(786, '900454452', 1),
(787, '80209045', 1),
(788, '12210327', 1),
(789, '12233957', 1),
(790, '17704890', 1),
(791, '12201285', 1),
(792, '12189856', 1),
(793, '12168957', 1),
(794, '12208074', 1),
(795, '76357945', 1),
(796, '4730180', 1),
(797, '79788666', 1),
(798, '891101158', 1),
(799, '7697050', 1),
(800, '12188274', 1),
(801, '12194660', 1),
(802, '5311653', 1),
(803, '36089572', 1),
(804, '36089274', 1),
(805, '12135921', 1),
(806, '900951704', 1),
(807, '12209233', 1),
(808, '900416225', 1),
(809, '891100445', 1),
(810, '3293930', 1),
(811, '844003151', 1),
(812, '14895602', 1),
(813, '79781425', 1),
(814, '900528742', 1),
(815, '900087414', 1),
(816, '40396175', 1),
(817, '900474780', 1),
(818, '900168533', 1),
(819, '900335836', 1),
(820, '79295560', 1),
(821, '890207037', 1),
(822, '900404036', 1),
(823, '1061791292', 1),
(824, '900347116', 1),
(825, '63360426', 1),
(826, '809012928', 1),
(827, '890707192', 1),
(828, '890704021', 1),
(829, '1110460337', 1),
(830, '809008658', 1),
(831, '900162468', 1),
(832, '890700058', 1),
(833, '809005667', 1),
(834, '809000555', 1),
(835, '890701355', 1),
(836, '900495397', 1),
(837, '900505360', 1),
(838, '900065578', 1),
(839, '890702966', 1),
(840, '900400049', 1),
(841, '93371158', 1),
(842, '860000698', 1),
(843, '93150692', 1),
(844, '900598481', 1),
(845, '21203075', 1),
(846, '900346992', 1),
(847, '900815808', 1),
(848, '822003732', 1),
(849, '809001395', 1),
(850, '900835915', 1),
(851, '15375956', 1),
(852, '15386917', 1),
(853, '800016390', 1),
(854, '800020274', 1),
(855, '800023622', 1),
(856, '800027543', 1),
(857, '800039849', 1),
(858, '800053849', 1),
(859, '800099480', 1),
(860, '800126242', 1),
(861, '800153745', 1),
(862, '800160435', 1),
(863, '811008489', 1),
(864, '811015317', 1),
(865, '811018494', 1),
(866, '811020107', 1),
(867, '811024612', 1),
(868, '811028567', 1),
(869, '811035110', 1),
(870, '811037591', 1),
(871, '811037748', 1),
(872, '811037797', 1),
(873, '811039503', 1),
(874, '830042112', 1),
(875, '830076169', 1),
(876, '830124437', 1),
(877, '830136939', 1),
(878, '830509987', 1),
(879, '900305698', 1),
(880, '890911705', 1),
(881, '890913944', 1),
(882, '890926122', 1),
(883, '890929171', 1),
(884, '890938755', 1),
(885, '890938757', 1),
(886, '890980097', 1),
(887, '900223044', 1),
(888, '900244262', 1),
(889, '98570864', 1),
(890, '900570211', 1),
(891, '15444890', 1),
(892, '900604830', 1),
(893, '811032433', 1),
(894, '900111576', 1),
(895, '900321282', 1),
(896, '15383169', 1),
(897, '811046268', 1),
(898, '900440984', 1),
(899, '811044255', 1),
(900, '900424415', 1),
(901, '800004048', 3),
(902, '800010991', 3),
(903, '800013638', 3),
(904, '800021599', 3),
(905, '800022398', 3),
(906, '800026845', 3),
(907, '800027501', 3),
(908, '800031939', 3),
(909, '800049458', 3),
(910, '800050714', 3),
(911, '800065684', 3),
(912, '800067466', 3),
(913, '800069643', 3),
(914, '800089361', 3),
(915, '800095068', 3),
(916, '800096494', 3),
(917, '800101932', 3),
(918, '800108333', 3),
(919, '800114867', 3),
(920, '800114953', 3),
(921, '800119297', 3),
(922, '800121823', 3),
(923, '800123857', 3),
(924, '800123913', 3),
(925, '800125859', 3),
(926, '800126875', 3),
(927, '800129680', 3),
(928, '800130305', 3),
(929, '800130771', 3),
(930, '800132469', 3),
(931, '800133063', 3),
(932, '800136041', 3),
(933, '800142580', 3),
(934, '800145764', 3),
(935, '800149419', 3),
(936, '800154771', 3),
(937, '800157895', 3),
(938, '800158149', 3),
(939, '800164874', 3),
(940, '800195429', 3),
(941, '800202197', 3),
(942, '800205120', 3),
(943, '800209481', 3),
(944, '800214937', 3),
(945, '800218042', 3),
(946, '800227103', 3),
(947, '800227624', 3),
(948, '830002313', 3),
(949, '830005674', 3),
(950, '830010738', 3),
(951, '830022781', 3),
(952, '830028496', 3),
(953, '830031070', 3),
(954, '830035143', 3),
(955, '830039311', 3),
(956, '830042322', 3),
(957, '830046733', 3),
(958, '830052657', 3),
(959, '830057697', 3),
(960, '830058891', 3),
(961, '830067747', 3),
(962, '830085047', 3),
(963, '830085690', 3),
(964, '830090742', 3),
(965, '830091683', 3),
(966, '830092332', 3),
(967, '830093741', 3),
(968, '830098375', 3),
(969, '830100158', 3),
(970, '830103204', 3),
(971, '830116204', 3),
(972, '830125341', 3),
(973, '830127761', 3),
(974, '830131273', 3),
(975, '830131884', 3),
(976, '830136561', 3),
(977, '830136669', 3),
(978, '830139955', 3),
(979, '830140122', 3),
(980, '830140335', 3),
(981, '830141144', 3),
(982, '830141761', 3),
(983, '830144599', 3),
(984, '830144787', 3),
(985, '830501747', 3),
(986, '830507195', 3),
(987, '832005522', 3),
(988, '832009573', 3),
(989, '832010066', 3),
(990, '832010320', 3),
(991, '832010593', 3),
(992, '860009645', 3),
(993, '860025565', 3),
(994, '860025707', 3),
(995, '860025845', 3),
(996, '860031657', 3),
(997, '860032436', 3),
(998, '860040407', 3),
(999, '860043345', 3),
(1000, '860043588', 3),
(1001, '860048015', 3),
(1002, '860048521', 3),
(1003, '860049100', 3),
(1004, '860050371', 3),
(1005, '860053966', 3),
(1006, '860054546', 3),
(1007, '860065678', 3),
(1008, '860350564', 3),
(1009, '860351680', 3),
(1010, '860351923', 3),
(1011, '860353804', 3),
(1012, '860354073', 3),
(1013, '860518356', 3),
(1014, '860518654', 3),
(1015, '860521813', 3),
(1016, '860522101', 3),
(1017, '860522815', 3),
(1018, '860524163', 3),
(1019, '860526236', 3),
(1020, '860529858', 3),
(1021, '860531704', 3),
(1022, '860532145', 3),
(1023, '860536195', 3),
(1024, '900008751', 3),
(1025, '900014838', 3),
(1026, '900031275', 3),
(1027, '900053198', 3),
(1028, '900054881', 3),
(1029, '900060761', 3),
(1030, '900098416', 3),
(1031, '900114272', 3),
(1032, '900119929', 3),
(1033, '900123127', 3),
(1034, '900149268', 3),
(1035, '900149336', 3),
(1036, '900222344', 3),
(1037, '900232379', 3),
(1038, '900254024', 3),
(1039, '900266647', 3),
(1040, '900338701', 3),
(1041, '900339026', 3),
(1042, '900362839', 3),
(1043, '900373944', 3),
(1044, '900388024', 3),
(1045, '900409984', 3),
(1046, '900412466', 3),
(1047, '900444854', 3),
(1048, '900485333', 3),
(1049, '900485334', 3),
(1050, '900485345', 3),
(1051, '900485397', 3),
(1052, '900487894', 3),
(1053, '900487896', 3),
(1054, '900519765', 3),
(1055, '900529903', 3),
(1056, '860353082', 3),
(1057, '800162991', 3),
(1058, '1032414846', 3),
(1059, '900528213', 3),
(1060, '900250463', 3),
(1061, '800100639', 3),
(1062, '900354395', 3),
(1063, '900593408', 3),
(1064, '900278411', 3),
(1065, '900549740', 3),
(1066, '800237418', 3),
(1067, '860533838', 3),
(1068, '860041216', 3),
(1069, '830062640', 3),
(1070, '830116006', 3),
(1071, '900703463', 3),
(1072, '800137443', 3),
(1073, '900783814', 3),
(1074, '900738453', 3),
(1075, '900855679', 3),
(1076, '832001581', 3),
(1077, '900492396', 3),
(1078, '900897223', 3),
(1079, '830099077', 3),
(1080, '830501605', 3),
(1081, '900425086', 3),
(1082, '900936801', 3);

-- --------------------------------------------------------

--
-- Estructura de tabla para la tabla `cliente_municipio`
--

CREATE TABLE IF NOT EXISTS `cliente_municipio` (
  `id_clientemunicipio` int(11) NOT NULL AUTO_INCREMENT,
  `id_cliente` varchar(10) NOT NULL,
  `id_municipio` int(3) NOT NULL,
  `hect_cliente` int(4) NOT NULL,
  `hectsemb_cliente` int(4) NOT NULL,
  `tel_cliente` varchar(11) NOT NULL,
  `fcumpleanos_cliente` date NOT NULL,
  `email_cliente` varchar(60) NOT NULL,
  `direccion_cliente` varchar(80) NOT NULL,
  `vtotalcompras_cliente` varchar(30) NOT NULL,
  `id_usuario` varchar(30) NOT NULL,
  `contacto_cliente` varchar(60) NOT NULL,
  PRIMARY KEY (`id_clientemunicipio`),
  KEY `id_usuario` (`id_usuario`),
  KEY `id_cliente` (`id_cliente`),
  KEY `id_municipio` (`id_municipio`)
) ENGINE=InnoDB  DEFAULT CHARSET=latin1 AUTO_INCREMENT=1108 ;

--
-- Volcado de datos para la tabla `cliente_municipio`
--

INSERT INTO `cliente_municipio` (`id_clientemunicipio`, `id_cliente`, `id_municipio`, `hect_cliente`, `hectsemb_cliente`, `tel_cliente`, `fcumpleanos_cliente`, `email_cliente`, `direccion_cliente`, `vtotalcompras_cliente`, `id_usuario`, `contacto_cliente`) VALUES
(1, '3436587', 1, 0, 0, '948647122', '2016-10-01', 'NA', 'CR 50 51 49 ', '0', 'mserna', 'NA'),
(2, '3469254', 58, 0, 0, '3113810065', '2016-10-01', 'NA', 'CR 12 10 A 102 ', '0', 'ravila', 'NA'),
(3, '3469820', 58, 0, 0, '948670370', '2016-10-01', 'NA', 'CL 7 11 26 BRR SAN VICENTE ', '0', 'ravila', 'NA'),
(4, '3469883', 58, 0, 0, '948670027', '2016-10-01', 'NA', 'CR 13 12 36 ', '0', 'ravila', 'NA'),
(5, '3469916', 58, 0, 0, '948670365', '2016-10-01', 'NA', 'CL 9 BRR EL MIRADOR ', '0', 'ravila', 'NA'),
(6, '3496338', 144, 0, 0, '948686450', '2016-10-01', 'NA', 'CR 50 44 C 21 ', '0', 'ravila', 'NA'),
(7, '3514368', 93, 0, 0, '3113909764', '2016-10-01', 'NA', 'CR 30 16B 110 AP 401 ', '0', 'apacheco', 'NA'),
(8, '3626061', 158, 0, 0, '3104893756', '2016-10-01', 'NA', 'CR 13 13 42 ', '0', 'ravila', 'NA'),
(9, '4346503', 166, 0, 0, '3128345965', '2016-10-01', 'NA', 'CL 30 30 38 ', '0', 'ravila', 'NA'),
(10, '6445660', 89, 0, 0, '948206726', '2016-10-01', 'NA', 'CR 50 48 47 ', '0', 'mserna', 'NA'),
(11, '7459121', 177, 0, 0, '948871365', '2016-10-01', 'NA', 'CR 20 21 10 ', '0', 'ravila', 'NA'),
(12, '8151476', 151, 0, 0, '3176709670', '2016-10-01', 'NA', 'CR 37 31A 80 ', '0', 'ravila', 'NA'),
(13, '8154510', 151, 0, 0, '3128519134', '2016-10-01', 'NA', 'CR 32 28 A 14 ', '0', 'ravila', 'NA'),
(14, '8244359', 144, 0, 0, '948687275', '2016-10-01', 'NA', 'CR 49 44 A 300 ', '0', 'ravila', 'NA'),
(15, '8306390', 93, 0, 0, '3148627815', '2016-10-01', 'NA', 'CR 41 B 30 B 110 AP 301 F ', '0', 'ravila', 'NA'),
(16, '8354928', 41, 0, 0, '948687710', '2016-10-01', 'NA', 'CR 22 22 117 ', '0', 'ravila', 'NA'),
(17, '10932605', 97, 0, 0, '3006603671', '2016-10-01', 'NA', 'CL 5 4 41 BRR BUENAVISTA ', '0', 'apacheco', 'NA'),
(18, '15295909', 167, 0, 0, '3108234795', '2016-10-01', 'NA', 'PUERTO VALDIVIA AGRO Z ', '0', 'ravila', 'NA'),
(19, '15309233', 159, 0, 0, '948366135', '2016-10-01', 'NA', 'TRONCAL VIA A LA COSTA ', '0', 'ravila', 'NA'),
(20, '15324361', 177, 0, 0, '948871246', '2016-10-01', 'NA', 'CR 20 21 37 ', '0', 'ravila', 'NA'),
(21, '15327999', 167, 0, 0, '3116582760', '2016-10-01', 'NA', 'KM 15 VIA LA COSTA ', '0', 'ravila', 'NA'),
(22, '15328549', 177, 0, 0, '3136862380', '2016-10-01', 'NA', 'CR 20 20 50 ', '0', 'ravila', 'NA'),
(23, '15328906', 177, 0, 0, '948536617', '2016-10-01', 'NA', 'CR 20 21 26 ', '0', 'ravila', 'NA'),
(24, '15329135', 144, 0, 0, '3206725448', '2016-10-01', 'NA', 'VDA ALTO DE MEDINA ', '0', 'ravila', 'NA'),
(25, '15350225', 93, 0, 0, '3103473873', '2016-10-01', 'NA', 'VDA EL ESPINAL ', '0', 'ravila', 'NA'),
(26, '15352010', 144, 0, 0, '3146771064', '2016-10-01', 'NA', 'CR 51 N. 46 92 ', '0', 'ravila', 'NA'),
(27, '15353515', 82, 0, 0, '945560729', '2016-10-01', 'NA', 'CR 10 11 80 ', '0', 'mserna', 'NA'),
(28, '15353731', 144, 0, 0, '3206943254', '2016-10-01', 'NA', 'CR 50 45 64 ', '0', 'ravila', 'NA'),
(29, '15354016', 144, 0, 0, '3136839066', '2016-10-01', 'NA', 'CR 50 41 19 IN 201 ', '0', 'ravila', 'NA'),
(30, '15355154', 151, 0, 0, '3116016563', '2016-10-01', 'NA', 'CL BOQUERON 30A 36 IN 303 ', '0', 'ravila', 'NA'),
(31, '15355919', 82, 0, 0, '945560423', '2016-10-01', 'NA', 'CL 10 8 30 ', '0', 'mserna', 'NA'),
(32, '15379617', 77, 0, 0, '945531770', '2016-10-01', 'NA', 'CL 20 19 70 ', '0', 'mserna', 'NA'),
(33, '15384780', 151, 0, 0, '3163574562', '2016-10-01', 'NA', 'CL 28 29 41 APTO 301 ', '0', 'ravila', 'NA'),
(34, '15427415', 158, 0, 0, '3128500406', '2016-10-01', 'NA', 'PAR PRINCIPAL ', '0', 'ravila', 'NA'),
(35, '15437955', 123, 0, 0, '3128455103', '2016-10-01', 'NA', 'CL 56 43 70 ', '0', 'mserna', 'NA'),
(36, '15483509', 68, 0, 0, '945785772', '2016-10-01', 'NA', 'KM30 AUT MEDELLIN BOGOTA ', '0', 'mserna', 'NA'),
(37, '15484795', 166, 0, 0, '948503035', '2016-10-01', 'NA', 'CR 30 28 62 ', '0', 'ravila', 'NA'),
(38, '15486804', 166, 0, 0, '3146185801', '2016-10-01', 'NA', 'ESCOBAR HERRERA JORGE URIEL ', '0', 'ravila', 'NA'),
(39, '15526575', 7, 0, 0, '946416458', '2016-10-01', 'NA', 'CR 51 49 25 ', '0', 'ravila', 'NA'),
(40, '19273493', 155, 0, 0, '948691750', '2016-10-01', 'NA', 'CR 7 11 81 ', '0', 'mserna', 'NA'),
(41, '19895118', 102, 0, 0, '3148636277', '2016-10-01', 'NA', 'CALLE BOLIVAR ', '0', 'apacheco', 'NA'),
(42, '21470738', 155, 0, 0, '948691617', '2016-10-01', 'NA', 'CL 11 6 67 ', '0', 'mserna', 'NA'),
(43, '21470883', 93, 0, 0, '3146976380', '2016-10-01', 'NA', 'CR 38 CL 26 343 IN 408 ', '0', 'ravila', 'NA'),
(44, '21481889', 89, 0, 0, '945483777', '2016-10-01', 'NA', 'CR 30 B 31 11 ', '0', 'mserna', 'NA'),
(45, '21702295', 55, 0, 0, '948663669', '2016-10-01', 'NA', 'CR 29 30 96 ', '0', 'ravila', 'NA'),
(46, '21835269', 77, 0, 0, '945531017', '2016-10-01', 'NA', 'CR 21 18 53 ', '0', 'mserna', 'NA'),
(47, '21846981', 82, 0, 0, '945560637', '2016-10-01', 'NA', 'CL 10 8 62 ', '0', 'mserna', 'NA'),
(48, '21870714', 110, 0, 0, '948515455', '2016-10-01', 'NA', 'TV 07 CR 15 55 ', '0', 'mserna', 'NA'),
(49, '21905799', 110, 0, 0, '948515587', '2016-10-01', 'NA', 'CR 15 7 15 ', '0', 'mserna', 'NA'),
(50, '22101201', 155, 0, 0, '948694766', '2016-10-01', 'NA', 'CR 7 11 13 ', '0', 'mserna', 'NA'),
(51, '22188318', 159, 0, 0, '3137676858', '2016-10-01', 'NA', 'KM 12 VIA LA COSTA ', '0', 'ravila', 'NA'),
(52, '32447938', 74, 0, 0, '948455557', '2016-10-01', 'NA', 'CL 9 5 33 ', '0', 'ravila', 'NA'),
(53, '32465496', 58, 0, 0, '3104521144', '2016-10-01', 'NA', 'CR 12 CL 10 11 ', '0', 'ravila', 'NA'),
(54, '32562984', 159, 0, 0, '3104161596', '2016-10-01', 'NA', 'LA DOCE FERNAGRO ', '0', 'ravila', 'NA'),
(55, '34694270', 58, 0, 0, '3146307762', '2016-10-01', 'NA', 'CL 9 13 90 ', '0', 'ravila', 'NA'),
(56, '39450147', 68, 0, 0, '945626371', '2016-10-01', 'NA', 'VDA CHAPARRAL KM 30 ', '0', 'mserna', 'NA'),
(57, '42421092', 123, 0, 0, '945615883', '2016-10-01', 'NA', 'CR 46 55 55 ', '0', 'mserna', 'NA'),
(58, '42843853', 110, 0, 0, '948515719', '2016-10-01', 'NA', 'CR 15 A 2 45 ', '0', 'mserna', 'NA'),
(59, '42879572', 93, 0, 0, '3126592437', '2016-10-01', 'NA', 'CR 36 14 18 SUR 110 ', '0', 'ravila', 'NA'),
(60, '42901108', 55, 0, 0, '948663736', '2016-10-01', 'NA', 'CR 29 29 54 ', '0', 'ravila', 'NA'),
(61, '42902541', 55, 0, 0, '3146194751', '2016-10-01', 'NA', 'CL 31 27 22 ', '0', 'ravila', 'NA'),
(62, '43366080', 22, 0, 0, '3137213034', '2016-10-01', 'NA', 'CORR SAN FELIX ', '0', 'ravila', 'NA'),
(63, '43366346', 144, 0, 0, '3113625369', '2016-10-01', 'NA', 'CR 50 CL 44C 15 IN 158 ', '0', 'ravila', 'NA'),
(64, '43456639', 155, 0, 0, '948691310', '2016-10-01', 'NA', 'CL 6 5 46 ', '0', 'mserna', 'NA'),
(65, '43467133', 39, 0, 0, '945435472', '2016-10-01', 'NA', 'CR 31 27 04 ', '0', 'mserna', 'NA'),
(66, '43717110', 7, 0, 0, '3127451520', '2016-10-01', 'NA', 'AV JUAN DE DIOS URIBE 52A 24 ', '0', 'ravila', 'NA'),
(67, '43808486', 107, 0, 0, '3136927620', '2016-10-01', 'NA', 'PACORA CALDAS FINCA LA MARGARITA ', '0', 'ravila', 'NA'),
(68, '64560234', 856, 0, 0, '3135734735', '2016-10-01', 'NA', 'CL 5 23 BR SAN JOSE ', '0', 'apacheco', 'NA'),
(69, '70191100', 144, 0, 0, '3113601757', '2016-10-01', 'NA', 'CR 5 191 100 ', '0', 'ravila', 'NA'),
(70, '70192838', 144, 0, 0, '3117616155', '2016-10-01', 'NA', 'CL 50 49 18 ', '0', 'ravila', 'NA'),
(71, '70193491', 144, 0, 0, '3103965272', '2016-10-01', 'NA', 'CR 49 A 50 A 74 ', '0', 'ravila', 'NA'),
(72, '70194482', 58, 0, 0, '948671396', '2016-10-01', 'NA', 'CL 13 11 32 ', '0', 'ravila', 'NA'),
(73, '70195946', 151, 0, 0, '3117620055', '2016-10-01', 'NA', 'VDA LA CABAÑA FINCA SANTO TOMAS ', '0', 'ravila', 'NA'),
(74, '70286618', 149, 0, 0, '948544644', '2016-10-01', 'NA', 'AV 26 A 27 01 ', '0', 'mserna', 'NA'),
(75, '70288508', 149, 0, 0, '948544605', '2016-10-01', 'NA', 'CL 26A DG 34 06 ', '0', 'mserna', 'NA'),
(76, '70353735', 93, 0, 0, '3137471665', '2016-10-01', 'NA', 'PM SEC 16 PT 596 ', '0', 'ravila', 'NA'),
(77, '70410283', 857, 0, 0, '3104297326', '2016-10-01', 'NA', 'CL 49 51 29 ', '0', 'ravila', 'NA'),
(78, '70415650', 857, 0, 0, '948411139', '2016-10-01', 'NA', 'CL 50 47 97 ', '0', 'ravila', 'NA'),
(79, '70415970', 857, 0, 0, '948412334', '2016-10-01', 'NA', 'CL 49 47 B 42 ', '0', 'ravila', 'NA'),
(80, '70421526', 857, 0, 0, '948411104', '2016-10-01', 'NA', 'CLL 49 48 18 ', '0', 'ravila', 'NA'),
(81, '70556122', 149, 0, 0, '948544310', '2016-10-01', 'NA', 'CR 26 34 56 ', '0', 'mserna', 'NA'),
(82, '70561298', 87, 0, 0, '943529801', '2016-10-01', 'NA', 'FRUTOS DE MIEL ', '0', 'ravila', 'NA'),
(83, '70562742', 144, 0, 0, '3113255031', '2016-10-01', 'NA', 'CL 50 50 14 ', '0', 'ravila', 'NA'),
(84, '70696427', 153, 0, 0, '945673804', '2016-10-01', 'NA', 'CL 52 A 50 23 ', '0', 'mserna', 'NA'),
(85, '70784815', 1, 0, 0, '958647694', '2016-10-01', 'NA', 'CL 51 51 28 ', '0', 'mserna', 'NA'),
(86, '70953633', 110, 0, 0, '948516329', '2016-10-01', 'NA', 'CR 16 7 30 ', '0', 'mserna', 'NA'),
(87, '70976925', 55, 0, 0, '3117695865', '2016-10-01', 'NA', 'CR 31 30 65 ', '0', 'ravila', 'NA'),
(88, '71111314', 82, 0, 0, '945687655', '2016-10-01', 'NA', 'CR 9 8 68 ', '0', 'mserna', 'NA'),
(89, '71117018', 77, 0, 0, '945530143', '2016-10-01', 'NA', 'CR 21 18 07 ', '0', 'mserna', 'NA'),
(90, '71117450', 39, 0, 0, '945436274', '2016-10-01', 'NA', 'CL 29 31 31 ', '0', 'mserna', 'NA'),
(91, '71490179', 51, 0, 0, '3116129665', '2016-10-01', 'NA', 'CR 19 20 36 ', '0', 'ravila', 'NA'),
(92, '71577391', 93, 0, 0, '3113337115', '2016-10-01', 'NA', 'CR 45 16 SUR 190IN 2205 ', '0', 'ravila', 'NA'),
(93, '71689936', 110, 0, 0, '948515829', '2016-10-01', 'NA', 'CR 19 3 27 ', '0', 'mserna', 'NA'),
(94, '71691865', 167, 0, 0, '948308674', '2016-10-01', 'NA', 'TRONCAL VIA LA COSTA ', '0', 'ravila', 'NA'),
(95, '71875583', 75, 0, 0, '3206754063', '2016-10-01', 'NA', 'CR 10 35 29 ', '0', 'mserna', 'NA'),
(96, '71905054', 77, 0, 0, '948670065', '2016-10-01', 'NA', 'CR 12 13 85 ', '0', 'ravila', 'NA'),
(97, '71905745', 58, 0, 0, '948670400', '2016-10-01', 'NA', 'CR 10 9 A 10 ', '0', 'ravila', 'NA'),
(98, '71905891', 58, 0, 0, '3117480223', '2016-10-01', 'NA', 'CR 14 9 16 IN 201 ', '0', 'ravila', 'NA'),
(99, '71906062', 151, 0, 0, '3136849356', '2016-10-01', 'NA', 'VDA MALAMBO ', '0', 'ravila', 'NA'),
(100, '78028149', 42, 0, 0, '3218395747', '2016-10-01', 'NA', 'CR 13 A BRR VENUS ', '0', 'apacheco', 'NA'),
(101, '98494100', 151, 0, 0, '3148335868', '2016-10-01', 'NA', 'CL 35 28A 97 ', '0', 'ravila', 'NA'),
(102, '98495090', 55, 0, 0, '3206933534', '2016-10-01', 'NA', 'CLL 28 22 260 ', '0', 'ravila', 'NA'),
(103, '98497212', 72, 0, 0, '943619129', '2016-10-01', 'NA', 'CL 82 47 25 ', '0', 'mserna', 'NA'),
(104, '98569114', 22, 0, 0, '3105083816', '2016-10-01', 'NA', 'DG 59 32 30 ', '0', 'mserna', 'NA'),
(105, '800010950', 93, 0, 0, '943164800', '2016-10-01', 'NA', 'CL 4 SUR 43 AA 30 OF 501 ED FORMACO ', '0', 'ravila', 'NA'),
(106, '800040534', 144, 0, 0, '952894018', '2016-10-01', 'NA', 'CL 12 12 56 BRR MANIZALEZ ', '0', 'apacheco', 'NA'),
(107, '800076381', 93, 0, 0, '943540354', '2016-10-01', 'NA', 'CR 33 7 29 IN 503 ', '0', 'ravila', 'NA'),
(108, '800172762', 97, 0, 0, '947822826', '2016-10-01', 'NA', 'CL 29 11 86 ', '0', 'apacheco', 'NA'),
(109, '811006580', 77, 0, 0, '945625414', '2016-10-01', 'NA', 'CR 19 24 41 ', '0', 'mserna', 'NA'),
(110, '811009524', 58, 0, 0, '3117704867', '2016-10-01', 'NA', 'CR 11 12 39 ', '0', 'ravila', 'NA'),
(111, '811015568', 123, 0, 0, '945610373', '2016-10-01', 'NA', 'CR 47 53 30 ', '0', 'mserna', 'NA'),
(112, '811029042', 93, 0, 0, '3105179584', '2016-10-01', 'NA', 'CL 51 51 27 ', '0', 'ravila', 'NA'),
(113, '811037075', 151, 0, 0, '948513723', '2016-10-01', 'NA', 'KM 75 VIA YARUMAL ', '0', 'ravila', 'NA'),
(114, '811043038', 82, 0, 0, '945560981', '2016-10-01', 'NA', 'CR 9 12 82 ', '0', 'mserna', 'NA'),
(115, '811043716', 96, 0, 0, '947626847', '2016-10-01', 'NA', 'CL 16 20 16 ', '0', 'ravila', 'NA'),
(116, '823002496', 858, 0, 0, '3116518298', '2016-10-01', 'NA', 'CL 21 24 73 ', '0', 'apacheco', 'NA'),
(117, '890904478', 93, 0, 0, '944453000', '2016-10-01', 'NA', 'CR 64 C 72 157 ', '0', 'ravila', 'NA'),
(118, '890904867', 68, 0, 0, '945510503', '2016-10-01', 'NA', 'CL 51 51 22 ', '0', 'mserna', 'NA'),
(119, '890907245', 151, 0, 0, '948605725', '2016-10-01', 'NA', 'CR 31 30 15 ', '0', 'ravila', 'NA'),
(120, '890907323', 130, 0, 0, '948442029', '2016-10-01', 'NA', 'CL 30 28 69 ', '0', 'ravila', 'NA'),
(121, '890907638', 93, 0, 0, '948414211', '2016-10-01', 'NA', 'CR 50 49A 52 ', '0', 'ravila', 'NA'),
(122, '890912426', 93, 0, 0, '942624624', '2016-10-01', 'NA', 'CL 32 48 45 ', '0', 'ravila', 'NA'),
(123, '890916557', 59, 0, 0, '943782692', '2016-10-01', 'NA', 'CL 49 SUR 46 01 ', '0', 'ravila', 'NA'),
(124, '890917018', 93, 0, 0, '943778777', '2016-10-01', 'NA', 'CR 42 53 26 ', '0', 'ravila', 'NA'),
(125, '890927513', 123, 0, 0, '945611027', '2016-10-01', 'NA', 'CL 55 41 85 ', '0', 'mserna', 'NA'),
(126, '890930847', 51, 0, 0, '923116622', '2016-10-01', 'NA', 'CR 19 20 72 ', '0', 'ravila', 'NA'),
(127, '890940649', 123, 0, 0, '3216416029', '2016-10-01', 'NA', 'VDA RANCHERIA ', '0', 'mserna', 'NA'),
(128, '890982515', 58, 0, 0, '948670144', '2016-10-01', 'NA', 'CL 10 12 45 ', '0', 'ravila', 'NA'),
(129, '891001125', 42, 0, 0, '947746544', '2016-10-01', 'NA', 'CR 15 8 46 ', '0', 'apacheco', 'NA'),
(130, '892200648', 858, 0, 0, '2814528', '2016-10-01', 'NA', 'CL 38 7 214 ', '0', 'apacheco', 'NA'),
(131, '900010429', 149, 0, 0, '948544406', '2016-10-01', 'NA', 'AV 34 26 A 50 ', '0', 'mserna', 'NA'),
(132, '900010430', 93, 0, 0, '948545248', '2016-10-01', 'NA', 'AV 26 B 34 50 ', '0', 'mserna', 'NA'),
(133, '900041685', 42, 0, 0, '3205668494', '2016-10-01', 'NA', 'CL 14 9E 67 ', '0', 'apacheco', 'NA'),
(134, '900068296', 159, 0, 0, '948366142', '2016-10-01', 'NA', 'PLAZA DE MERCADO BL B LC 6 P 8 ', '0', 'ravila', 'NA'),
(135, '900076699', 58, 0, 0, '948671327', '2016-10-01', 'NA', 'CR 12 13 96 ', '0', 'ravila', 'NA'),
(136, '900078950', 58, 0, 0, '3137964792', '2016-10-01', 'NA', 'CR 12 12 31 ', '0', 'ravila', 'NA'),
(137, '900120457', 160, 0, 0, '3007255668', '2016-10-01', 'NA', 'KM 7 VIA PEÑALISA PUENTE IGLESIAS ', '0', 'ravila', 'NA'),
(138, '900122755', 93, 0, 0, '3123055', '2016-10-01', 'NA', 'CALLE 6 N. 43C-08 OFC 201 ', '0', 'mserna', 'NA'),
(139, '900155227', 123, 0, 0, '3253481', '2016-10-01', 'NA', 'PA JUANITO LAGUNA LOTE CUATRO ', '0', 'mserna', 'NA'),
(140, '900162495', 151, 0, 0, '948607386', '2016-10-01', 'NA', 'AV 38 28A 60 ', '0', 'ravila', 'NA'),
(141, '900163815', 61, 0, 0, '3183758405', '2016-10-01', 'NA', 'VDA PUENTE IGLESIAS FCA LA BLANQUIT ', '0', 'ravila', 'NA'),
(142, '900222313', 97, 0, 0, '3135128843', '2016-10-01', 'NA', 'CR 2 CL 2 60 VDA LAS LAMAS CORR EL ', '0', 'apacheco', 'NA'),
(143, '900222465', 84, 0, 0, '3137493514', '2016-10-01', 'NA', 'CL PRINCIPAL TIERRALTICA ', '0', 'apacheco', 'NA'),
(144, '900224099', 74, 0, 0, '3207208925', '2016-10-01', 'NA', 'CL 10 2 25 ', '0', 'ravila', 'NA'),
(145, '900232366', 93, 0, 0, '945460141', '2016-10-01', 'NA', 'CL 51 49 66 ', '0', 'mserna', 'NA'),
(146, '900233284', 42, 0, 0, '3205669469', '2016-10-01', 'NA', 'CR 9 57 AV DEL CEMENTERIO ', '0', 'apacheco', 'NA'),
(147, '900234294', 123, 0, 0, '945319047', '2016-10-01', 'NA', 'CR 47 56 18 ', '0', 'mserna', 'NA'),
(148, '900252345', 93, 0, 0, '3113144070', '2016-10-01', 'NA', 'CL 52 49 28 OF 201 ', '0', 'mserna', 'NA'),
(149, '900302458', 166, 0, 0, '948503661', '2016-10-01', 'NA', 'CL 30 30 82 ', '0', 'ravila', 'NA'),
(150, '900306213', 72, 0, 0, '942855522', '2016-10-01', 'NA', 'CL 85 A 48 31 ITAGUI ', '0', 'ravila', 'NA'),
(151, '900306990', 93, 0, 0, '3217857245', '2016-10-01', 'NA', 'CL 11 A SUR 50 50 ', '0', 'ravila', 'NA'),
(152, '900324122', 93, 0, 0, '942856461', '2016-10-01', 'NA', 'CL 81 48 79 BL 5 LC 12 ', '0', 'mserna', 'NA'),
(153, '900351474', 144, 0, 0, '3146040868', '2016-10-01', 'NA', 'CL 43A CR 52A 110 INT 102 ', '0', 'ravila', 'NA'),
(154, '900365147', 97, 0, 0, '947822951', '2016-10-01', 'NA', 'CL 43 A 14 39 ', '0', 'apacheco', 'NA'),
(155, '900396502', 7, 0, 0, '948414234', '2016-10-01', 'NA', 'CR 50 49 25 ', '0', 'ravila', 'NA'),
(156, '900398085', 93, 0, 0, '944000520', '2016-10-01', 'NA', 'DG 51 15 A 161 KM 12 ', '0', 'mserna', 'NA'),
(157, '900405749', 89, 0, 0, '945485866', '2016-10-01', 'NA', 'CR 31 30 65 ', '0', 'mserna', 'NA'),
(158, '900413207', 59, 0, 0, '0', '2016-10-01', 'NA', 'CLL 22 SUR 40 63 ', '0', 'apacheco', 'NA'),
(159, '900418420', 39, 0, 0, '945432337', '2016-10-01', 'NA', 'CL 29 31 21 ', '0', 'mserna', 'NA'),
(160, '900425148', 860, 0, 0, '3104686878', '2016-10-01', 'NA', 'CR 15 2 2 1CL SAN CLEMENTE BRR CENT ', '0', 'apacheco', 'NA'),
(161, '900434094', 136, 0, 0, '3205742954', '2016-10-01', 'NA', 'VDA LA COROZA ', '0', 'apacheco', 'NA'),
(162, '900444199', 97, 0, 0, '0', '2016-10-01', 'NA', 'CL 78 6 1333 ', '0', 'apacheco', 'NA'),
(163, '900450073', 61, 0, 0, '948401191', '2016-10-01', 'NA', 'CR 50 50 21 ', '0', 'ravila', 'NA'),
(164, '900451935', 42, 0, 0, '3205480520', '2016-10-01', 'NA', 'CL 6 A 11D 12 LC 1 BRR EL CAÑITO ', '0', 'apacheco', 'NA'),
(165, '900452111', 77, 0, 0, '943861186', '2016-10-01', 'NA', 'VDA CHACHA FRUTO ', '0', 'plopez', 'NA'),
(166, '900458508', 72, 0, 0, '942854725', '2016-10-01', 'NA', 'CL 78 46 112 IN 41 ', '0', 'ravila', 'NA'),
(167, '900474414', 93, 0, 0, '0', '2016-10-01', 'NA', 'CL 6 50 67 ', '0', 'ravila', 'NA'),
(168, '900485008', 68, 0, 0, '945515645', '2016-10-01', 'NA', 'CRA 52 49 73 ', '0', 'mserna', 'NA'),
(169, '900520255', 58, 0, 0, '3217802460', '2016-10-01', 'NA', 'CL 13 11 18 ', '0', 'ravila', 'NA'),
(170, '900522265', 82, 0, 0, '945560587', '2016-10-01', 'NA', 'CR 9 11 21 ', '0', 'mserna', 'NA'),
(171, '900551620', 166, 0, 0, '3146526554', '2016-10-01', 'NA', 'CR 31 30 09 ', '0', 'ravila', 'NA'),
(172, '900561996', 55, 0, 0, '3207270954', '2016-10-01', 'NA', 'CL 30 28 57 ', '0', 'ravila', 'NA'),
(173, '900574149', 89, 0, 0, '945450170', '2016-10-01', 'NA', 'CL 29 34 98 ', '0', 'mserna', 'NA'),
(174, '900608308', 55, 0, 0, '3104709545', '2016-10-01', 'NA', 'CL 28A 22 102 BG 101 ', '0', 'ravila', 'NA'),
(175, '900618127', 93, 0, 0, '3128665473', '2016-10-01', 'NA', 'CR 51 6 SUR 95 ', '0', 'ravila', 'NA'),
(176, '900623146', 77, 0, 0, '3127732088', '2016-10-01', 'NA', 'CL 17 09 83 ', '0', 'mserna', 'NA'),
(177, '900699198', 72, 0, 0, '942553363', '2016-10-01', 'NA', 'CL 84 47 70 ', '0', 'ravila', 'NA'),
(178, '900703597', 93, 0, 0, '3203013718', '2016-10-01', 'NA', 'CL 85 48 01 P1 OF 720 BL 31 ', '0', 'ravila', 'NA'),
(179, '900758003', 149, 0, 0, '3103733554', '2016-10-01', 'NA', 'VDA LAS CUCHILLAS ', '0', 'plopez', 'NA'),
(180, '900802908', 159, 0, 0, '3206942458', '2016-10-01', 'NA', 'CL 36 30 41 ', '0', 'ravila', 'NA'),
(181, '900807878', 97, 0, 0, '3135859575', '2016-10-01', 'NA', 'CR 9A 40 67 BR NARIÑO AP 301 ', '0', 'apacheco', 'NA'),
(182, '900808640', 166, 0, 0, '3217188789', '2016-10-01', 'NA', 'CR 31 30 03 ', '0', 'ravila', 'NA'),
(183, '900812952', 59, 0, 0, '3127572001', '2016-10-01', 'NA', 'CL 27 D SUR 27 C 50 AP 220 ', '0', 'mserna', 'NA'),
(184, '900820087', 1, 0, 0, '3167459737', '2016-10-01', 'NA', 'CR 74 56 OF 1702 ', '0', 'ravila', 'NA'),
(185, '900823750', 55, 0, 0, '3117609696', '2016-10-01', 'NA', 'CR 29 27 25 LC 101 ', '0', 'ravila', 'NA'),
(186, '900840409', 177, 0, 0, '3103931259', '2016-10-01', 'NA', 'CR  20 20 25 ', '0', 'ravila', 'NA'),
(187, '900867864', 72, 0, 0, '3215151844', '2016-10-01', 'NA', 'CL 85 48 01 LC 20  CENTRAL MAYORIST ', '0', 'ravila', 'NA'),
(188, '900881832', 82, 0, 0, '945561902', '2016-10-01', 'NA', 'CL 10 8 30 ', '0', 'mserna', 'NA'),
(189, '900921157', 123, 0, 0, '945610373', '2016-10-01', 'NA', 'CR 47 53 30 ', '0', 'mserna', 'NA'),
(190, '900941574', 93, 0, 0, '943114997', '2016-10-01', 'NA', 'CL 8 SUR 32 120 ', '0', 'plopez', 'NA'),
(191, '900949580', 3, 0, 0, '3122222300', '2016-10-01', 'NA', 'CR 4 6 25 ', '0', 'ravila', 'NA'),
(192, '900974078', 39, 0, 0, '3217461873', '2016-10-01', 'NA', 'CL 29 31 66 ', '0', 'mserna', 'NA'),
(193, '1017176525', 93, 0, 0, '3116352950', '2016-10-01', 'NA', 'CR 35 1 80 AP 202 ', '0', 'ravila', 'NA'),
(194, '1033653665', 857, 0, 0, '3117893349', '2016-10-01', 'NA', 'CL 52 47 89 P3 ', '0', 'ravila', 'NA'),
(195, '1038409756', 89, 0, 0, '945484073', '2016-10-01', 'NA', 'CL 31 30 B 16 LC 102 ', '0', 'mserna', 'NA'),
(196, '9001141453', 93, 0, 0, '944447570', '2016-10-01', 'NA', 'CR 33 CL 7 29 IN 402 ', '0', 'ravila', 'NA'),
(197, '1184810', 299, 0, 0, '987305017', '2016-10-01', 'NA', 'CL 5 4 29 ', '0', 'jvillamil', 'NA'),
(198, '4060790', 242, 0, 0, '3132628680', '2016-10-01', 'NA', 'CRA 3 4  43 ', '0', 'jvillamil', 'NA'),
(199, '4081988', 204, 0, 0, '3114582029', '2016-10-01', 'NA', 'CR 5 5 64 ', '0', 'jvillamil', 'NA'),
(200, '4123343', 276, 0, 0, '3138323118', '2016-10-01', 'NA', 'DG 59 11 C 123 ', '0', 'jvillamil', 'NA'),
(201, '4164884', 232, 0, 0, '3112633890', '2016-10-01', 'NA', 'CR 8 5 67 ', '0', 'jvillamil', 'NA'),
(202, '4188436', 293, 0, 0, '3134674755', '2016-10-01', 'NA', 'CR 3 3 23 ', '0', 'jvillamil', 'NA'),
(203, '4192350', 244, 0, 0, '3204931927', '2016-10-01', 'NA', 'VDA PEÑA AMARILLA ', '0', 'jvillamil', 'NA'),
(204, '4211865', 250, 0, 0, '3103496365', '2016-10-01', 'NA', 'CR 5 5 139 ', '0', 'jvillamil', 'NA'),
(205, '4248330', 272, 0, 0, '3105554316', '2016-10-01', 'NA', 'CL 4 3 16 ', '0', 'jvillamil', 'NA'),
(206, '4248504', 272, 0, 0, '3103434296', '2016-10-01', 'NA', 'CR 6 1 120 ', '0', 'jvillamil', 'NA'),
(207, '4250908', 289, 0, 0, '987889177', '2016-10-01', 'NA', 'CR 4 8 50 ', '0', 'jvillamil', 'NA'),
(208, '4252882', 273, 0, 0, '0', '2016-10-01', 'NA', 'CR 5 6 03 ', '0', 'jvillamil', 'NA'),
(209, '4266975', 244, 0, 0, '3123506715', '2016-10-01', 'NA', 'CL 24 24 37 ', '0', 'jvillamil', 'NA'),
(210, '4267815', 268, 0, 0, '3134187057', '2016-10-01', 'NA', 'CL 5 4 60 ', '0', 'jvillamil', 'NA'),
(211, '4291288', 286, 0, 0, '3103493947', '2016-10-01', 'NA', 'CL 6 6 36 ', '0', 'jvillamil', 'NA'),
(212, '4291322', 299, 0, 0, '3142972157', '2016-10-01', 'NA', 'VDA PAVAS ', '0', 'jvillamil', 'NA'),
(213, '4291434', 299, 0, 0, '3105589376', '2016-10-01', 'NA', 'CL 4 3 08 ', '0', 'jvillamil', 'NA'),
(214, '4293692', 302, 0, 0, '3114879118', '2016-10-01', 'NA', 'VDA CHEN ALTO ', '0', 'jvillamil', 'NA'),
(215, '6744099', 290, 0, 0, '987368354', '2016-10-01', 'NA', 'CR 8 7 12 SALIDA PESCA ', '0', 'jvillamil', 'NA'),
(216, '6751649', 300, 0, 0, '3142964409', '2016-10-01', 'NA', 'VDA MONTOYA SEC CASAVERDE ', '0', 'jvillamil', 'NA'),
(217, '6760834', 259, 0, 0, '3115213458', '2016-10-01', 'NA', 'VDA TIBAQUIRA SECTOR LA CUMBRE ', '0', 'jvillamil', 'NA'),
(218, '6764643', 279, 0, 0, '3153166777', '2016-10-01', 'NA', 'CL 4 5 45 ', '0', 'jvillamil', 'NA'),
(219, '6775268', 197, 0, 0, '3105554166', '2016-10-01', 'NA', 'CEN SAN PEDRO DE IGUAQUE ', '0', 'jvillamil', 'NA'),
(220, '7120221', 197, 0, 0, '3204197451', '2016-10-01', 'NA', 'VDA CERRO ', '0', 'jvillamil', 'NA'),
(221, '7124528', 282, 0, 0, '3133972477', '2016-10-01', 'NA', 'CR 2 4 22 ', '0', 'jvillamil', 'NA'),
(222, '7128002', 258, 0, 0, '3208520512', '2016-10-01', 'NA', 'CR 3 4 46 ', '0', 'jvillamil', 'NA'),
(223, '7161945', 197, 0, 0, '3142401446', '2016-10-01', 'NA', 'VDA CERRO ', '0', 'jvillamil', 'NA'),
(224, '7162358', 300, 0, 0, '3124782408', '2016-10-01', 'NA', 'VDA PUENTE BOYACA SEC TIERR ', '0', 'jvillamil', 'NA'),
(225, '7169197', 280, 0, 0, '3105741546', '2016-10-01', 'NA', 'VDA EL CEDRO ', '0', 'jvillamil', 'NA'),
(226, '7170215', 294, 0, 0, '3208423565', '2016-10-01', 'NA', 'AV NORTE 54 05 ', '0', 'jvillamil', 'NA'),
(227, '7172490', 259, 0, 0, '987372937', '2016-10-01', 'NA', 'CR 5 11 43 LA CUMBRE ', '0', 'jvillamil', 'NA'),
(228, '7172821', 211, 0, 0, '3112170182', '2016-10-01', 'NA', 'CL 48 16 108 ', '0', 'jvillamil', 'NA'),
(229, '7172890', 236, 0, 0, '3204114918', '2016-10-01', 'NA', 'VDA SOTEPANELAS ', '0', 'jvillamil', 'NA'),
(230, '7176401', 279, 0, 0, '3103051909', '2016-10-01', 'NA', 'CR 5 6 43 ', '0', 'jvillamil', 'NA'),
(231, '7181687', 294, 0, 0, '3202325205', '2016-10-01', 'NA', 'CL 2 15 47 SUR ', '0', 'jvillamil', 'NA'),
(232, '7182530', 204, 0, 0, '3102823220', '2016-10-01', 'NA', 'VDA SANTA BARBARA ', '0', 'jvillamil', 'NA'),
(233, '7185676', 294, 0, 0, '3143011794', '2016-10-01', 'NA', 'CL 4 15 79 ', '0', 'jvillamil', 'NA'),
(234, '7307958', 196, 0, 0, '987263624', '2016-10-01', 'NA', 'CR 10 22 81 ', '0', 'jvillamil', 'NA'),
(235, '7313149', 196, 0, 0, '987266675', '2016-10-01', 'NA', 'CR 10 6 37 ', '0', 'jvillamil', 'NA'),
(236, '9320094', 300, 0, 0, '3114604288', '2016-10-01', 'NA', 'VDA PUENTE BOYACA ', '0', 'jvillamil', 'NA'),
(237, '9535249', 300, 0, 0, '3144291101', '2016-10-01', 'NA', 'VDA BORJIQUE ', '0', 'jvillamil', 'NA'),
(238, '9535541', 300, 0, 0, '3174006230', '2016-10-01', 'NA', 'VDA EL CARMEN ', '0', 'jvillamil', 'NA'),
(239, '17174077', 184, 0, 0, '7870510', '2016-10-01', 'NA', 'CR 6 5 54 ', '0', 'jvillamil', 'NA'),
(240, '19412643', 183, 0, 0, '3144229268', '2016-10-01', 'NA', 'VDA RUPATIVA ', '0', 'jvillamil', 'NA'),
(241, '19499776', 257, 0, 0, '3112132166', '2016-10-01', 'NA', 'VDA MERCHAN ', '0', 'jvillamil', 'NA'),
(242, '23284942', 197, 0, 0, '3112337620', '2016-10-01', 'NA', 'SEC PUENTE PIEDRA ', '0', 'jvillamil', 'NA'),
(243, '23315189', 183, 0, 0, '987360104', '2016-10-01', 'NA', 'CR 4 6 15 ', '0', 'jvillamil', 'NA'),
(244, '23322626', 184, 0, 0, '3112196854', '2016-10-01', 'NA', 'CL 6 5 35 ', '0', 'jvillamil', 'NA'),
(245, '23360477', 279, 0, 0, '3208063300', '2016-10-01', 'NA', 'CR 4 A 5 33 ', '0', 'jvillamil', 'NA'),
(246, '23474792', 296, 0, 0, '3112091884', '2016-10-01', 'NA', 'PLAZA DE MERCADO TURMEQUE ', '0', 'jvillamil', 'NA'),
(247, '23501534', 197, 0, 0, '3102508203', '2016-10-01', 'NA', 'VDA VERGARA ', '0', 'jvillamil', 'NA'),
(248, '23583076', 276, 0, 0, '3115575175', '2016-10-01', 'NA', 'CR 20 12 21 ', '0', 'jvillamil', 'NA'),
(249, '23682030', 226, 0, 0, '987539154', '2016-10-01', 'NA', 'CR 5 4 04 ', '0', 'jvillamil', 'NA'),
(250, '23770221', 234, 0, 0, '3107859784', '2016-10-01', 'NA', 'VDA TEGUA ', '0', 'jvillamil', 'NA'),
(251, '23857092', 280, 0, 0, '3144227876', '2016-10-01', 'NA', 'VDA CARREÑO SEC EL MANZANO ', '0', 'jvillamil', 'NA'),
(252, '23857499', 294, 0, 0, '3105856761', '2016-10-01', 'NA', 'CL 7 S 12 86 ', '0', 'jvillamil', 'NA'),
(253, '23924909', 250, 0, 0, '3115315352', '2016-10-01', 'NA', 'CR 4 1 90 ', '0', 'jvillamil', 'NA'),
(254, '24070039', 272, 0, 0, '3123746387', '2016-10-01', 'NA', 'CATOLICO AGUILAR ROSA ISABEL ', '0', 'jvillamil', 'NA'),
(255, '24187529', 294, 0, 0, '3208338751', '2016-10-01', 'NA', 'CR 3 6 17 ', '0', 'jvillamil', 'NA'),
(256, '24202227', 294, 0, 0, '3124776882', '2016-10-01', 'NA', 'CR 8 5 25 ', '0', 'jvillamil', 'NA'),
(257, '24211745', 299, 0, 0, '3204925514', '2016-10-01', 'NA', 'CR 4 4 03 ', '0', 'jvillamil', 'NA'),
(258, '24212610', 299, 0, 0, '3125868798', '2016-10-01', 'NA', 'VDA MOLINO ', '0', 'jvillamil', 'NA'),
(259, '24219165', 294, 0, 0, '3118807769', '2016-10-01', 'NA', 'TUNJA-CENTRO ', '0', 'jvillamil', 'NA'),
(260, '24219290', 300, 0, 0, '3204293624', '2016-10-01', 'NA', 'SEC TIERRA NEGRA ', '0', 'jvillamil', 'NA'),
(261, '24219461', 300, 0, 0, '987366035', '2016-10-01', 'NA', 'CR 12 8 85 ', '0', 'jvillamil', 'NA'),
(262, '33367879', 300, 0, 0, '0', '2016-10-01', 'NA', 'VDA MONTOYA ', '0', 'jvillamil', 'NA'),
(263, '33655080', 197, 0, 0, '3143087214', '2016-10-01', 'NA', 'VDA EL CERRO ', '0', 'jvillamil', 'NA'),
(264, '40014129', 300, 0, 0, '987366573', '2016-10-01', 'NA', 'VDA MONTOYA ', '0', 'jvillamil', 'NA'),
(265, '40019275', 272, 0, 0, '3138324633', '2016-10-01', 'NA', 'CR 6 2 22 ', '0', 'jvillamil', 'NA'),
(266, '40024546', 294, 0, 0, '987455252', '2016-10-01', 'NA', 'CR 13 3 41 SUR ', '0', 'jvillamil', 'NA'),
(267, '40026954', 236, 0, 0, '3134823603', '2016-10-01', 'NA', 'VDA VERSALLES ', '0', 'jvillamil', 'NA'),
(268, '40028657', 183, 0, 0, '3133480837', '2016-10-01', 'NA', 'VDA QUIRBAQUIRAZ KM 24 VIA ARCABUCO ', '0', 'jvillamil', 'NA'),
(269, '40029678', 209, 0, 0, '0', '2016-10-01', 'NA', 'CL 6 3 98 ', '0', 'jvillamil', 'NA'),
(270, '40037679', 294, 0, 0, '3208423565', '2016-10-01', 'NA', 'CL 54 6 20 ', '0', 'jvillamil', 'NA'),
(271, '40038353', 236, 0, 0, '3133494172', '2016-10-01', 'NA', 'VDA SOTE ', '0', 'jvillamil', 'NA'),
(272, '40041614', 294, 0, 0, '3132135368', '2016-10-01', 'NA', 'CR 1 35 313 ', '0', 'jvillamil', 'NA'),
(273, '40042418', 294, 0, 0, '3143891681', '2016-10-01', 'NA', 'CR 13 6 06 SUR SEC PLAZA DE MERC ', '0', 'jvillamil', 'NA'),
(274, '41676788', 211, 0, 0, '987700964', '2016-10-01', 'NA', 'CR 12 9 04 ', '0', 'jvillamil', 'NA'),
(275, '42911680', 299, 0, 0, '3112360438', '2016-10-01', 'NA', 'VDA PAVAS ', '0', 'jvillamil', 'NA'),
(276, '46368083', 293, 0, 0, '3123153947', '2016-10-01', 'NA', 'CR 3 3 23 ', '0', 'jvillamil', 'NA'),
(277, '46381306', 182, 0, 0, '3203011655', '2016-10-01', 'NA', 'KM 14 VIA SOGAMOSO EL CRUCERO ', '0', 'jvillamil', 'NA'),
(278, '46454186', 238, 0, 0, '3208542651', '2016-10-01', 'NA', 'KM 6 VIA DUITAMA NOBSA ', '0', 'jvillamil', 'NA'),
(279, '46457571', 211, 0, 0, '3213139736', '2016-10-01', 'NA', 'CR 38 22 53 ', '0', 'jvillamil', 'NA'),
(280, '72325090', 254, 0, 0, '3118827243', '2016-10-01', 'NA', 'DG 2 5 73 BR EL CARMEN ', '0', 'jvillamil', 'NA'),
(281, '72326708', 254, 0, 0, '3107879710', '2016-10-01', 'NA', 'CL 9 7 16 ', '0', 'jvillamil', 'NA'),
(282, '74326094', 184, 0, 0, '987870210', '2016-10-01', 'NA', 'CR 5 1 08 ', '0', 'jvillamil', 'NA'),
(283, '74333619', 197, 0, 0, '3118272838', '2016-10-01', 'NA', 'CL 5 4 45 ', '0', 'jvillamil', 'NA'),
(284, '74334661', 296, 0, 0, '3223242050', '2016-10-01', 'NA', 'CR 4 4 25 ', '0', 'jvillamil', 'NA'),
(285, '74357273', 259, 0, 0, '3133077484', '2016-10-01', 'NA', 'VDA EL GACAL ', '0', 'jvillamil', 'NA'),
(286, '74362683', 238, 0, 0, '3214667958', '2016-10-01', 'NA', 'KM 8 VIA DUITAMA NOBSA SEC ACAPULCO ', '0', 'jvillamil', 'NA'),
(287, '74364561', 296, 0, 0, '3125080470', '2016-10-01', 'NA', 'CR 4 5 20 ', '0', 'jvillamil', 'NA'),
(288, '74378887', 206, 0, 0, '3124922218', '2016-10-01', 'NA', 'VDA BUENA VISTA ', '0', 'jvillamil', 'NA'),
(289, '74439231', 196, 0, 0, '987264497', '2016-10-01', 'NA', 'CR 12 10 03 ', '0', 'jvillamil', 'NA'),
(290, '79451108', 276, 0, 0, '987721108', '2016-10-01', 'NA', 'CL 14 18 78 ', '0', 'jvillamil', 'NA'),
(291, '820003266', 294, 0, 0, '7368436', '2016-10-01', 'NA', 'CL 4 7 53 ', '0', 'jvillamil', 'NA'),
(292, '820004891', 299, 0, 0, '987441044', '2016-10-01', 'NA', 'CR 5 4 28 ', '0', 'jvillamil', 'NA'),
(293, '900034026', 294, 0, 0, '987455093', '2016-10-01', 'NA', 'CL 7 13 46 SUR ', '0', 'jvillamil', 'NA'),
(294, '900144317', 196, 0, 0, '987266951', '2016-10-01', 'NA', 'CL 10 8 59 ', '0', 'jvillamil', 'NA'),
(295, '900161445', 300, 0, 0, '987366404', '2016-10-01', 'NA', 'CR 5 5 72 ', '0', 'jvillamil', 'NA'),
(296, '900201541', 294, 0, 0, '987402929', '2016-10-01', 'NA', 'CL 33 13 45 ', '0', 'jvillamil', 'NA'),
(297, '900306424', 294, 0, 0, '917455506', '2016-10-01', 'NA', 'CR 13 4 18 SUR BRR SAN CARLOS ', '0', 'jvillamil', 'NA'),
(298, '900369584', 300, 0, 0, '3153162182', '2016-10-01', 'NA', 'CL 6 3 110 ', '0', 'jvillamil', 'NA'),
(299, '900385242', 276, 0, 0, '3186940406', '2016-10-01', 'NA', 'AV 15 15 100 ', '0', 'jvillamil', 'NA'),
(300, '900405205', 294, 0, 0, '987455023', '2016-10-01', 'NA', 'CR 13 4 26 SUR ', '0', 'jvillamil', 'NA'),
(301, '900407457', 294, 0, 0, '987455025', '2016-10-01', 'NA', 'AV ORIENTAL 2 A 56 SUR ', '0', 'jvillamil', 'NA'),
(302, '900414986', 239, 0, 0, '3115146114', '2016-10-01', 'NA', 'VDA SORCA ', '0', 'jvillamil', 'NA'),
(303, '900432694', 300, 0, 0, '3102049480', '2016-10-01', 'NA', 'VDA PUENTE DE BOYACA ', '0', 'jvillamil', 'NA'),
(304, '900440825', 290, 0, 0, '3118082847', '2016-10-01', 'NA', 'CR 8 3 60 ', '0', 'jvillamil', 'NA'),
(305, '900571240', 196, 0, 0, '3134799115', '2016-10-01', 'NA', 'CR  10 9 25 ', '0', 'jvillamil', 'NA'),
(306, '900749866', 211, 0, 0, '7601676', '2016-10-01', 'NA', 'CL 3 9 99 ', '0', 'jvillamil', 'NA'),
(307, '900775482', 294, 0, 0, '3115714052', '2016-10-01', 'NA', 'CL 1F 49 149 OF 523 ', '0', 'jvillamil', 'NA'),
(308, '900803721', 297, 0, 0, '3124822618', '2016-10-01', 'NA', 'VDA RIO DE PIEDRAS ', '0', 'jvillamil', 'NA'),
(309, '900926508', 244, 0, 0, '3118980141', '2016-10-01', 'NA', 'CL 24 24 45 BR LOS ROSALES ', '0', 'jvillamil', 'NA'),
(310, '1049617702', 204, 0, 0, '3167547945', '2016-10-01', 'NA', 'VDA STA BARBARA ', '0', 'jvillamil', 'NA'),
(311, '1049631078', 299, 0, 0, '3115505981', '2016-10-01', 'NA', 'VDA CHUSCAL ', '0', 'jvillamil', 'NA'),
(312, '1049642512', 300, 0, 0, '3118807769', '2016-10-01', 'NA', 'VDA MONTOYA ', '0', 'jvillamil', 'NA'),
(313, '1051240521', 209, 0, 0, '0', '2016-10-01', 'NA', 'CL 9 7 104 ', '0', 'jvillamil', 'NA'),
(314, '1051475761', 182, 0, 0, '3107873607', '2016-10-01', 'NA', 'CR 9 5 20 ', '0', 'jvillamil', 'NA'),
(315, '1052312192', 211, 0, 0, '3133596090', '2016-10-01', 'NA', 'VDA EL BOSQUE SECTOR CARACOLES ALTO ', '0', 'jvillamil', 'NA'),
(316, '1054372977', 183, 0, 0, '3114621508', '2016-10-01', 'NA', 'VDA QUIBAQUIRA ', '0', 'jvillamil', 'NA'),
(317, '1055670021', 258, 0, 0, '3123198581', '2016-10-01', 'NA', 'CL 5 2 21 ', '0', 'jvillamil', 'NA'),
(318, '1055670192', 301, 0, 0, '3143554625', '2016-10-01', 'NA', 'CR 9 7 19 ', '0', 'jvillamil', 'NA'),
(319, '1056074372', 279, 0, 0, '3162497728', '2016-10-01', 'NA', 'VDA QUEBRADA VIEJA ', '0', 'jvillamil', 'NA'),
(320, '1056482062', 294, 0, 0, '311250634', '2016-10-01', 'NA', 'CL 2 3 66 ', '0', 'jvillamil', 'NA'),
(321, '1056954289', 300, 0, 0, '3132515027', '2016-10-01', 'NA', 'CR 5 3 95 ', '0', 'jvillamil', 'NA'),
(322, '1056954866', 300, 0, 0, '3122621936', '2016-10-01', 'NA', 'VDA EL CARMEN SEC ALBARRACIN ', '0', 'jvillamil', 'NA'),
(323, '1057185738', 272, 0, 0, '3195676962', '2016-10-01', 'NA', 'VDA TURGA ', '0', 'jvillamil', 'NA'),
(324, '1057214047', 301, 0, 0, '3202097482', '2016-10-01', 'NA', 'CR 9 7 117 ', '0', 'jvillamil', 'NA'),
(518, '34545468', 623, 0, 0, '3148304818', '2016-10-01', 'NA', 'CR 6 4 88 ', '0', 'dchavez', 'NA'),
(519, '800166277', 623, 0, 0, '928239530', '2016-10-01', 'NA', 'CR 7 1N 28 OF 5 O 2 ED EDGAR NEGRET ', '0', 'eyepez', 'NA'),
(520, '203206', 318, 1, 1, '918480106', '2016-10-01', 'NA', 'CL 2 3 84 ', '0', 'gmarentes', 'NA'),
(625, '217721', 360, 5, 5, '9999999', '2016-10-01', 'NA', 'CL 4 6 61 ', '0', 'rvelasquez', 'NA'),
(626, '412379', 397, 0, 0, '918648222', '2016-10-01', 'NA', 'CR 1 3 41 ', '0', 'rvelasquez', 'NA'),
(627, '1933650', 312, 0, 0, '3108837299', '2016-10-01', 'NA', 'CL 18 106 14 ', '0', 'rvelasquez', 'NA'),
(628, '2984847', 319, 0, 0, '3133836837', '2016-10-01', 'NA', 'CL 3 2 24 ', '10', 'rvelasquez', 'NA'),
(629, '3003158', 312, 0, 0, '912431110', '2016-10-01', 'NA', 'CL 11 15 19 ', '0', 'gmarentes', 'NA'),
(630, '3022802', 377, 0, 0, '3105504737', '2016-10-01', 'NA', 'TR 2 3 41 ', '0', 'gmarentes', 'NA'),
(631, '3091263', 359, 0, 0, '3115451439', '2016-10-01', 'NA', 'CR 5 5 07 ', '0', 'rvelasquez', 'NA'),
(632, '3100345', 363, 0, 0, '3107975879', '2016-10-01', 'NA', 'CLL 20 10 79E ', '0', 'rvelasquez', 'NA'),
(633, '3100576', 363, 0, 0, '3105658560', '2016-10-01', 'NA', 'CR 3 2 06 SUR ', '0', 'rvelasquez', 'NA'),
(634, '3110903', 314, 0, 0, '3143326289', '2016-10-01', 'NA', 'VDA LA PEPINA ', '0', 'gmarentes', 'NA'),
(635, '3151916', 322, 0, 0, '3202262291', '2016-10-01', 'NA', 'CL 4 2 52 ', '0', 'gmarentes', 'NA'),
(636, '3151999', 322, 0, 0, '3167418719', '2016-10-01', 'NA', 'CL 4 1 45 ', '0', 'gmarentes', 'NA'),
(637, '3165733', 360, 0, 0, '918254390', '2016-10-01', 'NA', 'CR 6 14 13 ', '0', 'rvelasquez', 'NA'),
(638, '3169205', 386, 0, 0, '3112638344', '2016-10-01', 'NA', 'ESTACION DE SERVICIO LA PLAYA ', '0', 'rvelasquez', 'NA'),
(639, '3169700', 386, 0, 0, '3112004256', '2016-10-01', 'NA', 'VDA RANCHERIA ', '0', 'rvelasquez', 'NA'),
(640, '3195434', 420, 0, 0, '8647154', '2016-10-01', 'NA', 'VDA SAN JORGE ', '0', 'rvelasquez', 'NA'),
(641, '3220712', 323, 0, 0, '918485257', '2016-10-01', 'NA', 'CR 2 4 53 ', '0', 'gmarentes', 'NA'),
(642, '3240770', 415, 0, 0, '918585339', '2016-10-01', 'NA', 'CR 5 2 92 ', '0', 'rvelasquez', 'NA'),
(643, '3242238', 415, 0, 0, '918565365', '2016-10-01', 'NA', 'CR 5 3 02 ', '0', 'rvelasquez', 'NA'),
(644, '3242673', 415, 0, 0, '918589135', '2016-10-01', 'NA', 'CR 5 2 16 ', '0', 'rvelasquez', 'NA'),
(645, '3242934', 386, 0, 0, '918589089', '2016-10-01', 'NA', 'CR 6 A 4 A 19 ', '0', 'rvelasquez', 'NA'),
(646, '3262542', 315, 0, 0, '3105834591', '2016-10-01', 'NA', 'CR 5 2 10 LC 101 ', '0', 'rvelasquez', 'NA'),
(647, '4215889', 360, 0, 0, '3108077107', '2016-10-01', 'NA', 'CR 5 9 12 ', '0', 'rvelasquez', 'NA'),
(648, '4248581', 326, 0, 0, '3112365319', '2016-10-01', 'NA', 'CL 100 19 61 ', '0', 'rvelasquez', 'NA'),
(649, '5767701', 312, 0, 0, '913429886', '2016-10-01', 'NA', 'CL 11 15 A 36 ', '0', 'gmarentes', 'NA'),
(650, '6017727', 312, 0, 0, '3178420086', '2016-10-01', 'NA', 'CL 75 94 31 ', '0', 'rvelasquez', 'NA'),
(651, '6763130', 312, 0, 0, '912923109', '2016-10-01', 'NA', 'CL 8 B 78 54 ', '0', 'rvelasquez', 'NA'),
(652, '10295450', 312, 0, 0, '3186507106', '2016-10-01', 'NA', 'TV 4 59 34 ', '0', 'rvelasquez', 'NA'),
(653, '11255509', 324, 0, 0, '3107992365', '2016-10-01', 'NA', 'CR 5 7 41 ', '0', 'rvelasquez', 'NA'),
(654, '11333168', 325, 0, 0, '918502141', '2016-10-01', 'NA', 'CR 4 2 00 ', '0', 'rvelasquez', 'NA'),
(655, '11383908', 312, 0, 0, '917708548', '2016-10-01', 'NA', 'CR 3 138F 04 SUR ', '0', 'gmarentes', 'NA'),
(656, '11385530', 314, 0, 0, '3107733417', '2016-10-01', 'NA', 'CL 2 2 22 ', '0', 'gmarentes', 'NA'),
(657, '11405203', 318, 0, 0, '918480903', '2016-10-01', 'NA', 'CL 3 3 48 ', '0', 'gmarentes', 'NA'),
(658, '11406708', 318, 0, 0, '3133964048', '2016-10-01', 'NA', 'CL 3 4 57 ', '0', 'gmarentes', 'NA'),
(659, '11409358', 377, 0, 0, '3214533032', '2016-10-01', 'NA', 'CR 4 1-64 ', '0', 'gmarentes', 'NA'),
(660, '11431130', 419, 0, 0, '3112637455', '2016-10-01', 'NA', 'CL 6 4 04 ', '0', 'rvelasquez', 'NA'),
(661, '11448163', 392, 0, 0, '3133791779', '2016-10-01', 'NA', 'CR 5 2 08 ', '0', 'rvelasquez', 'NA'),
(662, '11510798', 363, 0, 0, '3132610087', '2016-10-01', 'NA', 'PA MONDOÑEDO ', '0', 'rvelasquez', 'NA'),
(663, '11518196', 369, 0, 0, '918541064', '2016-10-01', 'NA', 'CL 8 14 20 ', '0', 'rvelasquez', 'NA'),
(664, '16608198', 440, 0, 0, '3113343546', '2016-10-01', 'NA', 'CL 11A 43 85 BRR DEPARTAMENTAL ', '0', 'wcruz', 'NA'),
(665, '19056254', 322, 0, 0, '3112260119', '2016-10-01', 'NA', 'CL 4 4 17 ', '0', 'gmarentes', 'NA'),
(666, '19189213', 312, 0, 0, '913456161', '2016-10-01', 'NA', 'CL 69 14 29 ', '0', 'gmarentes', 'NA'),
(667, '19491115', 312, 0, 0, '3106139516', '2016-10-01', 'NA', 'CL 100 19 61 ', '0', 'rvelasquez', 'NA'),
(668, '20368813', 354, 0, 0, '918471106', '2016-10-01', 'NA', 'CL 8 18 20 ', '0', 'gmarentes', 'NA'),
(669, '20484925', 332, 0, 0, '3134039850', '2016-10-01', 'NA', 'CL 2 25 27 ', '0', 'gmarentes', 'NA'),
(670, '20546138', 333, 0, 0, '914890186', '2016-10-01', 'NA', 'CL 3 2 31 ', '0', 'gmarentes', 'NA'),
(671, '20564505', 312, 0, 0, '3203135144', '2016-10-01', 'NA', 'CR 14 137 35 ', '0', 'gmarentes', 'NA'),
(672, '20564950', 407, 0, 0, '918487126', '2016-10-01', 'NA', 'CL 2 4 67 ', '0', 'gmarentes', 'NA'),
(673, '20646076', 345, 0, 0, '3115768980', '2016-10-01', 'NA', 'CL 1 2 07 ', '0', 'rvelasquez', 'NA'),
(674, '20753345', 312, 0, 0, '3165194163', '2016-10-01', 'NA', 'CR 3 138 05 SUR ', '0', 'gmarentes', 'NA'),
(675, '20885500', 381, 0, 0, '3105747863', '2016-10-01', 'NA', 'CR 3  6 01 ', '0', 'gmarentes', 'NA'),
(676, '20887025', 381, 0, 0, '918680099', '2016-10-01', 'NA', 'CL 7 3 59 ', '0', 'gmarentes', 'NA'),
(677, '21061587', 409, 0, 0, '918488382', '2016-10-01', 'NA', 'AV 2 2 34 ', '0', 'gmarentes', 'NA'),
(678, '21074199', 312, 0, 0, '917708116', '2016-10-01', 'NA', 'CR 3 17 C 51 S ', '0', 'gmarentes', 'NA'),
(679, '21103422', 358, 0, 0, '3132091226', '2016-10-01', 'NA', 'VDA ESPINAL ', '0', 'rvelasquez', 'NA'),
(680, '21103504', 415, 0, 0, '3125107706', '2016-10-01', 'NA', 'CLL 3 1 14 ', '0', 'rvelasquez', 'NA'),
(681, '28788394', 808, 0, 0, '3114572097', '2016-10-01', 'NA', 'CR 5 5 31 ', '0', 'gmarentes', 'NA'),
(682, '32209356', 332, 0, 0, '918485059', '2016-10-01', 'NA', 'CR 2 4 18 ', '0', 'gmarentes', 'NA'),
(683, '35375316', 328, 0, 0, '847502', '2016-10-01', 'NA', 'CR 6 7 37 ', '0', 'gmarentes', 'NA'),
(684, '35513900', 312, 0, 0, '917708548', '2016-10-01', 'NA', 'CR 3 138 D 24 SUR ', '0', 'gmarentes', 'NA'),
(685, '38246039', 324, 0, 0, '918562332', '2016-10-01', 'NA', 'CL 10 B 4 05 ', '0', 'rvelasquez', 'NA'),
(686, '39611509', 336, 0, 0, '918866462', '2016-10-01', 'NA', 'CR 8 10 A 02 ', '0', 'gmarentes', 'NA'),
(687, '39622668', 312, 0, 0, '3213139740', '2016-10-01', 'NA', 'CL 17 6 30 ', '0', 'rvelasquez', 'NA'),
(688, '40412434', 318, 0, 0, '918480056', '2016-10-01', 'NA', 'CL 3 4 43 ', '0', 'gmarentes', 'NA'),
(689, '40764082', 66, 0, 0, '3202152316', '2016-10-01', 'NA', 'CL 10 15 25 ', '0', 'gmarentes', 'NA'),
(690, '41389125', 407, 0, 0, '918487105', '2016-10-01', 'NA', 'CL 2 4 28 ', '0', 'gmarentes', 'NA'),
(691, '41578295', 326, 0, 0, '918640500', '2016-10-01', 'NA', 'CR 5 14 A 26 ', '0', 'rvelasquez', 'NA'),
(692, '41955417', 373, 0, 0, '3142310629', '2016-10-01', 'NA', 'CL 7 5 56 ', '0', 'gmarentes', 'NA'),
(693, '51889263', 307, 0, 0, '922833181', '2016-10-01', 'NA', 'CL 3 6 150 BRR CHICO ', '0', 'rvelasquez', 'NA'),
(694, '52087264', 323, 0, 0, '3106190504', '2016-10-01', 'NA', 'CL 5 2 68 ', '0', 'gmarentes', 'NA'),
(695, '52888194', 171, 0, 0, '3133956529', '2016-10-01', 'NA', 'CL 2 3 03 ', '0', 'gmarentes', 'NA'),
(696, '60346986', 312, 0, 0, '913345450', '2016-10-01', 'NA', 'CL 11 15 39 ', '0', 'gmarentes', 'NA'),
(697, '74364229', 312, 0, 0, '3108075753', '2016-10-01', 'NA', 'CL 11 15 53 ', '0', 'gmarentes', 'NA'),
(698, '79136418', 334, 0, 0, '918263299', '2016-10-01', 'NA', 'CL 22 8 B 19 ', '0', 'rvelasquez', 'NA'),
(699, '79184573', 322, 0, 0, '918484439', '2016-10-01', 'NA', 'CR 2 4 51 ', '0', 'gmarentes', 'NA'),
(700, '79319507', 392, 0, 0, '3133967850', '2016-10-01', 'NA', 'CL 4 2 44 ', '0', 'rvelasquez', 'NA'),
(701, '79654721', 312, 0, 0, '3412513', '2016-10-01', 'NA', 'CL 11 15 37 ', '0', 'gmarentes', 'NA'),
(702, '79664387', 312, 0, 0, '912104511', '2016-10-01', 'NA', 'CL 70 A 14 31 ', '0', 'gmarentes', 'NA'),
(703, '79739521', 312, 0, 0, '3174352107', '2016-10-01', 'NA', 'CL10A SUR 11A 47 ', '0', 'gmarentes', 'NA'),
(704, '79814159', 318, 0, 0, '3132622635', '2016-10-01', 'NA', 'VDA  CENTRO PISCINA ', '0', 'gmarentes', 'NA'),
(705, '79905889', 353, 0, 0, '3203392673', '2016-10-01', 'NA', 'CR 9 10 40 ', '0', 'rvelasquez', 'NA'),
(706, '79959195', 323, 0, 0, '918486357', '2016-10-01', 'NA', 'CR 2 5 25 ', '0', 'gmarentes', 'NA'),
(707, '80063350', 312, 0, 0, '3203135144', '2016-10-01', 'NA', 'CR 6 F ESTE 114 07 ', '0', 'gmarentes', 'NA'),
(708, '80108138', 312, 0, 0, '917708669', '2016-10-01', 'NA', 'CR 3 138 F 05 SUR ', '0', 'gmarentes', 'NA'),
(709, '80311250', 312, 0, 0, '3132827922', '2016-10-01', 'NA', 'CL 41 SUR 88F 04 ', '0', 'rvelasquez', 'NA'),
(710, '80353254', 360, 0, 0, '3102535525', '2016-10-01', 'NA', 'CL 4 6 61 ', '0', 'rvelasquez', 'NA'),
(711, '80380666', 363, 0, 0, '3103404901', '2016-10-01', 'NA', 'VDA PARCELAS 2 FCA SAN JOSE ', '0', 'rvelasquez', 'NA'),
(712, '80391480', 332, 0, 0, '3103439297', '2016-10-01', 'NA', 'CR 2 4 04 ESQ ', '0', 'gmarentes', 'NA'),
(713, '80393166', 392, 0, 0, '3203067070', '2016-10-01', 'NA', 'CL 3 42 17 ', '0', 'rvelasquez', 'NA'),
(714, '80393267', 392, 0, 0, '3143282613', '2016-10-01', 'NA', 'CL 1 1 152 ', '0', 'rvelasquez', 'NA'),
(715, '80393638', 360, 0, 0, '3115895885', '2016-10-01', 'NA', 'VDA LA CUESTA ', '0', 'rvelasquez', 'NA'),
(716, '80398002', 334, 0, 0, '3107827447', '2016-10-01', 'NA', 'AV 12 9 98 ', '0', 'rvelasquez', 'NA'),
(717, '80450058', 333, 0, 0, '3202193686', '2016-10-01', 'NA', 'VDA EL RAMAL ', '0', 'gmarentes', 'NA'),
(718, '80450108', 333, 0, 0, '3208529476', '2016-10-01', 'NA', 'CL 3 3 21 ', '0', 'gmarentes', 'NA'),
(719, '80450140', 318, 0, 0, '948480238', '2016-10-01', 'NA', 'CL 3 5 51 ', '0', 'gmarentes', 'NA'),
(720, '80450272', 377, 0, 0, '918493010', '2016-10-01', 'NA', 'CL 3 2 02 ', '0', 'gmarentes', 'NA'),
(721, '80466062', 415, 0, 0, '3214498813', '2016-10-01', 'NA', 'VDA SONSA ', '0', 'rvelasquez', 'NA'),
(722, '80466710', 415, 0, 0, '3134319040', '2016-10-01', 'NA', 'CR 2 5 11 ESTE ', '0', 'rvelasquez', 'NA'),
(723, '80467457', 415, 0, 0, '3107586873', '2016-10-01', 'NA', 'VDA BOSAVITA ', '0', 'rvelasquez', 'NA'),
(724, '80468489', 415, 0, 0, '3115358774', '2016-10-01', 'NA', 'CL 5 1 26 ESTE ', '0', 'rvelasquez', 'NA'),
(725, '80525942', 332, 0, 0, '3105607772', '2016-10-01', 'NA', 'CL 4 2 17 ', '0', 'gmarentes', 'NA'),
(726, '80537752', 392, 0, 0, '3123165363', '2016-10-01', 'NA', 'VDA EL GUAMAL ', '0', 'rvelasquez', 'NA'),
(727, '80537840', 420, 0, 0, '918529603', '2016-10-01', 'NA', 'DG 4 ', '0', 'rvelasquez', 'NA'),
(728, '80664178', 326, 0, 0, '3214088660', '2016-10-01', 'NA', 'CR 2B 12 48 ', '0', 'rvelasquez', 'NA'),
(729, '80725697', 363, 0, 0, '3143121592', '2016-10-01', 'NA', 'CR 5 ESTE 18 50 BRR CORTIJOS ', '0', 'rvelasquez', 'NA'),
(730, '82390977', 387, 0, 0, '3143111100', '2016-10-01', 'NA', 'CR 6 17 91 ', '0', 'gmarentes', 'NA'),
(731, '82392101', 336, 0, 0, '3112406418', '2016-10-01', 'NA', 'CR 12 7 A 25 ', '0', 'gmarentes', 'NA'),
(732, '87571347', 334, 0, 0, '3133498199', '2016-10-01', 'NA', 'CR 2 B 16 A 10 ', '0', 'rvelasquez', 'NA'),
(733, '91218371', 306, 0, 0, '918993500', '2016-10-01', 'NA', 'CR 2 10 36 ', '0', 'gmarentes', 'NA'),
(734, '93349815', 824, 0, 0, '3123760867', '2016-10-01', 'NA', 'VDA ALTO DE SAN ANTONIO ', '0', 'rvelasquez', 'NA'),
(735, '93366147', 312, 0, 0, '3115147774', '2016-10-01', 'NA', 'CL 145 A 21 59 APTO 201 ', '0', 'rvelasquez', 'NA'),
(736, '518018972', 336, 0, 0, '3112788931', '2016-10-01', 'NA', 'CL 7 A 11 14 ', '0', 'gmarentes', 'NA'),
(737, '800159028', 360, 0, 0, '918209914', '2016-10-01', 'NA', 'CL 7 1 50 ', '0', 'rvelasquez', 'NA'),
(738, '800223743', 409, 0, 0, '918488101', '2016-10-01', 'NA', 'CR 3 3 42 ', '0', 'gmarentes', 'NA'),
(739, '800225340', 312, 0, 0, '65000000', '2016-10-01', 'NA', 'CR 11 101 80 ', '0', 'rvelasquez', 'NA'),
(740, '800239996', 321, 0, 0, '918614030', '2016-10-01', 'NA', 'CC CENTRO CHIA LC 1114 ', '0', 'rvelasquez', 'NA'),
(741, '803402500', 403, 0, 0, '8341449', '2016-10-01', 'NA', 'CR 9 2 02 ', '0', 'gmarentes', 'NA'),
(742, '804678740', 415, 0, 0, '3134839175', '2016-10-01', 'NA', 'VDA BOSAVITA ', '0', 'rvelasquez', 'NA'),
(743, '808001639', 360, 0, 0, '918289335', '2016-10-01', 'NA', 'KM 2.4 LT 1A VIA PUENTE PIEDRA ', '0', 'rvelasquez', 'NA'),
(744, '808003068', 314, 0, 0, '918689063', '2016-10-01', 'NA', 'CL 2 2 22 ', '0', 'gmarentes', 'NA'),
(745, '808003435', 306, 0, 0, '3156003627', '2016-10-01', 'NA', 'CR 2 5 56 ', '0', 'gmarentes', 'NA'),
(746, '830060622', 312, 0, 0, '3153340267', '2016-10-01', 'NA', 'CL 145A 12A 09 AP 210 ', '0', 'rvelasquez', 'NA'),
(747, '830119428', 312, 0, 0, '912171912', '2016-10-01', 'NA', 'CR 20 A 73 01 ', '0', 'gmarentes', 'NA'),
(748, '830123012', 312, 0, 0, '917400768', '2016-10-01', 'NA', 'CORABASTOS ED E LC 2 ', '0', 'gmarentes', 'NA'),
(749, '830506344', 322, 0, 0, '918484083', '2016-10-01', 'NA', 'CL 4 3 18 ', '0', 'gmarentes', 'NA'),
(750, '832002204', 392, 0, 0, '3132524455', '2016-10-01', 'NA', 'CR 4 1 28 ', '0', 'rvelasquez', 'NA'),
(751, '832004593', 387, 0, 0, '7810681', '2016-10-01', 'NA', 'CR 8 10 26 ', '0', 'gmarentes', 'NA'),
(752, '832006674', 398, 0, 0, '918583093', '2016-10-01', 'NA', 'CR 4 2 04 ', '0', 'rvelasquez', 'NA'),
(753, '832007489', 391, 0, 0, '918572425', '2016-10-01', 'NA', 'DG 4 12 43 ', '0', 'rvelasquez', 'NA'),
(754, '832008547', 353, 0, 0, '918600322', '2016-10-01', 'NA', 'CL 7 1 32 ', '0', 'rvelasquez', 'NA'),
(755, '832009053', 326, 0, 0, '918777779', '2016-10-01', 'NA', 'KM 1 VIA COTA CHIA ', '0', 'rvelasquez', 'NA'),
(756, '832009355', 347, 0, 0, '3132625324', '2016-10-01', 'NA', 'VDA GUANDITA 0.5 KM ADELANTE DE LA ', '0', 'rvelasquez', 'NA'),
(757, '840001061', 654, 0, 0, '915408570', '2016-10-01', 'NA', 'CL SAN CARLOS 1A 50 ', '0', 'gmarentes', 'NA'),
(758, '860046341', 420, 0, 0, '918526226', '2016-10-01', 'NA', 'CL 8 33 31 LA PAZ ', '0', 'rvelasquez', 'NA'),
(759, '860522063', 312, 0, 0, '6797409', '2016-10-01', 'NA', 'AV CR 45 168 21 AUTOP NORTE ', '0', 'gmarentes', 'NA'),
(760, '900034616', 312, 0, 0, '916215264', '2016-10-01', 'NA', 'CR 11A  93 67 OF 404 ', '0', 'ncardona', 'NA'),
(761, '900036777', 360, 0, 0, '3106968122', '2016-10-01', 'NA', 'KM 30 VIA BOGOTA FACA ', '0', 'rvelasquez', 'NA'),
(762, '900057744', 312, 0, 0, '3164724701', '2016-10-01', 'NA', 'CL 147 95 A 17 AP 201TO D 1 ', '0', 'rvelasquez', 'NA'),
(763, '900075256', 347, 0, 0, '3114565437', '2016-10-01', 'NA', 'VDA CARBONERA ALTA ', '0', 'rvelasquez', 'NA'),
(764, '900084568', 347, 0, 0, '3134121592', '2016-10-01', 'NA', 'VDA DE POTREROLARGO ', '0', 'rvelasquez', 'NA'),
(765, '900123883', 336, 0, 0, '918676898', '2016-10-01', 'NA', 'CL 8 16 76 ', '0', 'gmarentes', 'NA'),
(766, '900130013', 336, 0, 0, '3156488035', '2016-10-01', 'NA', 'CL 8 12 10 ', '0', 'gmarentes', 'NA'),
(767, '900260528', 360, 0, 0, '918209946', '2016-10-01', 'NA', 'CL 7 2 15 ', '0', 'rvelasquez', 'NA'),
(768, '900294698', 312, 0, 0, '313001618', '2016-10-01', 'NA', 'CL 74C 69B 53 ', '0', 'gmarentes', 'NA'),
(769, '900319437', 331, 0, 0, '918430290', '2016-10-01', 'NA', 'CR 1 7 80 ', '0', 'rvelasquez', 'NA'),
(770, '900342127', 171, 0, 0, '3115384915', '2016-10-01', 'NA', 'CORR APOSENTOS ', '0', 'gmarentes', 'NA'),
(771, '900385322', 420, 0, 0, '3204095028', '2016-10-01', 'NA', 'CL 16 15 20 ', '0', 'rvelasquez', 'NA'),
(772, '900407253', 312, 0, 0, '912431110', '2016-10-01', 'NA', 'CL 11 15 19 ', '0', 'gmarentes', 'NA'),
(773, '900408676', 312, 0, 0, '916297016', '2016-10-01', 'NA', 'CR 17A 116 AP 503 ', '0', 'rvelasquez', 'NA'),
(774, '900408946', 326, 0, 0, '3204491749', '2016-10-01', 'NA', 'CR 4 13 A 49 ', '0', 'rvelasquez', 'NA'),
(775, '900429519', 324, 0, 0, '3202349460', '2016-10-01', 'NA', 'CR 5 7 11 ', '0', 'rvelasquez', 'NA'),
(776, '900433952', 312, 0, 0, '917708548', '2016-10-01', 'NA', 'CR 3 138 D 24 SUR ', '0', 'gmarentes', 'NA'),
(777, '900471182', 318, 0, 0, '3112310364', '2016-10-01', 'NA', 'CL 2 A 5 A 28 ', '0', 'gmarentes', 'NA'),
(778, '900475031', 318, 0, 0, '3138728305', '2016-10-01', 'NA', 'CL 3A 3 60 ', '0', 'gmarentes', 'NA'),
(779, '900477132', 331, 0, 0, '918921011', '2016-10-01', 'NA', 'CR 1 8 52 ', '0', 'rvelasquez', 'NA');
INSERT INTO `cliente_municipio` (`id_clientemunicipio`, `id_cliente`, `id_municipio`, `hect_cliente`, `hectsemb_cliente`, `tel_cliente`, `fcumpleanos_cliente`, `email_cliente`, `direccion_cliente`, `vtotalcompras_cliente`, `id_usuario`, `contacto_cliente`) VALUES
(780, '900482836', 336, 0, 0, '3107800462', '2016-10-01', 'NA', 'CL 7 A 11 22 ', '0', 'gmarentes', 'NA'),
(781, '900486564', 409, 0, 0, '3134201454', '2016-10-01', 'NA', 'CR 3 2 60 ', '0', 'gmarentes', 'NA'),
(782, '900500932', 861, 0, 0, '3182941875', '2016-10-01', 'NA', 'CL 23 12 49 BRR SAN JOSE ', '0', 'gmarentes', 'NA'),
(783, '900527565', 386, 0, 0, '3105516996', '2016-10-01', 'NA', 'CR 10 8A 03 05 ', '0', 'rvelasquez', 'NA'),
(837, '79295560', 863, 0, 0, '3134676581', '2016-10-01', 'NA', 'CL 23 37 34 ', '0', 'dperdomo', 'NA'),
(838, '79781425', 863, 0, 0, '3211474121', '2016-10-01', 'NA', 'CL 48 29A 76CA 116 CON J ', '0', 'dperdomo', 'NA'),
(839, '844003151', 863, 0, 0, '986342026', '2016-10-01', 'NA', 'CR 29 28 21 ', '0', 'lrodriguez', 'NA'),
(840, '890207037', 731, 0, 0, '976380192', '2016-10-01', 'NA', 'CL 29 25 72 CC CAÑAVERAL/ ALM LA FA ', '0', 'dperdomo', 'NA'),
(841, '891100445', 312, 0, 0, '916449420', '2016-10-01', 'NA', 'CR 10 97 A 13 P4 TO B ', '0', 'dperdomo', 'NA'),
(842, '900087414', 517, 0, 0, '922653100', '2016-10-01', 'NA', 'CORR LA PAILA RIOPAILA ', '0', 'dperdomo', 'NA'),
(843, '900168533', 312, 0, 0, '3154711376', '2016-10-01', 'NA', 'CR 15 79 76 OF 301 ', '0', 'dperdomo', 'NA'),
(844, '900335836', 312, 0, 0, '913218820', '2016-10-01', 'NA', 'CR 7 72 13 OF 201 ', '0', 'dperdomo', 'NA'),
(845, '900404036', 312, 0, 0, '3137082397', '2016-10-01', 'NA', 'CR 15 79 76 OF 301 ', '0', 'dperdomo', 'NA'),
(846, '900416225', 863, 0, 0, '986705252', '2016-10-01', 'NA', 'CL 26 C 36 18 ', '0', 'dperdomo', 'NA'),
(847, '900474780', 312, 0, 0, '3104530356', '2016-10-01', 'NA', 'CR 15 79 76 OF 301 ', '0', 'dperdomo', 'NA'),
(848, '900528742', 863, 0, 0, '986826745', '2016-10-01', 'NA', 'CL 23 37 34 38 40 BRR SAN BENITO ', '0', 'dperdomo', 'NA'),
(849, '1061791292', 595, 0, 0, '3173232755', '2016-10-01', 'NA', 'CR 4 5 77 BRR EL CENTRO ', '0', 'eyepez', 'NA'),
(850, '63360426', 707, 0, 0, '3208365192', '2016-10-01', 'NA', 'CR 16 29A 30 ', '0', 'ahernandez', 'NA'),
(851, '900347116', 865, 0, 0, '955657632', '2016-10-01', 'NA', 'CL 5 27 41 ', '0', 'caraque', 'NA'),
(852, '21203075', 66, 0, 0, '3208479452', '2016-10-01', 'NA', 'CR 14 13 89 ', '0', 'lrodriguez', 'NA'),
(853, '93150692', 823, 0, 0, '3163103651', '2016-10-01', 'NA', 'CL 15 13 25 ', '0', 'jrubio', 'NA'),
(854, '809000555', 312, 0, 0, '982483008', '2016-10-01', 'NA', 'CR 13 93 24 ', '0', 'jrubio', 'NA'),
(855, '809001395', 800, 0, 0, '3153342566', '2016-10-01', 'NA', 'AV IDEMA ZONA INDUSTRIOAL ', '0', 'jrubio', 'NA'),
(856, '809005667', 823, 0, 0, '982266013', '2016-10-01', 'NA', 'CR 17 17 23 BRR CENTRO ', '0', 'jrubio', 'NA'),
(857, '809008658', 807, 0, 0, '982691110', '2016-10-01', 'NA', 'KM 6 VIA PICALEÑA ', '0', 'jrubio', 'NA'),
(858, '809012928', 800, 0, 0, '982487910', '2016-10-01', 'NA', 'PAR AGROINDUSTRIAL LOS OCOB KM 1 ', '0', 'jrubio', 'NA'),
(859, '822003732', 66, 0, 0, '986580317', '2016-10-01', 'NA', 'CL 15 15 55 ', '0', 'lrodriguez', 'NA'),
(860, '860000698', 312, 0, 0, '916101963', '2016-10-01', 'NA', 'CR 11 A 90 15 OF 305 ', '0', 'dsilva', 'NA'),
(861, '890700058', 312, 0, 0, '3102894238', '2016-10-01', 'NA', 'CR 7 21 TO OF 401 ', '0', 'jrubio', 'NA'),
(862, '890701355', 807, 0, 0, '2676222', '2016-10-01', 'NA', 'CR 20 SUR 83 31 COSTADO NORTE ', '0', 'jrubio', 'NA'),
(863, '890702966', 866, 0, 0, '982894061', '2016-10-01', 'NA', 'CR 3 2B 31 ', '0', 'dsilva', 'NA'),
(864, '890704021', 807, 0, 0, '982850010', '2016-10-01', 'NA', 'CR 5 29 32 CC LA QUINTA OF 292 ', '0', 'jrubio', 'NA'),
(865, '890707192', 807, 0, 0, '982639904', '2016-10-01', 'NA', 'CR 5A 30 43 LC 4 ', '0', 'jrubio', 'NA'),
(866, '900065578', 800, 0, 0, '3208381205', '2016-10-01', 'NA', 'CR 3 20 19 ', '0', 'jrubio', 'NA'),
(867, '900162468', 807, 0, 0, '982720651', '2016-10-01', 'NA', 'CR 14 133 24 ', '0', 'jrubio', 'NA'),
(868, '900346992', 312, 0, 0, '3115294708', '2016-10-01', 'NA', 'CR 24 22A 42 ', '0', 'jbarajas', 'NA'),
(869, '900400049', 800, 0, 0, '3156431824', '2016-10-01', 'NA', 'CR 8 16 27 ', '0', 'jrubio', 'NA'),
(870, '900495397', 829, 0, 0, '3138101201', '2016-10-01', 'NA', 'CR 5 2 12 ', '0', 'dsilva', 'NA'),
(871, '900505360', 800, 0, 0, '3138891520', '2016-10-01', 'NA', 'AV IDEMA ZN INDUSTRIAL REMOLINO ', '0', 'jrubio', 'NA'),
(872, '900598481', 807, 0, 0, '3106273670', '2016-10-01', 'NA', 'CR 4C 1 BIS 39 35 BRR ', '0', 'jrubio', 'NA'),
(873, '900815808', 842, 0, 0, '3212591025', '2016-10-01', 'NA', 'CL PRINCIPAL CACAYAL ', '0', 'lrodriguez', 'NA'),
(874, '900835915', 839, 0, 0, '3125847798', '2016-10-01', 'NA', 'CL 12 14 55 BR CENTRO PL ', '0', 'lrodriguez', 'NA'),
(875, '1110460337', 829, 0, 0, '3204923048', '2016-10-01', 'NA', 'CL 2 3 08 ', '0', 'dsilva', 'NA'),
(876, '15375956', 77, 0, 0, '945531183', '2016-10-11', '', 'CL 18 19 26 ', '0', 'plopez', ''),
(877, '15386917', 77, 0, 0, '945390225', '2016-10-11', '', 'VDA SAN NICOLAS KM 5 ', '0', 'plopez', ''),
(878, '800016390', 123, 0, 0, '945390038', '2016-10-11', '', 'VDA CAPIRO FCA SANTANGELO ', '0', 'plopez', ''),
(879, '800020274', 89, 0, 0, '945532050', '2016-10-11', '', 'AUT MEDELLIN BOGOTA KM 39 VDA BELEN ', '0', 'plopez', ''),
(880, '800023622', 93, 0, 0, '945432683', '2016-10-11', '', 'CR 33 7 12 ', '0', 'plopez', ''),
(881, '800027543', 123, 0, 0, '944481130', '2016-10-11', '', 'VDA LLANO GRANDE BLANCO ', '0', 'plopez', ''),
(882, '800039849', 123, 0, 0, '945371800', '2016-10-11', '', 'KM 8.5 VIA LLANO GRANDE VDA TRES PUERTAS', '0', 'plopez', ''),
(883, '800053849', 123, 0, 0, '945619788', '2016-10-11', '', 'VDA VILACHUAGA FCA VILACHUAGA ', '0', 'plopez', ''),
(884, '800099480', 39, 0, 0, '945561144', '2016-10-11', '', 'VDA LA MADERA KM 18 CARR EL CARMEN DE VIBORAL', '0', 'plopez', ''),
(885, '800126242', 123, 0, 0, '945613050', '2016-10-11', '', 'CL 55 44 05 ', '0', 'plopez', ''),
(886, '800153745', 93, 0, 0, '944447925', '2016-10-11', '', 'CR 43 A 1 A S 29 ', '0', 'plopez', ''),
(887, '800160435', 39, 0, 0, '945434612', '2016-10-11', '', 'VDA LA CHAPA ', '0', 'plopez', ''),
(888, '811008489', 123, 0, 0, '945391406', '2016-10-11', '', 'VDA EL HIGUERON ', '0', 'plopez', ''),
(889, '811015317', 39, 0, 0, '945436003', '2016-10-11', '', 'VDA CRISTO REY ', '0', 'plopez', ''),
(890, '811018494', 123, 0, 0, '945611558', '2016-10-11', '', 'VDA  EL TABLAZO ', '0', 'plopez', ''),
(891, '811020107', 123, 0, 0, '945321397', '2016-10-11', '', 'KM 3 VIA LLANO GRANDE ', '0', 'plopez', ''),
(892, '811024612', 123, 0, 0, '945372102', '2016-10-11', '', 'VDA EL CAPIRO ', '0', 'plopez', ''),
(893, '811028567', 123, 0, 0, '945317176', '2016-10-11', '', 'CR 54 A 25 60 ', '0', 'plopez', ''),
(894, '811035110', 93, 0, 0, '945681879', '2016-10-11', '', 'CR 25 12 SUR 59 OF 209 ', '0', 'plopez', ''),
(895, '811037591', 39, 0, 0, '945666660', '2016-10-11', '', 'KM 4 VIA RIONEGRO EL CARMEN ', '0', 'plopez', ''),
(896, '811037748', 123, 0, 0, '945621744', '2016-10-11', '', 'VDA EL TABLAZO ', '0', 'plopez', ''),
(897, '811037797', 122, 0, 0, '945410684', '2016-10-11', '', 'CL 24 24 65 PA 23 PARCELACION MIRADOR DEL RETIRO', '0', 'plopez', ''),
(898, '811039503', 123, 0, 0, '945628864', '2016-10-11', '', 'VDA LOS PINOS FCA LA OFELIA ', '0', 'plopez', ''),
(899, '830042112', 123, 0, 0, '945370052', '2016-10-11', '', 'KM 5 LLANO GRANDE ', '0', 'plopez', ''),
(900, '830076169', 123, 0, 0, '945535243', '2016-10-11', '', 'VDA LAS LOMITAS LA CEJA ANITOQ ', '0', 'plopez', ''),
(901, '830124437', 39, 0, 0, '945623400', '2016-10-11', '', 'VIA LA CEJA RIONEGRO VDA EL CANADA ', '0', 'plopez', ''),
(902, '830136939', 77, 0, 0, '945531359', '2016-10-11', '', 'VDA CHAPARRAL ', '0', 'plopez', ''),
(903, '830509987', 77, 0, 0, '945682475', '2016-10-11', '', 'VIA LA CEJA LA UNION VDA LAS LOMITA ', '0', 'plopez', ''),
(904, '900305698', 93, 0, 0, '945420844', '2016-10-11', '', 'CL 7D 43A 15 EL POBLADO ', '0', 'plopez', ''),
(905, '890911705', 77, 0, 0, '945550140', '2016-10-11', '', 'CL 29 16 04 ', '0', 'plopez', ''),
(906, '890913944', 123, 0, 0, '3128655990', '2016-10-11', '', 'VIA LLANOGRANDE FRENTE AL ICA ', '0', 'plopez', ''),
(907, '890926122', 123, 0, 0, '945390444', '2016-10-11', '', 'VDA CAPIRO FCAEL GRANADILLO ', '0', 'plopez', ''),
(908, '890929171', 123, 0, 0, '945614871', '2016-10-11', '', 'VDA EL TABLAZO ', '0', 'plopez', ''),
(909, '890938755', 123, 0, 0, '945372244', '2016-10-11', '', 'VDA TRES PUERTAS ', '0', 'plopez', ''),
(910, '890938757', 77, 0, 0, '945539154', '2016-10-11', '', 'VDA EL TAMBO ', '0', 'plopez', ''),
(911, '890980097', 123, 0, 0, '942128384', '2016-10-11', '', 'CR 52 73 182/298 ', '0', 'plopez', ''),
(912, '900223044', 123, 0, 0, '944195212', '2016-10-11', '', 'VDA CHIPRE SEC LA AMALITA FCA LOS ACANTOS', '0', 'plopez', ''),
(913, '900244262', 123, 0, 0, '945371622', '2016-10-11', '', 'LLANO GRANDE KM 7 ', '0', 'plopez', ''),
(914, '98570864', 77, 0, 0, '945681169', '2016-10-11', '', 'KM 4 VIA LA CEJA RIONEGRO ', '0', 'plopez', ''),
(915, '900570211', 123, 0, 0, '944197755', '2016-10-11', '', 'VDA CUCHILLA DE SAN JOSE ', '0', 'plopez', ''),
(916, '15444890', 93, 0, 0, '945630103', '2016-10-11', '', 'VDA CUCHILLAS DE SAN JOSE ', '0', 'plopez', ''),
(917, '900604830', 39, 0, 0, '945621452', '2016-10-11', '', 'VDA LAS GARZONAS ', '0', 'plopez', ''),
(918, '811032433', 123, 0, 0, '945695284', '2016-10-11', '', 'VDA TABLACITO ', '0', 'plopez', ''),
(919, '900111576', 77, 0, 0, '3104994983', '2016-10-11', '', 'VDA LAS LOMITAS ', '0', 'plopez', ''),
(920, '900321282', 59, 0, 0, '943860129', '2016-10-11', '', 'ALTO LAS PALMAS VDA LA ESPERANZA ', '0', 'plopez', ''),
(921, '15383169', 77, 0, 0, '3117306421', '2016-10-11', '', 'CR 20 5 18 VDA EL TAMBO ', '0', 'plopez', ''),
(922, '811046268', 68, 0, 0, '94444562', '2016-10-11', '', 'VDA LA CLARA ', '0', 'plopez', ''),
(923, '900440984', 77, 0, 0, '945539327', '2016-10-11', '', 'CL 18 20 42 ', '0', 'plopez', ''),
(924, '811044255', 77, 0, 0, '3116450254', '2016-10-11', '', 'VDA SAN NICOLAS ', '0', 'plopez', ''),
(925, '900424415', 39, 0, 0, '945668354', '2016-10-11', '', 'PARAJE LAS GARZONAS ', '0', 'plopez', ''),
(926, '800004048', 330, 0, 0, '915466644', '2016-10-11', '', 'AUT MEDELLIN KM 17 ', '0', 'arodriguez', ''),
(927, '800010991', 312, 0, 0, '918628299', '2016-10-11', '', 'CR 19 C 86 30 OF 702 ', '0', 'agamboa', ''),
(928, '800013638', 312, 0, 0, '916864444', '2016-10-11', '', 'CRT SUBA COTA KM 4.2 ', '0', 'agamboa', ''),
(929, '800021599', 330, 0, 0, '918911980', '2016-10-11', '', 'KM 8 VIA FACATATIVA ', '0', 'arodriguez', ''),
(930, '800022398', 400, 0, 0, '918657800', '2016-10-11', '', 'KM 5 VIA TENJO LA PUNTA ', '0', 'agamboa', ''),
(931, '800026845', 312, 0, 0, '918844433', '2016-10-11', '', 'CR 15 90 46 OF 301 ', '0', 'agamboa', ''),
(932, '800027501', 312, 0, 0, '916129811', '2016-10-11', '', 'CL 117 6 56 ', '0', 'agamboa', ''),
(933, '800031939', 312, 0, 0, '916577575', '2016-10-11', '', 'CL 92 11 51 OF 302 ', '0', 'arodriguez', ''),
(934, '800049458', 321, 0, 0, '918527619', '2016-10-11', '', 'CE CENTRO CHIA OF 304 ', '0', 'acortes', ''),
(935, '800050714', 312, 0, 0, '915953870', '2016-10-11', '', 'CL 72 10 07 OF 601 ', '0', 'acortes', ''),
(936, '800065684', 312, 0, 0, '918563001', '2016-10-11', '', 'CR 12 91 60 ', '0', 'agamboa', ''),
(937, '800067466', 312, 0, 0, '3208036902', '2016-10-11', '', 'AV CL 100 19A 50 OF 1002 ', '0', 'arodriguez', ''),
(938, '800069643', 387, 0, 0, '917251254', '2016-10-11', '', 'KM 4 VIA SIBATE VDA SAN BENITO ', '0', 'arodriguez', ''),
(939, '800089361', 325, 0, 0, '3208302485', '2016-10-11', '', 'KM 8 VIA ZIPAQUIRA NEMOCON VDA EL MORTIÑO FCA CIRCASIA', '0', 'agamboa', ''),
(940, '800095068', 312, 0, 0, '915082509', '2016-10-11', '', 'CR 11 82 01 P 5 ', '0', 'agamboa', ''),
(941, '800096494', 321, 0, 0, '916683030', '2016-10-11', '', 'CE CENTRO CHIA OF 304 ', '0', 'acortes', ''),
(942, '800101932', 312, 0, 0, '916683030', '2016-10-11', '', 'CR 7  12C  28 OF 1005 ', '0', 'acortes', ''),
(943, '800108333', 391, 0, 0, '918572709', '2016-10-11', '', 'VDA EL CHUSCAL ', '0', 'agamboa', ''),
(944, '800114867', 326, 0, 0, '918625177', '2016-10-11', '', 'HC MONGIBELLO ', '0', 'agamboa', ''),
(945, '800114953', 321, 0, 0, '916683030', '2016-10-11', '', 'CE CENTRO CHIA OF 304 ', '0', 'acortes', ''),
(946, '800119297', 321, 0, 0, '916683030', '2016-10-11', '', 'CE CENTRO CHIA OF 304 ', '0', 'acortes', ''),
(947, '800121823', 312, 0, 0, '916360929', '2016-10-11', '', 'CL 92 15 48 OF 308 ', '0', 'agamboa', ''),
(948, '800123857', 321, 0, 0, '916683030', '2016-10-11', '', 'CE CENTRO CHIA OF 304 ', '0', 'acortes', ''),
(949, '800123913', 312, 0, 0, '912366850', '2016-10-11', '', 'CL 92 15 48 OF 408 ', '0', 'agamboa', ''),
(950, '800125859', 312, 0, 0, '916234704', '2016-10-11', '', 'CL 94 15 32 OFC 408 ', '0', 'agamboa', ''),
(951, '800126875', 321, 0, 0, '916103371', '2016-10-11', '', 'CE CENTRO CHIA OF 304 ', '0', 'acortes', ''),
(952, '800129680', 312, 0, 0, '918621882', '2016-10-11', '', 'CL 96 13 31 OF 503 ', '0', 'agamboa', ''),
(953, '800130305', 321, 0, 0, '918527650', '2016-10-11', '', 'CE CENTRO CHIA OF 304 ', '0', 'acortes', ''),
(954, '800130771', 321, 0, 0, '916683030', '2016-10-11', '', 'CE CENTRO CHIA OF 304 ', '0', 'acortes', ''),
(955, '800132469', 321, 0, 0, '916683030', '2016-10-11', '', 'CE CENTRO CHIA OF 304 ', '0', 'acortes', ''),
(956, '800133063', 360, 0, 0, '914268920', '2016-10-11', '', 'MADRID PUENTE PIEDRA CL 71 11 71', '0', 'acortes', ''),
(957, '800136041', 312, 0, 0, '3762094', '2016-10-11', '', 'CL 72 10 07 OF 503 ', '0', 'acortes', ''),
(958, '800142580', 345, 0, 0, '918504616', '2016-10-11', '', 'KM 7 VIA SOPO LA CALERA ', '0', 'agamboa', ''),
(959, '800145764', 312, 0, 0, '3204922090', '2016-10-11', '', 'CR 48 125 21 APTO 301 ', '0', 'arodriguez', ''),
(960, '800149419', 312, 0, 0, '915207133', '2016-10-11', '', 'CL 109 18 C 17 OF 616 ', '0', 'agamboa', ''),
(961, '800154771', 334, 0, 0, '918216000', '2016-10-11', '', 'VDA COCLI KM 7 VIA FUNZA LA PU ', '0', 'agamboa', ''),
(962, '800157895', 312, 0, 0, '916109625', '2016-10-11', '', 'CL 90 13 A 31 OF 503 ', '0', 'acortes', ''),
(963, '800158149', 312, 0, 0, '916129811', '2016-10-11', '', 'CL 117 6 56 ', '0', 'agamboa', ''),
(964, '800164874', 312, 0, 0, '916763002', '2016-10-11', '', 'AV 82 7 22 OF 201 ', '0', 'agamboa', ''),
(965, '800195429', 321, 0, 0, '916683030', '2016-10-11', '', 'CE CENTRO CHIA OF 304 ', '0', 'acortes', ''),
(966, '800202197', 312, 0, 0, '914775702', '2016-10-11', '', 'CL 127 B 45 36 ', '0', 'arodriguez', ''),
(967, '800205120', 404, 0, 0, '918574311', '2016-10-11', '', 'AUT NORTE KM 26 ', '0', 'agamboa', ''),
(968, '800209481', 404, 0, 0, '914192900', '2016-10-11', '', 'KM 2 VIA TOCANCIPA ECOPETROL ', '0', 'agamboa', ''),
(969, '800214937', 345, 0, 0, '3153727374', '2016-10-11', '', 'CR 11 A 97 A 03 OF 208 ED IQ ', '0', 'agamboa', ''),
(970, '800218042', 321, 0, 0, '916683030', '2016-10-11', '', 'CE CENTRO CHIA OF 304 ', '0', 'acortes', ''),
(971, '800227103', 321, 0, 0, '916683030', '2016-10-11', '', 'CE CENTRO CHIA OF 304 ', '0', 'acortes', ''),
(972, '800227624', 321, 0, 0, '916683030', '2016-10-11', '', 'CE CENTRO CHIA OF 304 ', '0', 'acortes', ''),
(973, '830002313', 321, 0, 0, '916683030', '2016-10-11', '', 'CE CENTRO CHIA OF 304 ', '0', 'acortes', ''),
(974, '830005674', 321, 0, 0, '916683030', '2016-10-11', '', 'CE CENTRO CHIA OF 304 ', '0', 'acortes', ''),
(975, '830010738', 321, 0, 0, '317430840', '2016-10-11', '', 'KM 4 VIA SUBA COTA ', '0', 'agamboa', ''),
(976, '830022781', 330, 0, 0, '3102176154', '2016-10-11', '', 'VDA SAN ANTONIO FCA HIGUERA ', '0', 'arodriguez', ''),
(977, '830028496', 312, 0, 0, '6129811', '2016-10-11', '', 'CL 117 6 56 ', '0', 'agamboa', ''),
(978, '830031070', 365, 0, 0, '913283156', '2016-10-11', '', 'CR 18 7 14 SUR PISO 1 ', '0', 'agamboa', ''),
(979, '830035143', 312, 0, 0, '914775702', '2016-10-11', '', 'CL 127 B 45 36 ', '0', 'arodriguez', ''),
(980, '830039311', 312, 0, 0, '916093635', '2016-10-11', '', 'CR 70 19 85 B 2 ', '0', 'agamboa', ''),
(981, '830042322', 330, 0, 0, '913466058', '2016-10-11', '', 'KM 1.5 VIA EL ROSAL SUBACHOQUE ', '0', 'arodriguez', ''),
(982, '830046733', 321, 0, 0, '916683030', '2016-10-11', '', 'CE CENTRO CHIA OF 304 ', '0', 'acortes', ''),
(983, '830052657', 312, 0, 0, '913238657', '2016-10-11', '', 'CL 37 16 24 ', '0', 'arodriguez', ''),
(984, '830057697', 321, 0, 0, '918623521', '2016-10-11', '', 'CE CENTRO CHIA OF 304 ', '0', 'acortes', ''),
(985, '830058891', 360, 0, 0, '915082057', '2016-10-11', '', 'KM 6 VDA LOS ARBOLES ', '0', 'arodriguez', ''),
(986, '830067747', 312, 0, 0, '6129811', '2016-10-11', '', 'CL 117 6 56 ', '0', 'agamboa', ''),
(987, '830085047', 360, 0, 0, '914268920', '2016-10-11', '', 'MADRID PUENTE PIEDRA ', '0', 'acortes', ''),
(988, '830085690', 312, 0, 0, '3156152321', '2016-10-11', '', 'CL 14 8 79 OF 519 ', '0', 'arodriguez', ''),
(989, '830090742', 312, 0, 0, '912499838', '2016-10-11', '', 'CL 67 11 58 ', '0', 'arodriguez', ''),
(990, '830091683', 321, 0, 0, '916683030', '2016-10-11', '', 'CE CENTRO CHIA OF 304 ', '0', 'acortes', ''),
(991, '830092332', 400, 0, 0, '3123970952', '2016-10-11', '', 'VDA CARRASQUILLA ', '0', 'agamboa', ''),
(992, '830093741', 331, 0, 0, '918910444', '2016-10-11', '', 'KM 31 VIA BOGOTA FACATATIVA ', '0', 'arodriguez', ''),
(993, '830098375', 312, 0, 0, '916577575', '2016-10-11', '', 'CL 92 11 51 OF 302 ', '0', 'arodriguez', ''),
(994, '830100158', 312, 0, 0, '316145016', '2016-10-11', '', 'CR 18 C 149 33 AP 502 ', '0', 'agamboa', ''),
(995, '830103204', 312, 0, 0, '912573725', '2016-10-11', '', 'AV CR 9 100 07 OF 402 ', '0', 'arodriguez', ''),
(996, '830116204', 404, 0, 0, '3202340351', '2016-10-11', '', 'KM 3.5 VIA ZIPAQUIRA ', '0', 'agamboa', ''),
(997, '830125341', 312, 0, 0, '3105617331', '2016-10-11', '', 'CR 48 125 21 APTO 301 EDF CEREZO BR ', '0', 'agamboa', ''),
(998, '830127761', 312, 0, 0, '916017555', '2016-10-11', '', 'CL 97 23 60 OF 603 ', '0', 'agamboa', ''),
(999, '830131273', 404, 0, 0, '3132521383', '2016-10-11', '', 'VDA LA FUENTE ', '0', 'agamboa', ''),
(1000, '830131884', 312, 0, 0, '913238657', '2016-10-11', '', 'CL 37 16 24 ', '0', 'arodriguez', ''),
(1001, '830136561', 404, 0, 0, '3212017324', '2016-10-11', '', 'KM 3 VIA TOCANCIPA ZIPAQUIRA ', '0', 'agamboa', ''),
(1002, '830136669', 321, 0, 0, '916683030', '2016-10-11', '', 'CE CENTRO CHIA OF 304 ', '0', 'acortes', ''),
(1003, '830139955', 400, 0, 0, '916125217', '2016-10-11', '', 'VDA EL ESTANCO ', '0', 'agamboa', ''),
(1004, '830140122', 312, 0, 0, '916103161', '2016-10-11', '', 'CL 92 15 48 OF 311 ', '0', 'agamboa', ''),
(1005, '830140335', 312, 0, 0, '912167765', '2016-10-11', '', 'TV 28 147 32 B 4 AP 302 ', '0', 'agamboa', ''),
(1006, '830141144', 321, 0, 0, '918617886', '2016-10-11', '', 'AV PRADILLA 9 00 ESTE OF 313 ', '0', 'arodriguez', ''),
(1007, '830141761', 312, 0, 0, '3124506249', '2016-10-11', '', 'CL 127 B 71 A 61 ', '0', 'arodriguez', ''),
(1008, '830144599', 312, 0, 0, '916330349', '2016-10-11', '', 'CL 127 B 45 23 ', '0', 'arodriguez', ''),
(1009, '830144787', 391, 0, 0, '3144043533', '2016-10-11', '', 'VDA APOSENTOS FCA EL MILAGRO ', '0', 'agamboa', ''),
(1010, '830501747', 312, 0, 0, '917425136', '2016-10-11', '', 'CL 30 A 6 22 OF 3101 ', '0', 'arodriguez', ''),
(1011, '830507195', 326, 0, 0, '915466606', '2016-10-11', '', 'CL 80 AUT MEDELLIN KM 1.5 VIA SIBER ', '0', 'arodriguez', ''),
(1012, '832005522', 393, 0, 0, '916125585', '2016-10-11', '', 'VDA PALMIRA LT2 FCA TORRE MOLINOS ', '0', 'arodriguez', ''),
(1013, '832009573', 321, 0, 0, '917539448', '2016-10-11', '', 'KM 1.3 VIA CAJICA ZIPAQUIRA ', '0', 'agamboa', ''),
(1014, '832010066', 360, 0, 0, '316850026', '2016-10-11', '', 'CRT MADRID AL ROSAL MARSELL F NAZARIO', '0', 'agamboa', ''),
(1015, '832010320', 316, 0, 0, '918623967', '2016-10-11', '', 'VDA CANELON FCA FAGUA ', '0', 'agamboa', ''),
(1016, '832010593', 321, 0, 0, '3124352333', '2016-10-11', '', 'CR 15 15 105 CA20 ', '0', 'agamboa', ''),
(1017, '860009645', 312, 0, 0, '6582700', '2016-10-11', '', 'CL 127 C 15 02 ', '0', 'agamboa', ''),
(1018, '860025565', 312, 0, 0, '916843988', '2016-10-11', '', 'CL 76 11 17 TO LOS NOGALES ', '0', 'arodriguez', ''),
(1019, '860025707', 312, 0, 0, '915082104', '2016-10-11', '', 'CR 17 93A 06 ', '0', 'arodriguez', ''),
(1020, '860025845', 321, 0, 0, '913238657', '2016-10-11', '', 'CL 37 16 46 ', '0', 'arodriguez', ''),
(1021, '860031657', 312, 0, 0, '913238657', '2016-10-11', '', 'CL 37 16 46 ', '0', 'arodriguez', ''),
(1022, '860032436', 312, 0, 0, '918266868', '2016-10-11', '', 'CL 72 10 07 OF 503 ', '0', 'acortes', ''),
(1023, '860040407', 312, 0, 0, '918911919', '2016-10-11', '', 'CL 71 2 51 ESTE ', '0', 'agamboa', ''),
(1024, '860043345', 312, 0, 0, '918527624', '2016-10-11', '', 'CL 93 B 12 28 OF 401 ', '0', 'agamboa', ''),
(1025, '860043588', 321, 0, 0, '916683030', '2016-10-11', '', 'CE CENTRO CHIA OF 304 ', '0', 'acortes', ''),
(1026, '860048015', 321, 0, 0, '916683030', '2016-10-11', '', 'CE CENTRO CHIA OF 304 ', '0', 'acortes', ''),
(1027, '860048521', 312, 0, 0, '918266868', '2016-10-11', '', 'CL 72 10 07 OF 601 ', '0', 'acortes', ''),
(1028, '860049100', 312, 0, 0, '913496960', '2016-10-11', '', 'CR 6 67 09 OF 402 ', '0', 'agamboa', ''),
(1029, '860050371', 330, 0, 0, '3164702960', '2016-10-11', '', 'KM 19 AUT MEDELLIN ', '0', 'agamboa', ''),
(1030, '860053966', 312, 0, 0, '918840719', '2016-10-11', '', 'CL 96 13 31 OF 503 ', '0', 'agamboa', ''),
(1031, '860054546', 321, 0, 0, '916683030', '2016-10-11', '', 'CE CENTRO CHIA OF 304 ', '0', 'acortes', ''),
(1032, '860065678', 312, 0, 0, '916103201', '2016-10-11', '', 'CR 28 C 84 48 ', '0', 'agamboa', ''),
(1033, '860350564', 312, 0, 0, '3174331667', '2016-10-11', '', 'CL 78 9 57 OF 1403 ', '0', 'arodriguez', ''),
(1034, '860351680', 312, 0, 0, '3174424982', '2016-10-11', '', 'CL 90 12 28 PISO 2 ', '0', 'agamboa', ''),
(1035, '860351923', 312, 0, 0, '915953870', '2016-10-11', '', 'CL 72 10 07 OF 601 ', '0', 'acortes', ''),
(1036, '860353804', 312, 0, 0, '918660546', '2016-10-11', '', 'CR 67  94 A 21 ', '0', 'agamboa', ''),
(1037, '860354073', 321, 0, 0, '918892102', '2016-10-11', '', 'CE CENTRO CHIA OF 304 ', '0', 'acortes', ''),
(1038, '860518356', 312, 0, 0, '914017000', '2016-10-11', '', 'KM 3 VIA SIBERIA TENJO ', '0', 'agamboa', ''),
(1039, '860518654', 312, 0, 0, '-6103070', '2016-10-11', '', 'CL 92 15 48 OF 408 ', '0', 'agamboa', ''),
(1040, '860521813', 312, 0, 0, '915950080', '2016-10-11', '', 'CR 13 90 36 OF 201 ', '0', 'acortes', ''),
(1041, '860522101', 400, 0, 0, '918772254', '2016-10-11', '', 'AUT MEDELLIN KM 12 VDA LA PUNTA CAM ', '0', 'acortes', ''),
(1042, '860522815', 330, 0, 0, '918240699', '2016-10-11', '', 'KM 1 VIA EL ROSAL SUBACHOQUE ', '0', 'arodriguez', ''),
(1043, '860524163', 312, 0, 0, '912133940', '2016-10-11', '', 'CL 118 6 45 ', '0', 'arodriguez', ''),
(1044, '860526236', 321, 0, 0, '916683030', '2016-10-11', '', 'CE CENTRO CHIA OF 304 ', '0', 'acortes', ''),
(1045, '860529858', 360, 0, 0, '3176421533', '2016-10-11', '', 'KM 3.5 VIA PUENTE PIEDRA ', '0', 'arodriguez', ''),
(1046, '860531704', 312, 0, 0, '916103201', '2016-10-11', '', 'CR 28 C 84 48 ', '0', 'agamboa', ''),
(1047, '860532145', 312, 0, 0, '916204120', '2016-10-11', '', 'CL 124 35 15 OF 202 ', '0', 'arodriguez', ''),
(1048, '860536195', 312, 0, 0, '918246489', '2016-10-11', '', 'CR 7 72 64 OF 212 ', '0', 'agamboa', ''),
(1049, '900008751', 365, 0, 0, '913115357', '2016-10-11', '', 'FCA VILLADIOSITA VDA SUSATA ', '0', 'agamboa', ''),
(1050, '900014838', 331, 0, 0, '918423058', '2016-10-11', '', 'PD LA CABAÑA KM 3 VIA ECOPETROL ', '0', 'acortes', ''),
(1051, '900031275', 331, 0, 0, '918910101', '2016-10-11', '', 'KM 31 VIA BOGOTA FACA ', '0', 'arodriguez', ''),
(1052, '900053198', 312, 0, 0, '916294145', '2016-10-11', '', 'CR 7 113 43 OF 1507 ', '0', 'agamboa', ''),
(1053, '900054881', 400, 0, 0, '945550140', '2016-10-11', '', 'KM 5 VIA TENJO LA PUNTA ', '0', 'agamboa', ''),
(1054, '900060761', 360, 0, 0, '918246148', '2016-10-11', '', 'AUT MEDELLIN KM 14 PTE PIEDRA ', '0', 'acortes', ''),
(1055, '900098416', 312, 0, 0, '916103161', '2016-10-11', '', 'CL 92 15 48 OF 311 ', '0', 'agamboa', ''),
(1056, '900114272', 312, 0, 0, '913451860', '2016-10-11', '', 'CR 7 72 64 OF 207 ', '0', 'agamboa', ''),
(1057, '900119929', 321, 0, 0, '918660705', '2016-10-11', '', 'CL 10 9 47 OF 304 ', '0', 'agamboa', ''),
(1058, '900123127', 321, 0, 0, '918631529', '2016-10-11', '', 'CR 11 13 26 OF 301 ', '0', 'agamboa', ''),
(1059, '900149268', 312, 0, 0, '3118082826', '2016-10-11', '', 'CL 76 BIS A 104 21 ', '0', 'agamboa', ''),
(1060, '900149336', 365, 0, 0, '918614502', '2016-10-11', '', 'VDA CHECUA ', '0', 'agamboa', ''),
(1061, '900222344', 325, 0, 0, '918626587', '2016-10-11', '', 'VDA SUSAGUA FC ALTO EXTERNO ', '0', 'agamboa', ''),
(1062, '900232379', 360, 0, 0, '3108138897', '2016-10-11', '', 'PN PIEDRA VDA CHAUTA FCA SAN JUSTO ', '0', 'arodriguez', ''),
(1063, '900254024', 312, 0, 0, '3123432956', '2016-10-11', '', 'AUT NORTE KM 33 PA APOSENTOS CA 68 ', '0', 'agamboa', ''),
(1064, '900266647', 312, 0, 0, '918573472', '2016-10-11', '', 'AV SUBA 106 A 28 OFC 302 ', '0', 'agamboa', ''),
(1065, '900338701', 331, 0, 0, '918910444', '2016-10-11', '', 'KM 31 VIA BOGOTA FACATATIVA ', '0', 'arodriguez', ''),
(1066, '900339026', 312, 0, 0, '912130592', '2016-10-11', '', 'CR 28C 84 48 POLO CLUB ', '0', 'agamboa', ''),
(1067, '900362839', 316, 0, 0, '918626581', '2016-10-11', '', 'KM 4 VIA CHIA CAJICA ', '0', 'agamboa', ''),
(1068, '900373944', 312, 0, 0, '3102393995', '2016-10-11', '', 'CR 7 77 07 ', '0', 'acortes', ''),
(1069, '900388024', 312, 0, 0, '913382059', '2016-10-11', '', 'CL 30 A 6 22 OF 3101 ', '0', 'arodriguez', ''),
(1070, '900409984', 321, 0, 0, '916683030', '2016-10-11', '', 'CE CENTRO CHIA OF 304 ', '0', 'acortes', ''),
(1071, '900412466', 331, 0, 0, '918910444', '2016-10-11', '', 'KM 31 VIA BOGOTA FACATATIVA ', '0', 'arodriguez', ''),
(1072, '900444854', 312, 0, 0, '3102608502', '2016-10-11', '', 'CL 71 2A 94 AP 401 ', '0', 'agamboa', ''),
(1073, '900485333', 400, 0, 0, '918772254', '2016-10-11', '', 'AUT MEDELLIN KM 12 VDA LA PUNTA CAM ', '0', 'acortes', ''),
(1074, '900485334', 400, 0, 0, '918772254', '2016-10-11', '', 'AUT MEDELLIN KM 12 VDA LA PUNTA CAM ', '0', 'acortes', ''),
(1075, '900485345', 400, 0, 0, '918772254', '2016-10-11', '', 'AUT MEDELLIN KM 12 VDA LA PUNTA CAM ', '0', 'acortes', ''),
(1076, '900485397', 400, 0, 0, '918772254', '2016-10-11', '', 'AUT MEDELLIN KM 12 VDA LA PUNTA CAM ', '0', 'acortes', ''),
(1077, '900487894', 400, 0, 0, '918772254', '2016-10-11', '', 'AUT MEDELLIN KM 12 VDA LA PUNTA CAM ', '0', 'acortes', ''),
(1078, '900487896', 400, 0, 0, '918772254', '2016-10-11', '', 'AUT MEDELLIN KM 12 VDA LA PUNTA CAM ', '0', 'acortes', ''),
(1079, '900519765', 312, 0, 0, '3102450424', '2016-10-11', '', 'CR 7 12C 28 OF 1005 ', '0', 'plopez', ''),
(1080, '900529903', 312, 0, 0, '918683030', '2016-10-11', '', 'CR 7 12 C 28 OF 1005 ', '0', 'plopez', ''),
(1081, '860353082', 331, 0, 0, '312144136', '2016-10-11', '', 'KM 29 VIA MADRID FACATATIVA ', '0', 'arodriguez', ''),
(1082, '800162991', 331, 0, 0, '915466645', '2016-10-11', '', 'AV EL DORADO 96J 03 PISO 3 ', '0', 'agamboa', ''),
(1083, '1032414846', 312, 0, 0, '912265945', '2016-10-11', '', 'TR 56 108 50 ', '0', 'arodriguez', ''),
(1084, '900528213', 360, 0, 0, '918253488', '2016-10-11', '', 'CL 19 1 85 BR PRIMERO DE MAYO ', '0', 'arodriguez', ''),
(1085, '900250463', 312, 0, 0, '912740528', '2016-10-11', '', 'CL 127 B 45 23 ', '0', 'arodriguez', ''),
(1086, '800100639', 312, 0, 0, '917460119', '2016-10-11', '', 'CL 88 9 48 AP 401 ', '0', 'agamboa', ''),
(1087, '900354395', 312, 0, 0, '913363558', '2016-10-11', '', 'CL 19 7 48 OF 1403 ', '0', 'arodriguez', ''),
(1088, '900593408', 393, 0, 0, '3144043533', '2016-10-11', '', 'VDA SAN VICENTE ', '0', 'agamboa', ''),
(1089, '900278411', 312, 0, 0, '3103072903', '2016-10-11', '', 'CR 15 92 70 OF 202 ED BULEVAR CHICO ', '0', 'agamboa', ''),
(1090, '900549740', 312, 0, 0, '916683030', '2016-10-11', '', 'CR 7 12 C 28 OF 1005 ', '0', 'plopez', ''),
(1091, '800237418', 312, 0, 0, '3104804888', '2016-10-11', '', 'AV 19 118 95 OF BRR SANTA BARBARA ', '0', 'arodriguez', ''),
(1092, '860533838', 312, 0, 0, '3212332252', '2016-10-11', '', 'CR 19C 88 07 AP 401 ', '0', 'arodriguez', ''),
(1093, '860041216', 312, 0, 0, '918299732', '2016-10-11', '', 'CAT OCC KM 16 17 RT 1 LC 4 ', '0', 'arodriguez', ''),
(1094, '830062640', 420, 0, 0, '3105770499', '2016-10-11', '', 'KM 5 VIA ZIPA NEMOCON VDA GRANJA ', '0', 'acortes', ''),
(1095, '830116006', 312, 0, 0, '916112032', '2016-10-11', '', 'CR 10 83 47 AP 201 ', '0', 'agamboa', ''),
(1096, '900703463', 312, 0, 0, '916145602', '2016-10-11', '', 'CL 150 16 56 OF 304 ', '0', 'agamboa', ''),
(1097, '800137443', 312, 0, 0, '915313985', '2016-10-11', '', 'CL 86 A 13 42 P 6 ', '0', 'agamboa', ''),
(1098, '900783814', 420, 0, 0, '3103013087', '2016-10-11', '', 'CL 7 11 34 OF 204 ', '0', 'arodriguez', ''),
(1099, '900738453', 312, 0, 0, '916231303', '2016-10-11', '', 'CR 7 12C 28  OF 1005 ', '0', 'plopez', ''),
(1100, '900855679', 331, 0, 0, '915466694', '2016-10-11', '', 'VDA SAN MARINO KM 27.5 VIA  BOGOTA FACATATIVA', '0', 'acortes', ''),
(1101, '832001581', 420, 0, 0, '3102700595', '2016-10-11', '', 'VDA PASO ANCHO FCA SANTA ANA 2 KM V ', '0', 'agamboa', ''),
(1102, '900492396', 321, 0, 0, '918624627', '2016-10-11', '', 'CR 23 124 70 OF 305 ', '0', 'agamboa', ''),
(1103, '900897223', 312, 0, 0, '3124542836', '2016-10-11', '', 'CL 93 11A 28 OFC 601 ', '0', 'arodriguez', ''),
(1104, '830099077', 326, 0, 0, '918966496', '2016-10-11', '', 'EMPRESARIAL METROPOLITANO KM 3 5 VI ', '0', 'agamboa', ''),
(1105, '830501605', 363, 0, 0, '918293673', '2016-10-11', '', 'PARQUE AGROINDUSTRIAL DE LA SABANA ', '0', 'acortes', ''),
(1106, '900425086', 360, 0, 0, '3112862260', '2016-10-11', '', 'KM 45 10 FCA YERBABUENA VADA LOS AR ', '0', 'agamboa', ''),
(1107, '900936801', 312, 0, 0, '3125416740', '2016-10-11', '', 'CR 23 124 70 OFC 305 ', '0', 'agamboa', '');

-- --------------------------------------------------------

--
-- Estructura de tabla para la tabla `cliente_zona`
--

CREATE TABLE IF NOT EXISTS `cliente_zona` (
  `id_clientezona` int(11) NOT NULL AUTO_INCREMENT,
  `id_cliente` varchar(10) NOT NULL,
  `id_zona` int(3) NOT NULL,
  PRIMARY KEY (`id_clientezona`),
  KEY `id_zona` (`id_zona`),
  KEY `cliente_zona_ibfk_1` (`id_cliente`)
) ENGINE=InnoDB  DEFAULT CHARSET=latin1 AUTO_INCREMENT=1084 ;

--
-- Volcado de datos para la tabla `cliente_zona`
--

INSERT INTO `cliente_zona` (`id_clientezona`, `id_cliente`, `id_zona`) VALUES
(1, '1038409756', 1),
(2, '900574149', 1),
(3, '15295909', 1),
(4, '15309233', 1),
(5, '15324361', 1),
(6, '15327999', 1),
(7, '15328906', 1),
(8, '15329135', 1),
(9, '15353515', 1),
(10, '15353731', 1),
(11, '15355919', 1),
(12, '15379617', 1),
(13, '15427415', 1),
(14, '15483509', 1),
(15, '15484795', 1),
(16, '15526575', 1),
(17, '19273493', 1),
(18, '21470738', 1),
(19, '21481889', 1),
(20, '21702295', 1),
(21, '21835269', 1),
(22, '21846981', 1),
(23, '21905799', 1),
(24, '22101201', 1),
(25, '22188318', 1),
(26, '32562984', 1),
(27, '3469883', 1),
(28, '3496338', 1),
(29, '39450147', 1),
(30, '42843853', 1),
(31, '42901108', 1),
(32, '43362813', 1),
(33, '43456639', 1),
(34, '4346503', 1),
(35, '43467133', 1),
(36, '6445660', 1),
(37, '70036340', 1),
(38, '70193491', 1),
(39, '70194482', 1),
(40, '70286618', 1),
(41, '70288508', 1),
(42, '70415650', 1),
(43, '70415970', 1),
(44, '70421526', 1),
(45, '70556122', 1),
(46, '70561298', 1),
(47, '70562742', 1),
(48, '70696427', 1),
(49, '70953633', 1),
(50, '70976925', 1),
(51, '71111314', 1),
(52, '71117018', 1),
(53, '71117450', 1),
(54, '71689936', 1),
(55, '71691865', 1),
(56, '71777659', 1),
(57, '71905054', 1),
(58, '71905745', 1),
(59, '7459121', 1),
(60, '800010950', 1),
(61, '811006580', 1),
(62, '811010512', 1),
(63, '811015568', 1),
(64, '811034694', 1),
(65, '811037075', 1),
(66, '811043038', 1),
(67, '8244359', 1),
(68, '8354928', 1),
(69, '8417234', 1),
(70, '890904224', 1),
(71, '890904478', 1),
(72, '890904867', 1),
(73, '890907245', 1),
(74, '890907638', 1),
(75, '890912426', 1),
(76, '890916557', 1),
(77, '890917018', 1),
(78, '890918965', 1),
(79, '890926766', 1),
(80, '890927513', 1),
(81, '890938750', 1),
(82, '890982515', 1),
(83, '900010429', 1),
(84, '900010430', 1),
(85, '900068296', 1),
(86, '900088916', 1),
(87, '900089324', 1),
(88, '43717110', 1),
(89, '900122755', 1),
(90, '900162495', 1),
(91, '900232366', 1),
(92, '900234294', 1),
(93, '900302458', 1),
(94, '900308111', 1),
(95, '900324122', 1),
(96, '900398085', 1),
(97, '900405749', 1),
(98, '900418420', 1),
(99, '900450073', 1),
(100, '900452111', 1),
(101, '900458508', 1),
(102, '900478724', 1),
(103, '900485008', 1),
(104, '900522265', 1),
(105, '900550536', 1),
(106, '900551620', 1),
(107, '98497212', 1),
(108, '3469254', 1),
(109, '71490179', 1),
(110, '900520255', 1),
(111, '34694270', 1),
(112, '900076699', 1),
(113, '32447938', 1),
(114, '21870714', 1),
(115, '900223393', 1),
(116, '900078950', 1),
(117, '900396502', 1),
(118, '3626061', 1),
(119, '900120015', 1),
(120, '70784815', 1),
(121, '900306213', 1),
(122, '42421092', 1),
(123, '900031088', 1),
(124, '811029042', 1),
(125, '98569114', 1),
(126, '890907323', 1),
(127, '15354016', 1),
(128, '3469820', 1),
(129, '900306990', 1),
(130, '811009524', 1),
(131, '900561996', 1),
(132, '900623146', 1),
(133, '900351474', 1),
(134, '890900043', 1),
(135, '71991096', 1),
(136, '3469916', 1),
(137, '15437955', 1),
(138, '70191100', 1),
(139, '15328549', 1),
(140, '892200648', 1),
(141, '900646181', 1),
(142, '900155227', 1),
(143, '800014656', 1),
(144, '42902541', 1),
(145, '890940649', 1),
(146, '900703597', 1),
(147, '8154510', 1),
(148, '98495090', 1),
(149, '70195946', 1),
(150, '42879572', 1),
(151, '71875583', 1),
(152, '890938691', 1),
(153, '811039709', 1),
(154, '890938692', 1),
(155, '811039710', 1),
(156, '900560496', 1),
(157, '900483131', 1),
(158, '900700594', 1),
(159, '15350225', 1),
(160, '900802908', 1),
(161, '15486804', 1),
(162, '43366080', 1),
(163, '43366346', 1),
(164, '900608308', 1),
(165, '811029497', 1),
(166, '71906062', 1),
(167, '15355154', 1),
(168, '900451935', 1),
(169, '900434094', 1),
(170, '900041685', 1),
(171, '900224099', 1),
(172, '98494100', 1),
(173, '1033653665', 1),
(174, '900120457', 1),
(175, '900812952', 1),
(176, '900618127', 1),
(177, '900699198', 1),
(178, '900823750', 1),
(179, '811043716', 1),
(180, '890930847', 1),
(181, '900808640', 1),
(182, '71905891', 1),
(183, '21470883', 1),
(184, '800040534', 1),
(185, '900163815', 1),
(186, '70192838', 1),
(187, '900233284', 1),
(188, '800245275', 1),
(189, '800109363', 1),
(190, '811012468', 1),
(191, '811045043', 1),
(192, '811018266', 1),
(193, '900044503', 1),
(194, '900147530', 1),
(195, '811036701', 1),
(196, '800142181', 1),
(197, '900583470', 1),
(198, '890901756', 1),
(199, '860011246', 1),
(200, '900840409', 1),
(201, '71577391', 1),
(202, '891001125', 1),
(203, '823002496', 1),
(204, '1017176525', 1),
(205, '800076381', 1),
(206, '15352010', 1),
(207, '9001141453', 1),
(208, '900758003', 1),
(209, '32465496', 1),
(210, '64560234', 1),
(211, '43808486', 1),
(212, '3436587', 1),
(213, '900921157', 1),
(214, '811045791', 1),
(215, '70547271', 1),
(216, '811038838', 1),
(217, '800152266', 1),
(218, '811024238', 1),
(219, '800004708', 1),
(220, '800022051', 1),
(221, '900534120', 1),
(222, '890930060', 1),
(223, '900830575', 1),
(224, '70353735', 1),
(225, '900807878', 1),
(226, '900222313', 1),
(227, '900881832', 1),
(228, '78028149', 1),
(229, '70410283', 1),
(230, '900222465', 1),
(231, '900474414', 1),
(232, '900444199', 1),
(233, '900413207', 1),
(234, '800172762', 1),
(235, '900941574', 1),
(236, '900974078', 1),
(237, '900867864', 1),
(238, '19895118', 1),
(239, '70850983', 1),
(240, '900296617', 1),
(241, '900820087', 1),
(242, '900425148', 1),
(243, '900949580', 1),
(244, '10932605', 1),
(245, '900252345', 1),
(246, '3514368', 1),
(247, '8306390', 1),
(248, '900365147', 1),
(249, '900984336', 1),
(250, '900984454', 1),
(251, '900984415', 1),
(252, '15384780', 1),
(253, '8151476', 1),
(254, '1055670021', 2),
(255, '1056074372', 2),
(256, '1184810', 2),
(257, '17174077', 2),
(258, '23284942', 2),
(259, '23315189', 2),
(260, '23322626', 2),
(261, '23360477', 2),
(262, '23501534', 2),
(263, '23682030', 2),
(264, '23770221', 2),
(265, '23857092', 2),
(266, '23857499', 2),
(267, '23924909', 2),
(268, '24202227', 2),
(269, '24211745', 2),
(270, '24212610', 2),
(271, '24219290', 2),
(272, '24219461', 2),
(273, '33655080', 2),
(274, '40014129', 2),
(275, '40019275', 2),
(276, '40024546', 2),
(277, '40026954', 2),
(278, '40038353', 2),
(279, '40041614', 2),
(280, '7161945', 2),
(281, '4081988', 2),
(282, '4123343', 2),
(283, '4164884', 2),
(284, '41676788', 2),
(285, '4192350', 2),
(286, '4215675', 2),
(287, '4216071', 2),
(288, '4234154', 2),
(289, '4248330', 2),
(290, '4248504', 2),
(291, '4266975', 2),
(292, '4267815', 2),
(293, '42865430', 2),
(294, '42911680', 2),
(295, '4291288', 2),
(296, '4291434', 2),
(297, '4293692', 2),
(298, '46368083', 2),
(299, '46381306', 2),
(300, '46454186', 2),
(301, '6744099', 2),
(302, '6751649', 2),
(303, '6760834', 2),
(304, '6775268', 2),
(305, '7120221', 2),
(306, '7124528', 2),
(307, '7125403', 2),
(308, '7125661', 2),
(309, '7162358', 2),
(310, '7169197', 2),
(311, '7172490', 2),
(312, '7176311', 2),
(313, '7176401', 2),
(314, '7181687', 2),
(315, '7226324', 2),
(316, '72326708', 2),
(317, '7307958', 2),
(318, '7313149', 2),
(319, '741505250', 2),
(320, '74326094', 2),
(321, '74333619', 2),
(322, '74357273', 2),
(323, '743736890', 2),
(324, '74378887', 2),
(325, '74439231', 2),
(326, '80295477', 2),
(327, '804664130', 2),
(328, '820003266', 2),
(329, '820004891', 2),
(330, '900034026', 2),
(331, '900144317', 2),
(332, '900161445', 2),
(333, '900201541', 2),
(334, '900369584', 2),
(335, '900385242', 2),
(336, '900405205', 2),
(337, '900407457', 2),
(338, '900414986', 2),
(339, '900432694', 2),
(340, '900440825', 2),
(341, '9320094', 2),
(342, '9533314', 2),
(343, '9535541', 2),
(344, '79451108', 2),
(345, '4060790', 2),
(346, '1057214047', 2),
(347, '23474792', 2),
(348, '900571240', 2),
(349, '900306424', 2),
(350, '7170215', 2),
(351, '1051475761', 2),
(352, '6764643', 2),
(353, '74364561', 2),
(354, '1049642512', 2),
(355, '24219165', 2),
(356, '1056954866', 2),
(357, '72325090', 2),
(358, '7128002', 2),
(359, '1056482062', 2),
(360, '900803721', 2),
(361, '33367879', 2),
(362, '900749866', 2),
(363, '900775482', 2),
(364, '40042418', 2),
(365, '9535249', 2),
(366, '1055670192', 2),
(367, '4188436', 2),
(368, '4211865', 2),
(369, '40037679', 2),
(370, '1051240521', 2),
(371, '7172821', 2),
(372, '1057185738', 2),
(373, '74362683', 2),
(374, '46457571', 2),
(375, '900926508', 2),
(376, '4252882', 2),
(377, '40029678', 2),
(378, '4291322', 2),
(379, '1056954289', 2),
(380, '40028657', 2),
(381, '24070039', 2),
(382, '1052312192', 2),
(383, '7182530', 2),
(384, '19499776', 2),
(385, '4250908', 2),
(386, '7185676', 2),
(387, '24187529', 2),
(388, '74334661', 2),
(389, '1049617702', 2),
(390, '1054372977', 2),
(391, '23583076', 2),
(392, '19412643', 2),
(393, '7172890', 2),
(394, '1049631078', 2),
(395, '800166277', 7),
(396, '34545468', 7),
(397, '10295450', 3),
(398, '1068952210', 3),
(399, '1074132184', 3),
(400, '1049618272', 3),
(401, '11325215', 3),
(402, '11333168', 3),
(403, '11383908', 3),
(404, '11384873', 3),
(405, '11385530', 3),
(406, '11405203', 3),
(407, '11406708', 3),
(408, '11409358', 3),
(409, '11510798', 3),
(410, '11518196', 3),
(411, '19056254', 3),
(412, '19189213', 3),
(413, '1933650', 3),
(414, '203206', 3),
(415, '20368813', 3),
(416, '20564950', 3),
(417, '20753345', 3),
(418, '20885500', 3),
(419, '20887025', 3),
(420, '21061347', 3),
(421, '21061587', 3),
(422, '21103422', 3),
(423, '21074199', 3),
(424, '217721', 3),
(425, '28788394', 3),
(426, '2984847', 3),
(427, '3003158', 3),
(428, '3022802', 3),
(429, '3091276', 3),
(430, '3100345', 3),
(431, '3151999', 3),
(432, '3165733', 3),
(433, '3169205', 3),
(434, '3169700', 3),
(435, '3195434', 3),
(436, '3220712', 3),
(437, '32209356', 3),
(438, '3226153', 3),
(439, '3240770', 3),
(440, '3242238', 3),
(441, '3242673', 3),
(442, '3242934', 3),
(443, '35375316', 3),
(444, '35513900', 3),
(445, '38246039', 3),
(446, '39611509', 3),
(447, '39725342', 3),
(448, '40412434', 3),
(449, '406956', 3),
(450, '412379', 3),
(451, '41389125', 3),
(452, '41578295', 3),
(453, '4215889', 3),
(454, '518018972', 3),
(455, '5767701', 3),
(456, '60346986', 3),
(457, '6763130', 3),
(458, '74364229', 3),
(459, '79136418', 3),
(460, '80725697', 3),
(461, '79184573', 3),
(462, '79319507', 3),
(463, '79654721', 3),
(464, '79664387', 3),
(465, '79905889', 3),
(466, '79959195', 3),
(467, '800159028', 3),
(468, '800223743', 3),
(469, '80063350', 3),
(470, '80108138', 3),
(471, '803402500', 3),
(472, '80353254', 3),
(473, '80380666', 3),
(474, '80391480', 3),
(475, '80393166', 3),
(476, '80393267', 3),
(477, '80393638', 3),
(478, '80396713', 3),
(479, '80397141', 3),
(480, '80398002', 3),
(481, '80450140', 3),
(482, '80450272', 3),
(483, '80466710', 3),
(484, '80467457', 3),
(485, '804678740', 3),
(486, '80468489', 3),
(487, '80537752', 3),
(488, '80537840', 3),
(489, '808001639', 3),
(490, '808003068', 3),
(491, '82390977', 3),
(492, '82392101', 3),
(493, '830119428', 3),
(494, '830123012', 3),
(495, '830506344', 3),
(496, '832002204', 3),
(497, '832004593', 3),
(498, '832006674', 3),
(499, '832008547', 3),
(500, '832009053', 3),
(501, '832009355', 3),
(502, '860046341', 3),
(503, '860522063', 3),
(504, '87571347', 3),
(505, '900036777', 3),
(506, '900123883', 3),
(507, '900130013', 3),
(508, '900260528', 3),
(509, '900319437', 3),
(510, '900342127', 3),
(511, '900407253', 3),
(512, '900408946', 3),
(513, '900429519', 3),
(514, '900433952', 3),
(515, '900471182', 3),
(516, '900477132', 3),
(517, '900482836', 3),
(518, '900556152', 3),
(519, '91218371', 3),
(520, '3262542', 3),
(521, '93349815', 3),
(522, '93366147', 3),
(523, '3151916', 3),
(524, '3186164', 3),
(525, '900034616', 3),
(526, '900084568', 3),
(527, '80450058', 3),
(528, '51889263', 3),
(529, '79182560', 3),
(530, '40764082', 3),
(531, '900599976', 3),
(532, '79448707', 3),
(533, '900611017', 3),
(534, '16608198', 3),
(535, '900294698', 3),
(536, '20646076', 3),
(537, '20564505', 3),
(538, '1070752706', 3),
(539, '1022954189', 3),
(540, '39622668', 3),
(541, '1033775400', 3),
(542, '900617159', 3),
(543, '1077145788', 3),
(544, '900075256', 3),
(545, '900475031', 3),
(546, '3091263', 3),
(547, '800239996', 3),
(548, '900613466', 3),
(549, '900539182', 3),
(550, '900676919', 3),
(551, '11431130', 3),
(552, '79739521', 3),
(553, '840001061', 3),
(554, '52087264', 3),
(555, '900704967', 3),
(556, '900705480', 3),
(557, '21103504', 3),
(558, '900714708', 3),
(559, '3110903', 3),
(560, '11255509', 3),
(561, '20484925', 3),
(562, '808003435', 3),
(563, '52289350', 3),
(564, '900500932', 3),
(565, '1097394083', 3),
(566, '6017727', 3),
(567, '52888194', 3),
(568, '11448163', 3),
(569, '800225340', 3),
(570, '80525942', 3),
(571, '900820066', 3),
(572, '900847995', 3),
(573, '79814159', 3),
(574, '1020735555', 3),
(575, '900408676', 3),
(576, '900769104', 3),
(577, '900889093', 3),
(578, '900057744', 3),
(579, '900385322', 3),
(580, '20546138', 3),
(581, '80466062', 3),
(582, '3100576', 3),
(583, '900527565', 3),
(584, '80664178', 3),
(585, '4248581', 3),
(586, '19491115', 3),
(587, '830060622', 3),
(588, '832007489', 3),
(589, '900983749', 3),
(590, '80311250', 3),
(591, '80450108', 3),
(592, '41955417', 3),
(593, '900486564', 3),
(594, '900104515', 4),
(595, '900781944', 4),
(596, '900456277', 4),
(597, '900075982', 4),
(598, '805020771', 4),
(599, '75085027', 4),
(600, '900299708', 4),
(601, '102645150', 4),
(602, '75073570', 4),
(603, '900766077', 4),
(604, '10273627', 4),
(605, '16245888', 4),
(606, '900485201', 4),
(607, '815001258', 4),
(608, '890305174', 4),
(609, '41890814', 4),
(610, '900132411', 4),
(611, '900642394', 4),
(612, '7520758', 4),
(613, '891401093', 4),
(614, '15906888', 4),
(615, '900131512', 4),
(616, '900308138', 4),
(617, '900785534', 4),
(618, '900710484', 4),
(619, '860007538', 4),
(620, '25016809', 4),
(621, '7508676', 4),
(622, '18392425', 4),
(623, '94273705', 4),
(624, '6342159', 4),
(625, '900511074', 4),
(626, '6247572', 4),
(627, '810006056', 4),
(628, '900109722', 4),
(629, '29665896', 4),
(630, '891900475', 4),
(631, '41579043', 4),
(632, '9817403', 4),
(633, '6247862', 4),
(634, '98334454', 4),
(635, '94407443', 4),
(636, '900473544', 4),
(637, '16894373', 4),
(638, '900149535', 4),
(639, '891900391', 4),
(640, '891900487', 4),
(641, '900741284', 4),
(642, '830515183', 4),
(643, '900583164', 4),
(644, '800096422', 4),
(645, '42091267', 4),
(646, '38893609', 4),
(647, '800193348', 4),
(648, '891900236', 4),
(649, '16366170', 4),
(650, '900765464', 4),
(651, '900539592', 4),
(652, '75065538', 4),
(653, '891400088', 4),
(654, '94193035', 4),
(655, '6318177', 4),
(656, '815003648', 4),
(657, '9807051', 4),
(658, '900321419', 4),
(659, '9957626', 4),
(660, '900137473', 4),
(661, '1130625032', 4),
(662, '836000548', 4),
(663, '1144062795', 4),
(664, '10238804', 4),
(665, '810002448', 4),
(666, '810002407', 4),
(667, '810004072', 4),
(668, '900208066', 4),
(669, '800047367', 4),
(670, '816006464', 4),
(671, '4340961', 4),
(672, '24683880', 4),
(673, '7521032', 4),
(674, '900581167', 4),
(675, '890306231', 4),
(676, '900301797', 4),
(677, '24763747', 4),
(678, '16798404', 4),
(679, '1053792313', 4),
(680, '66857054', 4),
(681, '75142855', 4),
(682, '900349569', 4),
(683, '16356127', 4),
(684, '24370790', 4),
(685, '6268622', 4),
(686, '66887792', 4),
(687, '900813710', 4),
(688, '900391494', 4),
(689, '25160213', 4),
(690, '76313433', 4),
(691, '815002075', 4),
(692, '19247303', 4),
(693, '6423266', 4),
(694, '900539144', 4),
(695, '75072439', 4),
(696, '816004287', 4),
(697, '18500116', 4),
(698, '14884881', 4),
(699, '75066375', 4),
(700, '1059786244', 4),
(701, '4453873', 4),
(702, '16489789', 4),
(703, '900819311', 4),
(704, '1089746017', 4),
(705, '890319806', 4),
(706, '6248662', 4),
(707, '10129789', 4),
(708, '24364504', 4),
(709, '810005565', 4),
(710, '890805963', 4),
(711, '800019837', 4),
(712, '900261676', 4),
(713, '10212134', 4),
(714, '900772522', 4),
(715, '14893001', 4),
(716, '890803981', 4),
(717, '900878752', 4),
(718, '900426094', 4),
(719, '16548947', 4),
(720, '24276253', 4),
(721, '890806048', 4),
(722, '900881439', 4),
(723, '900506620', 4),
(724, '24547660', 4),
(725, '24310499', 4),
(726, '810004405', 4),
(727, '900483899', 4),
(728, '800210882', 4),
(729, '10280310', 4),
(730, '900341299', 4),
(731, '900493943', 4),
(732, '30273370', 4),
(733, '30325770', 4),
(734, '4473819', 4),
(735, '94419747', 4),
(736, '38892117', 4),
(737, '1053795962', 4),
(738, '4336947', 4),
(739, '25096646', 4),
(740, '24319076', 4),
(741, '7563577', 4),
(742, '80380394', 4),
(743, '900144428', 4),
(744, '6497180', 4),
(745, '900054092', 4),
(746, '4611807', 4),
(747, '6423282', 4),
(748, '94471448', 4),
(749, '51592128', 4),
(750, '900452307', 4),
(751, '817007055', 4),
(752, '24395736', 4),
(753, '900811082', 4),
(754, '6436394', 4),
(755, '10277745', 4),
(756, '805019457', 4),
(757, '29739519', 4),
(758, '6316241', 4),
(759, '816006092', 4),
(760, '1053787524', 4),
(761, '16203858', 4),
(762, '900656046', 4),
(763, '29135323', 4),
(764, '1130651771', 4),
(765, '900734207', 4),
(766, '900661571', 4),
(767, '891100321', 5),
(768, '891102742', 5),
(769, '800153144', 5),
(770, '17641619', 5),
(771, '900315039', 5),
(772, '900829016', 5),
(773, '1083875491', 5),
(774, '55195001', 5),
(775, '12227169', 5),
(776, '1089076779', 5),
(777, '900609645', 5),
(778, '900466824', 5),
(779, '813008435', 5),
(780, '4731061', 5),
(781, '26427416', 5),
(782, '900424341', 5),
(783, '1083887435', 5),
(784, '36280480', 5),
(785, '83041305', 5),
(786, '900454452', 5),
(787, '80209045', 5),
(788, '12210327', 5),
(789, '12233957', 5),
(790, '17704890', 5),
(791, '12201285', 5),
(792, '12189856', 5),
(793, '12168957', 5),
(794, '12208074', 5),
(795, '76357945', 5),
(796, '4730180', 5),
(797, '79788666', 5),
(798, '891101158', 5),
(799, '7697050', 5),
(800, '12188274', 5),
(801, '12194660', 5),
(802, '5311653', 5),
(803, '36089572', 5),
(804, '36089274', 5),
(805, '12135921', 5),
(806, '900951704', 5),
(807, '12209233', 5),
(808, '900416225', 10),
(809, '891100445', 10),
(810, '3293930', 10),
(811, '844003151', 10),
(812, '14895602', 10),
(813, '79781425', 10),
(814, '900528742', 10),
(815, '900087414', 10),
(816, '40396175', 10),
(817, '900474780', 10),
(818, '900168533', 10),
(819, '900335836', 10),
(820, '79295560', 10),
(821, '890207037', 10),
(822, '900404036', 10),
(823, '1061791292', 6),
(824, '900347116', 8),
(825, '63360426', 8),
(826, '809012928', 9),
(827, '890707192', 9),
(828, '890704021', 9),
(829, '1110460337', 9),
(830, '809008658', 9),
(831, '900162468', 9),
(832, '890700058', 9),
(833, '809005667', 9),
(834, '809000555', 9),
(835, '890701355', 9),
(836, '900495397', 9),
(837, '900505360', 9),
(838, '900065578', 9),
(839, '890702966', 9),
(840, '900400049', 9),
(841, '93371158', 9),
(842, '860000698', 9),
(843, '93150692', 9),
(844, '900598481', 9),
(845, '21203075', 9),
(846, '900346992', 9),
(847, '900815808', 9),
(848, '822003732', 9),
(849, '809001395', 9),
(850, '900835915', 9),
(851, '15375956', 1),
(852, '15386917', 1),
(853, '800016390', 1),
(854, '800020274', 1),
(855, '800023622', 1),
(856, '800027543', 1),
(857, '800039849', 1),
(858, '800053849', 1),
(859, '800099480', 1),
(860, '800126242', 1),
(861, '800153745', 1),
(862, '800160435', 1),
(863, '811008489', 1),
(864, '811015317', 1),
(865, '811018494', 1),
(866, '811020107', 1),
(867, '811024612', 1),
(868, '811028567', 1),
(869, '811035110', 1),
(870, '811037591', 1),
(871, '811037748', 1),
(872, '811037797', 1),
(873, '811039503', 1),
(874, '830042112', 1),
(875, '830076169', 1),
(876, '830124437', 1),
(877, '830136939', 1),
(878, '830509987', 1),
(879, '900305698', 1),
(880, '890911705', 1),
(881, '890913944', 1),
(882, '890926122', 1),
(883, '890929171', 1),
(884, '890938755', 1),
(885, '890938757', 1),
(886, '890980097', 1),
(887, '900223044', 1),
(888, '900244262', 1),
(890, '98570864', 1),
(891, '900570211', 1),
(892, '15444890', 1),
(893, '900604830', 1),
(894, '811032433', 1),
(895, '900111576', 1),
(896, '900321282', 1),
(897, '15383169', 1),
(898, '811046268', 1),
(899, '900440984', 1),
(900, '811044255', 1),
(901, '900424415', 1),
(902, '800004048', 3),
(903, '800010991', 3),
(904, '800013638', 3),
(905, '800021599', 3),
(906, '800022398', 3),
(907, '800026845', 3),
(908, '800027501', 3),
(909, '800031939', 3),
(910, '800049458', 3),
(911, '800050714', 3),
(912, '800065684', 3),
(913, '800067466', 3),
(914, '800069643', 3),
(915, '800089361', 3),
(916, '800095068', 3),
(917, '800096494', 3),
(918, '800101932', 3),
(919, '800108333', 3),
(920, '800114867', 3),
(921, '800114953', 3),
(922, '800119297', 3),
(923, '800121823', 3),
(924, '800123857', 3),
(925, '800123913', 3),
(926, '800125859', 3),
(927, '800126875', 3),
(928, '800129680', 3),
(929, '800130305', 3),
(930, '800130771', 3),
(931, '800132469', 3),
(932, '800133063', 3),
(933, '800136041', 3),
(934, '800142580', 3),
(935, '800145764', 3),
(936, '800149419', 3),
(937, '800154771', 3),
(938, '800157895', 3),
(939, '800158149', 3),
(940, '800164874', 3),
(941, '800195429', 3),
(942, '800202197', 3),
(943, '800205120', 3),
(944, '800209481', 3),
(945, '800214937', 3),
(946, '800218042', 3),
(947, '800227103', 3),
(948, '800227624', 3),
(949, '830002313', 3),
(950, '830005674', 3),
(951, '830010738', 3),
(952, '830022781', 3),
(953, '830028496', 3),
(954, '830031070', 3),
(955, '830035143', 3),
(956, '830039311', 3),
(957, '830042322', 3),
(958, '830046733', 3),
(959, '830052657', 3),
(960, '830057697', 3),
(961, '830058891', 3),
(962, '830067747', 3),
(963, '830085047', 3),
(964, '830085690', 3),
(965, '830090742', 3),
(966, '830091683', 3),
(967, '830092332', 3),
(968, '830093741', 3),
(969, '830098375', 3),
(970, '830100158', 3),
(971, '830103204', 3),
(972, '830116204', 3),
(973, '830125341', 3),
(974, '830127761', 3),
(975, '830131273', 3),
(976, '830131884', 3),
(977, '830136561', 3),
(978, '830136669', 3),
(979, '830139955', 3),
(980, '830140122', 3),
(981, '830140335', 3),
(982, '830141144', 3),
(983, '830141761', 3),
(984, '830144599', 3),
(985, '830144787', 3),
(986, '830501747', 3),
(987, '830507195', 3),
(988, '832005522', 3),
(989, '832009573', 3),
(990, '832010066', 3),
(991, '832010320', 3),
(992, '832010593', 3),
(993, '860009645', 3),
(994, '860025565', 3),
(995, '860025707', 3),
(996, '860025845', 3),
(997, '860031657', 3),
(998, '860032436', 3),
(999, '860040407', 3),
(1000, '860043345', 3),
(1001, '860043588', 3),
(1002, '860048015', 3),
(1003, '860048521', 3),
(1004, '860049100', 3),
(1005, '860050371', 3),
(1006, '860053966', 3),
(1007, '860054546', 3),
(1008, '860065678', 3),
(1009, '860350564', 3),
(1010, '860351680', 3),
(1011, '860351923', 3),
(1012, '860353804', 3),
(1013, '860354073', 3),
(1014, '860518356', 3),
(1015, '860518654', 3),
(1016, '860521813', 3),
(1017, '860522101', 3),
(1018, '860522815', 3),
(1019, '860524163', 3),
(1020, '860526236', 3),
(1021, '860529858', 3),
(1022, '860531704', 3),
(1023, '860532145', 3),
(1024, '860536195', 3),
(1025, '900008751', 3),
(1026, '900014838', 3),
(1027, '900031275', 3),
(1028, '900053198', 3),
(1029, '900054881', 3),
(1030, '900060761', 3),
(1031, '900098416', 3),
(1032, '900114272', 3),
(1033, '900119929', 3),
(1034, '900123127', 3),
(1035, '900149268', 3),
(1036, '900149336', 3),
(1037, '900222344', 3),
(1038, '900232379', 3),
(1039, '900254024', 3),
(1040, '900266647', 3),
(1041, '900338701', 3),
(1042, '900339026', 3),
(1043, '900362839', 3),
(1044, '900373944', 3),
(1045, '900388024', 3),
(1046, '900409984', 3),
(1047, '900412466', 3),
(1048, '900444854', 3),
(1049, '900485333', 3),
(1050, '900485334', 3),
(1051, '900485345', 3),
(1052, '900485397', 3),
(1053, '900487894', 3),
(1054, '900487896', 3),
(1055, '900519765', 3),
(1056, '900529903', 3),
(1057, '860353082', 3),
(1058, '800162991', 3),
(1059, '1032414846', 3),
(1060, '900528213', 3),
(1061, '900250463', 3),
(1062, '800100639', 3),
(1063, '900354395', 3),
(1064, '900593408', 3),
(1065, '900278411', 3),
(1066, '900549740', 3),
(1067, '800237418', 3),
(1068, '860533838', 3),
(1069, '860041216', 3),
(1070, '830062640', 3),
(1071, '830116006', 3),
(1072, '900703463', 3),
(1073, '800137443', 3),
(1074, '900783814', 3),
(1075, '900738453', 3),
(1076, '900855679', 3),
(1077, '832001581', 3),
(1078, '900492396', 3),
(1079, '900897223', 3),
(1080, '830099077', 3),
(1081, '830501605', 3),
(1082, '900425086', 3),
(1083, '900936801', 3);

-- --------------------------------------------------------

--
-- Estructura de tabla para la tabla `cultivo`
--

CREATE TABLE IF NOT EXISTS `cultivo` (
  `id_cultivo` int(3) NOT NULL,
  `nom_cultivo` varchar(50) NOT NULL,
  PRIMARY KEY (`id_cultivo`)
) ENGINE=InnoDB DEFAULT CHARSET=latin1;

--
-- Volcado de datos para la tabla `cultivo`
--

INSERT INTO `cultivo` (`id_cultivo`, `nom_cultivo`) VALUES
(1, 'Aguacate'),
(2, 'Algodón'),
(3, 'Alstroemeria'),
(4, 'Arroz'),
(5, 'Arroz'),
(6, 'Arveja'),
(7, 'Banano'),
(8, 'Café'),
(9, 'Caña'),
(10, 'Cebolla'),
(11, 'Cítricos'),
(12, 'Clavel'),
(13, 'Crisantemo'),
(14, 'Diversificados'),
(15, 'Flores de exportacion'),
(16, 'Frutales'),
(17, 'Guanábana'),
(18, 'Guayaba'),
(19, 'Habichuela'),
(20, 'Hortalizas'),
(21, 'Hortensia'),
(22, 'Lulo'),
(23, 'Maíz'),
(24, 'Maracuyá'),
(25, 'Melón'),
(26, 'Mora'),
(27, 'Palma'),
(28, 'Papa'),
(29, 'Pastos'),
(30, 'Pepino'),
(31, 'Piña'),
(32, 'Platano '),
(33, 'Rosa'),
(34, 'Soya'),
(35, 'Tomate'),
(36, 'Tomate de árbol'),
(37, 'Zanahoria');

-- --------------------------------------------------------

--
-- Estructura de tabla para la tabla `documento`
--

CREATE TABLE IF NOT EXISTS `documento` (
  `id_documento` int(11) NOT NULL AUTO_INCREMENT,
  `tit_documento` varchar(150) NOT NULL,
  `descrip_documento` varchar(250) NOT NULL,
  `tamano_documento` int(10) NOT NULL,
  `tipo_documento` varchar(150) NOT NULL,
  `nombre_documento` varchar(300) NOT NULL,
  `fcarga_documento` datetime NOT NULL,
  PRIMARY KEY (`id_documento`)
) ENGINE=InnoDB  DEFAULT CHARSET=latin1 AUTO_INCREMENT=16 ;

--
-- Volcado de datos para la tabla `documento`
--

INSERT INTO `documento` (`id_documento`, `tit_documento`, `descrip_documento`, `tamano_documento`, `tipo_documento`, `nombre_documento`, `fcarga_documento`) VALUES
(15, 'ticket', 'dario', 78747, 'application/pdf', 'Seguimiento Ticket Dario Gutierrez.pdf', '2016-09-01 02:47:10');

-- --------------------------------------------------------

--
-- Estructura de tabla para la tabla `eventos`
--

CREATE TABLE IF NOT EXISTS `eventos` (
  `id` int(10) unsigned NOT NULL AUTO_INCREMENT,
  `title` varchar(150) COLLATE utf8_spanish_ci DEFAULT NULL,
  `id_cliente` varchar(10) CHARACTER SET latin1 NOT NULL,
  `id_usuario` varchar(30) CHARACTER SET latin1 NOT NULL,
  `body` text COLLATE utf8_spanish_ci NOT NULL,
  `url` varchar(150) COLLATE utf8_spanish_ci NOT NULL,
  `class` varchar(45) COLLATE utf8_spanish_ci NOT NULL DEFAULT 'event-important',
  `start` varchar(15) COLLATE utf8_spanish_ci NOT NULL,
  `end` varchar(15) COLLATE utf8_spanish_ci NOT NULL,
  `inicio_normal` varchar(50) COLLATE utf8_spanish_ci NOT NULL,
  `final_normal` varchar(50) COLLATE utf8_spanish_ci NOT NULL,
  PRIMARY KEY (`id`),
  KEY `id_cliente` (`id_cliente`),
  KEY `id_usuario` (`id_usuario`)
) ENGINE=InnoDB  DEFAULT CHARSET=utf8 COLLATE=utf8_spanish_ci AUTO_INCREMENT=3 ;

--
-- Volcado de datos para la tabla `eventos`
--

INSERT INTO `eventos` (`id`, `title`, `id_cliente`, `id_usuario`, `body`, `url`, `class`, `start`, `end`, `inicio_normal`, `final_normal`) VALUES
(1, 'Prueba VANEGAS HERNANDEZ ISRAEL   ', '217721', 'rvelasquez', 'prueba', 'http://localhost/webventasdw/calendar/descripcion_evento.php?id=1', 'event-important', '1477082520000', '1477089720000', '21/10/2016 15:42', '21/10/2016 17:42'),
(2, 'PRUEBA2 URBINA RODRIGUEZ REMIGIO   ', '412379', 'rvelasquez', 'aaaa', 'http://localhost/webventasdw/calendar/descripcion_evento.php?id=2', 'event-warning', '1477079400000', '1477083000000', '21/10/2016 14:50', '21/10/2016 15:50');

-- --------------------------------------------------------

--
-- Estructura de tabla para la tabla `metas_producto`
--

CREATE TABLE IF NOT EXISTS `metas_producto` (
  `id_mproducto` int(10) NOT NULL AUTO_INCREMENT,
  `producto_mproducto` varchar(60) COLLATE utf8_unicode_ci NOT NULL,
  `kl_mproducto` varchar(20) COLLATE utf8_unicode_ci NOT NULL,
  `valor_mproducto` varchar(30) COLLATE utf8_unicode_ci NOT NULL,
  `id_pnegocio` int(11) NOT NULL,
  PRIMARY KEY (`id_mproducto`),
  KEY `id_pnegocio` (`id_pnegocio`)
) ENGINE=InnoDB DEFAULT CHARSET=utf8 COLLATE=utf8_unicode_ci AUTO_INCREMENT=1 ;

-- --------------------------------------------------------

--
-- Estructura de tabla para la tabla `municipio`
--

CREATE TABLE IF NOT EXISTS `municipio` (
  `id_municipio` int(3) NOT NULL,
  `nom_municipio` varchar(80) CHARACTER SET utf8 COLLATE utf8_spanish_ci NOT NULL,
  `id_zona` int(3) NOT NULL,
  PRIMARY KEY (`id_municipio`),
  KEY `id_zona` (`id_zona`)
) ENGINE=InnoDB DEFAULT CHARSET=latin1;

--
-- Volcado de datos para la tabla `municipio`
--

INSERT INTO `municipio` (`id_municipio`, `nom_municipio`, `id_zona`) VALUES
(1, 'Abejorral', 1),
(2, 'Abriaqui', 1),
(3, 'Aguadas', 1),
(4, 'Alejandria', 1),
(5, 'Amaga', 1),
(6, 'Amalfi', 1),
(7, 'Andes', 1),
(8, 'Angelopolis', 1),
(9, 'Angostura', 1),
(10, 'Anori', 1),
(11, 'Anserma', 1),
(12, 'Antioquia', 1),
(13, 'Anza', 1),
(14, 'Apartado', 1),
(15, 'Aranzazu', 1),
(16, 'Arboletes', 1),
(17, 'Argelia', 1),
(18, 'Armenia', 1),
(19, 'Ayapel', 1),
(20, 'Barbosa', 1),
(21, 'Belalcazar', 1),
(22, 'Bello', 1),
(23, 'Belmira', 1),
(24, 'Betania', 1),
(25, 'Betulia', 1),
(26, 'Bolivar', 1),
(27, 'Briceño', 1),
(28, 'Buenavista', 1),
(29, 'Buritica', 1),
(30, 'Caceres', 1),
(31, 'Caicedo', 1),
(32, 'Caldas', 1),
(33, 'Campamento', 1),
(34, 'Canalete', 1),
(35, 'Cañasgordas', 1),
(36, 'Caracoli', 1),
(37, 'Caramanta', 1),
(38, 'Carepa', 1),
(39, 'Carmen De Viboral', 1),
(40, 'Carolina', 1),
(41, 'Caucasia', 1),
(42, 'Cerete', 1),
(43, 'Chigorodo', 1),
(44, 'Chima', 1),
(45, 'Chinchina', 1),
(46, 'Chinu', 1),
(47, 'Cienaga De Oro', 1),
(48, 'Cisneros', 1),
(49, 'Cocorna', 1),
(50, 'Concepcion', 1),
(51, 'Concordia', 1),
(52, 'Copacabana', 1),
(53, 'Cotorra', 1),
(54, 'Dabeiba', 1),
(55, 'Don Matias', 1),
(56, 'Ebejico', 1),
(57, 'El Bagre', 1),
(58, 'Entrerrios', 1),
(59, 'Envigado', 1),
(60, 'Filadelfia', 1),
(61, 'Fredonia', 1),
(62, 'Frontino', 1),
(63, 'Giraldo', 1),
(64, 'Girardota', 1),
(65, 'Gomez Plata', 1),
(66, 'Granada', 1),
(67, 'Guadalupe', 1),
(68, 'Guarne', 1),
(69, 'Guatape', 1),
(70, 'Heliconia', 1),
(71, 'Hispania', 1),
(72, 'Itagui', 1),
(73, 'Ituango', 1),
(74, 'Jardin', 1),
(75, 'Jerico', 1),
(76, 'La Apartada', 1),
(77, 'La Ceja', 1),
(78, 'La Dorada', 1),
(79, 'La Estrella', 1),
(80, 'La Merced', 1),
(81, 'La Pintada', 1),
(82, 'La Union', 1),
(83, 'Liborina', 1),
(84, 'Lorica', 1),
(85, 'Los Cordobas', 1),
(86, 'Maceo', 1),
(87, 'Manizales', 1),
(88, 'Manzanares', 1),
(89, 'Marinilla', 1),
(90, 'Marmato', 1),
(91, 'Marquetalia', 1),
(92, 'Marulanda', 1),
(93, 'Medellin', 1),
(94, 'Momil', 1),
(95, 'Montebello', 1),
(96, 'Montelibano', 1),
(97, 'Monteria', 1),
(98, 'Moñitos', 1),
(99, 'Murindo', 1),
(100, 'Mutata', 1),
(101, 'Nariño', 1),
(102, 'Nechi', 1),
(103, 'Necocli', 1),
(104, 'Neira', 1),
(105, 'Norcasia', 1),
(106, 'Olaya', 1),
(107, 'Pacora', 1),
(108, 'Palestina', 1),
(109, 'Pensilvania', 1),
(110, 'Peñol', 1),
(111, 'Peque', 1),
(112, 'Planeta Rica', 1),
(113, 'Pueblo Nuevo', 1),
(114, 'Pueblorrico', 1),
(115, 'Puerto Berrio', 1),
(116, 'Puerto Escondido', 1),
(117, 'Puerto Libertador', 1),
(118, 'Puerto Nare (La Magdalena)', 1),
(119, 'Puerto Triunfo', 1),
(120, 'Purisima', 1),
(121, 'Remedios', 1),
(122, 'Retiro', 1),
(123, 'Rionegro', 1),
(124, 'Riosucio', 1),
(125, 'Risaralda', 1),
(126, 'Sabanalarga', 1),
(127, 'Sabaneta', 1),
(128, 'Sahagun', 1),
(129, 'Salamina', 1),
(130, 'Salgar', 1),
(131, 'Samana', 1),
(132, 'San Andres', 1),
(133, 'San Andres Sotavento', 1),
(134, 'San Antero', 1),
(135, 'San Bernardo Del Viento', 1),
(136, 'San Carlos', 1),
(137, 'San Carlos', 1),
(138, 'San Francisco', 1),
(139, 'San Jeronimo', 1),
(140, 'San Jose', 1),
(141, 'San Jose De La Montaña', 1),
(142, 'San Juan De Uraba', 1),
(143, 'San Luis', 1),
(144, 'San Pedro', 1),
(145, 'San Pedro De Uraba', 1),
(146, 'San Pelayo', 1),
(147, 'San Rafael', 1),
(148, 'San Roque', 1),
(149, 'San Vicente', 1),
(150, 'Santa Barbara', 1),
(151, 'Santa Rosa De Osos', 1),
(152, 'Santo Domingo', 1),
(153, 'Santuario', 1),
(154, 'Segovia', 1),
(155, 'Sonson', 1),
(156, 'Sopetran', 1),
(157, 'Supia', 1),
(158, 'Tamesis', 1),
(159, 'Taraza', 1),
(160, 'Tarso', 1),
(161, 'Tierralta', 1),
(162, 'Titiribi', 1),
(163, 'Toledo', 1),
(164, 'Turbo', 1),
(165, 'Uramita', 1),
(166, 'Urrao', 1),
(167, 'Valdivia', 1),
(168, 'Valencia', 1),
(169, 'Valparaiso', 1),
(170, 'Vegachi', 1),
(171, 'Venecia', 1),
(172, 'Victoria', 1),
(173, 'Vigia Del Fuerte', 1),
(174, 'Villamaria', 1),
(175, 'Viterbo', 1),
(176, 'Yali', 1),
(177, 'Yarumal', 1),
(178, 'Yolombo', 1),
(179, 'Yondo', 1),
(180, 'Zaragoza', 1),
(181, 'Almeida', 2),
(182, 'Aquitania', 2),
(183, 'Arcabuco', 2),
(184, 'Belen', 2),
(185, 'Berbeo', 2),
(186, 'Beteitiva', 2),
(187, 'Boavita', 2),
(188, 'Boyaca', 2),
(189, 'Briceño', 2),
(190, 'Buenavista', 2),
(191, 'Busbanza', 2),
(192, 'Caldas', 2),
(193, 'Campo Hermoso', 2),
(194, 'Cerinza', 2),
(195, 'Chinavita', 2),
(196, 'Chiquinquira', 2),
(197, 'Chiquiza', 2),
(198, 'Chiscas', 2),
(199, 'Chita', 2),
(200, 'Chitaraque', 2),
(201, 'Chivata', 2),
(202, 'Chivor', 2),
(203, 'Cienega', 2),
(204, 'Combita', 2),
(205, 'Coper', 2),
(206, 'Corrales', 2),
(207, 'Covarachia', 2),
(208, 'Cubara', 2),
(209, 'Cucaita', 2),
(210, 'Cuitiva', 2),
(211, 'Duitama', 2),
(212, 'El Cocuy', 2),
(213, 'El Espino', 2),
(214, 'Firavitoba', 2),
(215, 'Floresta', 2),
(216, 'Gachantiva', 2),
(217, 'Gameza', 2),
(218, 'Garagoa', 2),
(219, 'Guacamayas', 2),
(220, 'Guateque', 2),
(221, 'Guayata', 2),
(222, 'Guican', 2),
(223, 'Iza', 2),
(224, 'Jenesano', 2),
(225, 'Jerico', 2),
(226, 'La Capilla', 2),
(227, 'La Uvita', 2),
(228, 'La Victoria', 2),
(229, 'Labranzagrande', 2),
(230, 'Macanal', 2),
(231, 'Maripi', 2),
(232, 'Miraflores', 2),
(233, 'Mongua', 2),
(234, 'Mongui', 2),
(235, 'Moniquira', 2),
(236, 'Motavita', 2),
(237, 'Muzo', 2),
(238, 'Nobsa', 2),
(239, 'Nuevo Colon', 2),
(240, 'Oicata', 2),
(241, 'Otanche', 2),
(242, 'Pachavita', 2),
(243, 'Paez', 2),
(244, 'Paipa', 2),
(245, 'Pajarito', 2),
(246, 'Panqueba', 2),
(247, 'Pauna', 2),
(248, 'Paya', 2),
(249, 'Paz Del Rio', 2),
(250, 'Pesca', 2),
(251, 'Pisba', 2),
(252, 'Puerto Boyaca', 2),
(253, 'Quipama', 2),
(254, 'Ramiriqui', 2),
(255, 'Raquira', 2),
(256, 'Rondon', 2),
(257, 'Saboya', 2),
(258, 'Sachica', 2),
(259, 'Samaca', 2),
(260, 'San Eduardo', 2),
(261, 'San Jose De Pare', 2),
(262, 'San Luis De Gaceno', 2),
(263, 'San Mateo', 2),
(264, 'San Miguel De Sema', 2),
(265, 'San Pablo De Borbur', 2),
(266, 'Santa Maria', 2),
(267, 'Santa Rosa De Viterbo', 2),
(268, 'Santa Sofia', 2),
(269, 'Santana', 2),
(270, 'Sativanorte', 2),
(271, 'Sativasur', 2),
(272, 'Siachoque', 2),
(273, 'Soata', 2),
(274, 'Socha', 2),
(275, 'Socota', 2),
(276, 'Sogamoso', 2),
(277, 'Somondoco', 2),
(278, 'Sora', 2),
(279, 'Soraca', 2),
(280, 'Sotaquira', 2),
(281, 'Susacon', 2),
(282, 'Sutamarchan', 2),
(283, 'Sutatenza', 2),
(284, 'Tasco', 2),
(285, 'Tenza', 2),
(286, 'Tibana', 2),
(287, 'Tibasosa', 2),
(288, 'Tinjaca', 2),
(289, 'Tipacoque', 2),
(290, 'Toca', 2),
(291, 'Togui', 2),
(292, 'Topaga', 2),
(293, 'Tota', 2),
(294, 'Tunja', 2),
(295, 'Tunungua', 2),
(296, 'Turmeque', 2),
(297, 'Tuta', 2),
(298, 'Tutasa', 2),
(299, 'Umbita', 2),
(300, 'Ventaquemada', 2),
(301, 'Villa de Leyva', 2),
(302, 'Viracacha', 2),
(303, 'Zetaquira', 2),
(304, 'Agua De Dios', 3),
(305, 'Alban', 3),
(306, 'Anapoima', 3),
(307, 'Anolaima', 3),
(308, 'Apulo (Rafael Reyes)', 3),
(309, 'Arbelaez', 3),
(310, 'Beltran', 3),
(311, 'Bituima', 3),
(312, 'Bogotá D.C.', 3),
(313, 'Bojaca', 3),
(314, 'Cabrera', 3),
(315, 'Cachipay', 3),
(316, 'Cajica', 3),
(317, 'Caparrapi', 3),
(318, 'Caqueza', 3),
(319, 'Carmen De Carupa', 3),
(320, 'Chaguani', 3),
(321, 'Chia', 3),
(322, 'Chipaque', 3),
(323, 'Choachi', 3),
(324, 'Choconta', 3),
(325, 'Cogua', 3),
(326, 'Cota', 3),
(327, 'Cucunuba', 3),
(328, 'Mesitas Del Colegio', 3),
(329, 'El Peñon', 3),
(330, 'El Rosal', 3),
(331, 'Facatativa', 3),
(332, 'Fomeque', 3),
(333, 'Fosca', 3),
(334, 'Funza', 3),
(335, 'Fuquene', 3),
(336, 'Fusagasuga', 3),
(337, 'Gachala', 3),
(338, 'Gachancipa', 3),
(339, 'Gacheta', 3),
(340, 'Gama', 3),
(341, 'Girardot', 3),
(342, 'Granada', 3),
(343, 'Guacheta', 3),
(344, 'Guaduas', 3),
(345, 'Guasca', 3),
(346, 'Guataqui', 3),
(347, 'Guatavita', 3),
(348, 'Guayabal De Siquima', 3),
(349, 'Guayabetal', 3),
(350, 'Gutierrez', 3),
(351, 'Jerusalen', 3),
(352, 'Junin', 3),
(353, 'La Calera', 3),
(354, 'La Mesa', 3),
(355, 'La Palma', 3),
(356, 'La Peña', 3),
(357, 'La Vega', 3),
(358, 'Lenguazaque', 3),
(359, 'Macheta', 3),
(360, 'Madrid', 3),
(361, 'Manta', 3),
(362, 'Medina', 3),
(363, 'Mosquera', 3),
(364, 'Nariño', 3),
(365, 'Nemocon', 3),
(366, 'Nilo', 3),
(367, 'Nimaima', 3),
(368, 'Nocaima', 3),
(369, 'Pacho', 3),
(370, 'Paime', 3),
(371, 'Pandi', 3),
(372, 'Paratebueno', 3),
(373, 'Pasca', 3),
(374, 'Puerto Salgar', 3),
(375, 'Puli', 3),
(376, 'Quebradanegra', 3),
(377, 'Quetame', 3),
(378, 'Quipile', 3),
(379, 'Ricaurte', 3),
(380, 'San  Antonio Del Tequendama', 3),
(381, 'San Bernardo', 3),
(382, 'San Cayetano', 3),
(383, 'San Francisco', 3),
(384, 'San Juan De Rioseco', 3),
(385, 'Sasaima', 3),
(386, 'Sesquile', 3),
(387, 'Sibate', 3),
(388, 'Silvania', 3),
(389, 'Simijaca', 3),
(390, 'Soacha', 3),
(391, 'Sopo', 3),
(392, 'Subachoque', 3),
(393, 'Suesca', 3),
(394, 'Supata', 3),
(395, 'Susa', 3),
(396, 'Sutatausa', 3),
(397, 'Tabio', 3),
(398, 'Tausa', 3),
(399, 'Tena', 3),
(400, 'Tenjo', 3),
(401, 'Tibacuy', 3),
(402, 'Tibirita', 3),
(403, 'Tocaima', 3),
(404, 'Tocancipa', 3),
(405, 'Topaipi', 3),
(406, 'Ubala', 3),
(407, 'Ubaque', 3),
(408, 'Ubate', 3),
(409, 'Une', 3),
(410, 'Utica', 3),
(411, 'Venecia (Ospina Perez)', 3),
(412, 'Vergara', 3),
(413, 'Viani', 3),
(414, 'Villagomez', 3),
(415, 'Villapinzon', 3),
(416, 'Villeta', 3),
(417, 'Viota', 3),
(418, 'Yacopi', 3),
(419, 'Zipacon', 3),
(420, 'Zipaquira', 3),
(421, 'Aguadas', 4),
(422, 'Alcala', 4),
(423, 'Andalucia', 4),
(424, 'Anserma', 4),
(425, 'Ansermanuevo', 4),
(426, 'Apia', 4),
(427, 'Aranzazu', 4),
(428, 'Argelia', 4),
(429, 'Armenia', 4),
(430, 'Balboa', 4),
(431, 'Belalcazar', 4),
(432, 'Belen De Umbria', 4),
(433, 'Bolivar', 4),
(434, 'Buenaventura', 4),
(435, 'Buenavista', 4),
(436, 'Buga', 4),
(437, 'Bugalagrande', 4),
(438, 'Caicedonia', 4),
(439, 'Calarca', 4),
(440, 'Cali', 4),
(441, 'Calima', 4),
(442, 'Candelaria', 4),
(443, 'Cartago', 4),
(444, 'Chinchina', 4),
(445, 'Circasia', 4),
(446, 'Cordoba', 4),
(447, 'Dagua', 4),
(448, 'Dos Quebradas', 4),
(449, 'El Aguila', 4),
(450, 'El Cairo', 4),
(451, 'El Cerrito', 4),
(452, 'El Dovio', 4),
(453, 'Filadelfia', 4),
(454, 'Filandia', 4),
(455, 'Florida', 4),
(456, 'Genova', 4),
(457, 'Ginebra', 4),
(458, 'Guacari', 4),
(459, 'Guatica', 4),
(460, 'Jamundi', 4),
(461, 'La Celia', 4),
(462, 'La Cumbre', 4),
(463, 'La Dorada', 4),
(464, 'La Merced', 4),
(465, 'La Tebaida', 4),
(466, 'La Union', 4),
(467, 'La Victoria', 4),
(468, 'La Virginia', 4),
(469, 'Manizales', 4),
(470, 'Manzanares', 4),
(471, 'Marmato', 4),
(472, 'Marquetalia', 4),
(473, 'Marsella', 4),
(474, 'Marulanda', 4),
(475, 'Mistrato', 4),
(476, 'Montenegro', 4),
(477, 'Neira', 4),
(478, 'Norcasia', 4),
(479, 'Obando', 4),
(480, 'Pacora', 4),
(481, 'Palestina', 4),
(482, 'Palmira', 4),
(483, 'Pensilvania', 4),
(484, 'Pereira', 4),
(485, 'Pijao', 4),
(486, 'Pradera', 4),
(487, 'Pueblo Rico', 4),
(488, 'Pueblo Tapao', 4),
(489, 'Quimbaya', 4),
(490, 'Quinchia', 4),
(491, 'Restrepo', 4),
(492, 'Riofrio', 4),
(493, 'Riosucio', 4),
(494, 'Risaralda', 4),
(495, 'Roldanillo', 4),
(496, 'Salamina', 4),
(497, 'Salento', 4),
(498, 'Samana', 4),
(499, 'San Jose', 4),
(500, 'San Pedro', 4),
(501, 'Santa Rosa De Cabal', 4),
(502, 'Santuario', 4),
(503, 'Sevilla', 4),
(504, 'Sevilla', 4),
(505, 'Supia', 4),
(506, 'Toro', 4),
(507, 'Trujillo', 4),
(508, 'Tulua', 4),
(509, 'Ulloa', 4),
(510, 'Versalles', 4),
(511, 'Victoria', 4),
(512, 'Vijes', 4),
(513, 'Villamaria', 4),
(514, 'Viterbo', 4),
(515, 'Yotoco', 4),
(516, 'Yumbo', 4),
(517, 'Zarzal', 4),
(518, 'Acevedo', 5),
(519, 'Agrado', 5),
(520, 'Aipe', 5),
(521, 'Algeciras', 5),
(522, 'Altamira', 5),
(523, 'Baraya', 5),
(524, 'Campoalegre', 5),
(525, 'Colombia', 5),
(526, 'Elias', 5),
(527, 'Garzon', 5),
(528, 'Gigante', 5),
(529, 'Guadalupe', 5),
(530, 'Hobo', 5),
(531, 'Iquira', 5),
(532, 'Isnos', 5),
(533, 'La Argentina', 5),
(534, 'La Plata', 5),
(535, 'Nataga', 5),
(536, 'Neiva', 5),
(537, 'Oporapa', 5),
(538, 'Paicol', 5),
(539, 'Palermo', 5),
(540, 'Palestina', 5),
(541, 'Pital', 5),
(542, 'Pitalito', 5),
(543, 'Rivera', 5),
(544, 'Saladoblanco', 5),
(545, 'San Agustin', 5),
(546, 'Santa Maria', 5),
(547, 'Suaza', 5),
(548, 'Tarqui', 5),
(549, 'Tello', 5),
(550, 'Teruel', 5),
(551, 'Tesalia', 5),
(552, 'Timana', 5),
(553, 'Villavieja', 5),
(554, 'Yaguara', 5),
(555, 'Alban (San Jose)', 6),
(556, 'Aldana', 6),
(557, 'Almaguer', 6),
(558, 'Ancuya', 6),
(559, 'Arboleda (Berruecos)', 6),
(560, 'Argelia', 6),
(561, 'Balboa', 6),
(562, 'Barbacoas', 6),
(563, 'Belen', 6),
(564, 'Bolivar', 6),
(565, 'Buenos Aires', 6),
(566, 'Buesaco', 6),
(567, 'Cajibio', 6),
(568, 'Caldono', 6),
(569, 'Caloto', 6),
(570, 'Chachagui', 6),
(571, 'Colon (Genova)', 6),
(572, 'Consaca', 6),
(573, 'Contadero', 6),
(574, 'Cordoba', 6),
(575, 'Corinto', 6),
(576, 'Cuaspud (Carlosama)', 6),
(577, 'Cumbal', 6),
(578, 'Cumbitara', 6),
(579, 'El Charco', 6),
(580, 'El Peñol', 6),
(581, 'El Rosario', 6),
(582, 'El Tablon', 6),
(583, 'El Tambo', 6),
(584, 'El Tambo', 6),
(585, 'Florencia', 6),
(586, 'Francisco Pizarro (Salahonda)', 6),
(587, 'Funes', 6),
(588, 'Guachucal', 6),
(589, 'Guaitarilla', 6),
(590, 'Gualmatan', 6),
(591, 'Guapi', 6),
(592, 'Iles', 6),
(593, 'Imues', 6),
(594, 'Inza', 6),
(595, 'Ipiales', 6),
(596, 'Jambalo', 6),
(597, 'La Cruz', 6),
(598, 'La Florida', 6),
(599, 'La Llanada', 6),
(600, 'La Sierra', 6),
(601, 'La Tola', 6),
(602, 'La Union', 6),
(603, 'La Vega', 6),
(604, 'Leiva', 6),
(605, 'Linares', 6),
(606, 'Lopez (Micay)', 6),
(607, 'Los Andes (Sotomayor)', 6),
(608, 'Magui (Payan)', 6),
(609, 'Mallama (Piedrancha)', 6),
(610, 'Mercaderes', 6),
(611, 'Miranda', 6),
(612, 'Morales', 6),
(613, 'Mosquera', 6),
(614, 'Olaya Herrera (Bocas De Satinga)', 6),
(615, 'Ospina', 6),
(616, 'Padilla', 6),
(617, 'Paez (Belalcazar)', 6),
(618, 'Pasto (San Juan De Pasto)', 6),
(619, 'Patia (El Bordo)', 6),
(620, 'Piamonte', 6),
(621, 'Piendamo', 6),
(622, 'Policarpa', 6),
(623, 'Popayan', 6),
(624, 'Potosi', 6),
(625, 'Providencia', 6),
(626, 'Puerres', 6),
(627, 'Puerto Tejada', 6),
(628, 'Pupiales', 6),
(629, 'Purace (Coconuco)', 6),
(630, 'Ricaurte', 6),
(631, 'Roberto Payan (San Jose)', 6),
(632, 'Rosas', 6),
(633, 'Samaniego', 6),
(634, 'San Bernardo', 6),
(635, 'San Lorenzo', 6),
(636, 'San Pablo', 6),
(637, 'San Pedro De Cartago', 6),
(638, 'San Sebastian', 6),
(639, 'Sandona', 6),
(640, 'Santa Barbara (Iscuande)', 6),
(641, 'Santa Cruz (Guachaves)', 6),
(642, 'Santa Rosa', 6),
(643, 'Santander De Quilichao', 6),
(644, 'Sapuyes', 6),
(645, 'Silvia', 6),
(646, 'Sotara (Paispamba)', 6),
(647, 'Suarez', 6),
(648, 'Taminango', 6),
(649, 'Tangua', 6),
(650, 'Timbio', 6),
(651, 'Timbiqui', 6),
(652, 'Toribio', 6),
(653, 'Totoro', 6),
(654, 'Tumaco', 6),
(655, 'Tuquerres', 6),
(656, 'Villarica', 6),
(657, 'Yacuanquer', 6),
(658, 'Almaguer', 7),
(659, 'Argelia', 7),
(660, 'Balboa', 7),
(661, 'Bolívar', 7),
(662, 'Buenos Aires', 7),
(663, 'Cajibio', 7),
(664, 'Caldono', 7),
(665, 'Caloto', 7),
(666, 'Corinto', 7),
(667, 'El Tambo', 7),
(668, 'Florencia', 7),
(669, 'Guapi', 7),
(670, 'Inza', 7),
(671, 'Jambaló', 7),
(672, 'La Sierra', 7),
(673, 'La Vega', 7),
(674, 'López', 7),
(675, 'Mercaderes', 7),
(676, 'Miranda', 7),
(677, 'Morales', 7),
(678, 'Padilla', 7),
(679, 'Páez', 7),
(680, 'Patia (El Bordo)', 7),
(681, 'Piamonte', 7),
(682, 'Piendamo', 7),
(683, 'Popayán', 7),
(684, 'Puerto Tejada', 7),
(685, 'Purace', 7),
(686, 'Rosas', 7),
(687, 'San Sebastián', 7),
(688, 'Santa Rosa', 7),
(689, 'Santander de Quilichao', 7),
(690, 'Silvia', 7),
(691, 'Sotara', 7),
(692, 'Suárez', 7),
(693, 'Sucre', 7),
(694, 'Timbío', 7),
(695, 'Timbiquí', 7),
(696, 'Toribio', 7),
(697, 'Totoro', 7),
(698, 'Villa Rica', 7),
(699, 'Aguada', 8),
(700, 'Albania', 8),
(701, 'Aratoca', 8),
(702, 'Barbosa', 8),
(703, 'Barichara', 8),
(704, 'Barrancabermeja', 8),
(705, 'Betulia', 8),
(706, 'Bolivar', 8),
(707, 'Bucaramanga', 8),
(708, 'Cabrera', 8),
(709, 'California', 8),
(710, 'Capitanejo', 8),
(711, 'Carcasi', 8),
(712, 'Cepita', 8),
(713, 'Cerrito', 8),
(714, 'Charala', 8),
(715, 'Charta', 8),
(716, 'Chima', 8),
(717, 'Chipata', 8),
(718, 'Cimitarra', 8),
(719, 'Concepcion', 8),
(720, 'Confines', 8),
(721, 'Contratacion', 8),
(722, 'Coromoro', 8),
(723, 'Curiti', 8),
(724, 'El Carmen De Chucury', 8),
(725, 'El Guacamayo', 8),
(726, 'El Peñon', 8),
(727, 'El Playon', 8),
(728, 'Encino', 8),
(729, 'Enciso', 8),
(730, 'Florian', 8),
(731, 'Floridablanca', 8),
(732, 'Galan', 8),
(733, 'Gambita', 8),
(734, 'Giron', 8),
(735, 'Guaca', 8),
(736, 'Guadalupe', 8),
(737, 'Guapota', 8),
(738, 'Guavata', 8),
(739, 'Guepsa', 8),
(740, 'Hato', 8),
(741, 'Jesus Maria', 8),
(742, 'Jordan', 8),
(743, 'La Belleza', 8),
(744, 'La Paz', 8),
(745, 'Landazuri', 8),
(746, 'Lebrija', 8),
(747, 'Los Santos', 8),
(748, 'Macaravita', 8),
(749, 'Malaga', 8),
(750, 'Matanza', 8),
(751, 'Mogotes', 8),
(752, 'Molagavita', 8),
(753, 'Ocamonte', 8),
(754, 'Oiba', 8),
(755, 'Onzaga', 8),
(756, 'Palmar', 8),
(757, 'Palmas Del Socorro', 8),
(758, 'Paramo', 8),
(759, 'Piedecuesta', 8),
(760, 'Pinchote', 8),
(761, 'Puente Nacional', 8),
(762, 'Puerto Parra', 8),
(763, 'Puerto Wilches', 8),
(764, 'Rionegro', 8),
(765, 'Sabana De Torres', 8),
(766, 'San Andres', 8),
(767, 'San Benito', 8),
(768, 'San Gil', 8),
(769, 'San Joaquin', 8),
(770, 'San Jose De Miranda', 8),
(771, 'San Miguel', 8),
(772, 'San Vicente De Chucuri', 8),
(773, 'Santa Barbara', 8),
(774, 'Santa Helena Del Opon', 8),
(775, 'Simacota', 8),
(776, 'Socorro', 8),
(777, 'Suaita', 8),
(778, 'Sucre', 8),
(779, 'Surata', 8),
(780, 'Tona', 8),
(781, 'Valle San Jose', 8),
(782, 'Velez', 8),
(783, 'Vetas', 8),
(784, 'Villanueva', 8),
(785, 'Zapatoca', 8),
(786, 'Alpujarra', 9),
(787, 'Alvarado', 9),
(788, 'Ambalema', 9),
(789, 'Anzoategui', 9),
(790, 'Armero (Guayabal)', 9),
(791, 'Ataco', 9),
(792, 'Cajamarca', 9),
(793, 'Carmen de Apicalá', 9),
(794, 'Casabianca', 9),
(795, 'Chaparral', 9),
(796, 'Coello', 9),
(797, 'Coyaima', 9),
(798, 'Cunday', 9),
(799, 'Dolores', 9),
(800, 'Espinal', 9),
(801, 'Falán', 9),
(802, 'Flandes', 9),
(803, 'Fresno', 9),
(804, 'Guamo', 9),
(805, 'Herveo', 9),
(806, 'Honda', 9),
(807, 'Ibague', 9),
(808, 'Icononzo', 9),
(809, 'Lérida', 9),
(810, 'Líbano', 9),
(811, 'Mariquita', 9),
(812, 'Melgar', 9),
(813, 'Murillo', 9),
(814, 'Natagaima', 9),
(815, 'Ortega', 9),
(816, 'Palocabildo', 9),
(817, 'Piedras', 9),
(818, 'Planadas', 9),
(819, 'Prado', 9),
(820, 'Purificación', 9),
(821, 'Roncesvalles', 9),
(822, 'Rovira', 9),
(823, 'Saldaña', 9),
(824, 'San Antonio', 9),
(825, 'San Luis', 9),
(826, 'Santa Isabel', 9),
(827, 'Suárez', 9),
(828, 'Valle de San Juan', 9),
(829, 'Venadillo', 9),
(830, 'Villahermosa', 9),
(831, 'Villarrica', 9),
(832, 'Barrancadeupia', 10),
(833, 'Cabuyaro', 10),
(834, 'Castilla la Nueva', 10),
(835, 'Cumaral', 10),
(836, 'Granada', 10),
(837, 'El Castillo', 10),
(838, 'El Dorado', 10),
(839, 'Fuente de Oro', 10),
(840, 'Guamal', 10),
(841, 'La Macarena', 10),
(842, 'Lejanias', 10),
(843, 'Mapiripan', 10),
(844, 'Mesetas', 10),
(845, 'Puerto Concordia', 10),
(846, 'Puerto Gaitan', 10),
(847, 'Puerto Lleras', 10),
(848, 'Puerto Lopez', 10),
(849, 'Puerto Rico', 10),
(850, 'Restrepo', 10),
(851, 'San Carlos de Guaroa', 10),
(852, 'San Juanito', 10),
(853, 'San Martin', 10),
(854, 'Uribe', 10),
(855, 'Vista Hermosa', 10),
(856, 'Majagual', 1),
(857, 'Ciudad Bolivar', 1),
(858, 'Sincelejo', 1),
(859, 'Santa Marta', 1),
(860, 'Magangue', 1),
(861, 'Acacias', 3),
(862, 'Cartagena', 3),
(863, 'Villavicencio', 3),
(864, 'Guadalajara de Buga', 4),
(865, 'Aguachica', 8),
(866, 'Lerida', 9);

-- --------------------------------------------------------

--
-- Estructura de tabla para la tabla `plan_negocio`
--

CREATE TABLE IF NOT EXISTS `plan_negocio` (
  `id_pnegocio` int(11) NOT NULL AUTO_INCREMENT,
  `id_cliente` varchar(10) CHARACTER SET latin1 NOT NULL,
  `id_usuario` varchar(30) CHARACTER SET latin1 NOT NULL,
  `id_pbiologico` int(11) NOT NULL,
  `ncuadrante_pnegocio` int(2) NOT NULL,
  `nvisitas_pnegocio` int(5) NOT NULL,
  `frecuencia_pnegocio` varchar(30) CHARACTER SET latin1 NOT NULL,
  `flimite_pnegocio` date NOT NULL,
  `fregistro_pnegocio` datetime NOT NULL,
  PRIMARY KEY (`id_pnegocio`),
  KEY `id_cliente` (`id_cliente`),
  KEY `id_usuario` (`id_usuario`)
) ENGINE=InnoDB DEFAULT CHARSET=utf8 COLLATE=utf8_unicode_ci AUTO_INCREMENT=1 ;

-- --------------------------------------------------------

--
-- Estructura de tabla para la tabla `potencialbiologico`
--

CREATE TABLE IF NOT EXISTS `potencialbiologico` (
  `id_pbiologico` int(11) NOT NULL AUTO_INCREMENT,
  `anioini_pbiologico` int(5) NOT NULL,
  `hecsemini_pbiologico` varchar(20) NOT NULL,
  `vporhecini_pbiologico` varchar(20) NOT NULL,
  `totporclienini_pbiologico` varchar(20) NOT NULL,
  `vhistoricasini_pbiologico` varchar(30) NOT NULL,
  `aniofin_pbiologico` int(5) NOT NULL,
  `hecsemfin_pbiologico` varchar(20) NOT NULL,
  `vporhectfin_pbiologico` varchar(20) NOT NULL,
  `totporclienfin_pbiologico` varchar(20) NOT NULL,
  `mventafin_pbiologico` varchar(30) NOT NULL,
  `cshareini_pbiologico` varchar(5) NOT NULL,
  `csharefin_pbiologico` varchar(5) NOT NULL,
  `fregistro_pbiologico` datetime NOT NULL,
  PRIMARY KEY (`id_pbiologico`)
) ENGINE=InnoDB DEFAULT CHARSET=latin1 AUTO_INCREMENT=1 ;

-- --------------------------------------------------------

--
-- Estructura de tabla para la tabla `rol`
--

CREATE TABLE IF NOT EXISTS `rol` (
  `id_rol` int(3) NOT NULL,
  `nom_rol` varchar(20) NOT NULL,
  PRIMARY KEY (`id_rol`)
) ENGINE=InnoDB DEFAULT CHARSET=latin1;

--
-- Volcado de datos para la tabla `rol`
--

INSERT INTO `rol` (`id_rol`, `nom_rol`) VALUES
(1, 'Admin'),
(2, 'Lider'),
(3, 'Lidcundiboyaca'),
(4, 'Lidflores'),
(5, 'Lidnarcaucahuila'),
(6, 'Representante'),
(7, 'Promotor');

-- --------------------------------------------------------

--
-- Estructura de tabla para la tabla `rpn`
--

CREATE TABLE IF NOT EXISTS `rpn` (
  `id_rpn` int(10) NOT NULL AUTO_INCREMENT,
  `accion_rpn` varchar(80) COLLATE utf8_unicode_ci NOT NULL,
  `indilogro_rpn` varchar(80) COLLATE utf8_unicode_ci NOT NULL,
  `recursos_rpn` varchar(80) COLLATE utf8_unicode_ci NOT NULL,
  `id_pnegocio` int(11) NOT NULL,
  `fecha_rpn` date NOT NULL,
  PRIMARY KEY (`id_rpn`),
  KEY `id_pnegocio` (`id_pnegocio`)
) ENGINE=InnoDB DEFAULT CHARSET=utf8 COLLATE=utf8_unicode_ci AUTO_INCREMENT=1 ;

-- --------------------------------------------------------

--
-- Estructura de tabla para la tabla `usuario`
--

CREATE TABLE IF NOT EXISTS `usuario` (
  `id_usuario` varchar(30) NOT NULL,
  `nom_usuario` varchar(60) NOT NULL,
  `password` varchar(32) NOT NULL,
  `id_zona` int(3) NOT NULL,
  `id_rol` int(3) NOT NULL,
  `sector_usuario` varchar(60) NOT NULL,
  PRIMARY KEY (`id_usuario`),
  KEY `id_zona` (`id_zona`),
  KEY `id_rol` (`id_rol`)
) ENGINE=InnoDB DEFAULT CHARSET=latin1;

--
-- Volcado de datos para la tabla `usuario`
--

INSERT INTO `usuario` (`id_usuario`, `nom_usuario`, `password`, `id_zona`, `id_rol`, `sector_usuario`) VALUES
('', 'Disponible', '73f9fede0f932fedf4ef08cfcfad4d6c', 8, 7, ''),
('aavendano', 'Alvaro Avendaño Mora', '73f9fede0f932fedf4ef08cfcfad4d6c', 8, 7, 'Periferia'),
('acortes', 'Ana Maria Cortes Amaya', '73f9fede0f932fedf4ef08cfcfad4d6c', 3, 6, 'Flores'),
('agamboa', 'Antonio Gamboa', '73f9fede0f932fedf4ef08cfcfad4d6c', 3, 6, 'Flores'),
('ahernandez', 'Alberto Hernandez Anaya', '73f9fede0f932fedf4ef08cfcfad4d6c', 8, 7, 'Periferia'),
('anunez', 'Argemiro Nuñez Romero', '73f9fede0f932fedf4ef08cfcfad4d6c', 4, 6, 'Periferia'),
('apacheco', 'Armando Javier Pacheco', '73f9fede0f932fedf4ef08cfcfad4d6c', 1, 6, 'Periferia'),
('arodriguez', 'Julieth Andrea Rodriguez Pardo', '73f9fede0f932fedf4ef08cfcfad4d6c', 3, 6, 'Flores'),
('bmora', 'Blas Mauricio Mora Ubaque', '73f9fede0f932fedf4ef08cfcfad4d6c', 3, 7, 'Periferia'),
('caraque', 'Carlos Araque', '73f9fede0f932fedf4ef08cfcfad4d6c', 8, 7, 'Periferia'),
('cpedraza', 'Carlos Enrique Pedraza Dueñas', '73f9fede0f932fedf4ef08cfcfad4d6c', 2, 6, 'Periferia'),
('dcardona', 'Daniel Cardona', '73f9fede0f932fedf4ef08cfcfad4d6c', 4, 6, 'Periferia'),
('dchavez', 'Dario Ricardo Chavez Burbano', '73f9fede0f932fedf4ef08cfcfad4d6c', 7, 7, 'Periferia'),
('dmatiz', 'Diego Alfonso Matiz Barbosa', '73f9fede0f932fedf4ef08cfcfad4d6c', 3, 7, 'Periferia'),
('dperdomo', 'Diego Perdomo Rojas', '73f9fede0f932fedf4ef08cfcfad4d6c', 10, 6, 'Periferia'),
('dsilva', 'Doris Silva', '73f9fede0f932fedf4ef08cfcfad4d6c', 10, 6, 'Periferia'),
('dzambrano', 'david zambrano', '17d42491d1466d8dd8f0e249e3c554bf', 1, 1, 'Administracion'),
('eyepez', 'Edison Antonio Yepez Mena', '73f9fede0f932fedf4ef08cfcfad4d6c', 6, 7, 'Periferia'),
('gmarentes', 'Gloria Yaneth Marentes Prada', '73f9fede0f932fedf4ef08cfcfad4d6c', 3, 6, 'Periferia'),
('gmontealegre', 'Gilmar Smith Montealegre Dussan', '73f9fede0f932fedf4ef08cfcfad4d6c', 5, 7, 'Periferia'),
('jbarajas', 'Jairo Edimer Barajas Ortiz', '73f9fede0f932fedf4ef08cfcfad4d6c', 10, 6, 'Periferia'),
('jluna', 'Jenny Zuliette Luna Jara', '73f9fede0f932fedf4ef08cfcfad4d6c', 3, 7, 'Periferia'),
('jluque', 'Juan Luque', '73f9fede0f932fedf4ef08cfcfad4d6c', 3, 6, 'Flores'),
('jrubio', 'Jeferson Mauricio Rubio Romero', '73f9fede0f932fedf4ef08cfcfad4d6c', 10, 6, 'Periferia'),
('jvalencia', 'Jorge Hernán Valencia', '73f9fede0f932fedf4ef08cfcfad4d6c', 4, 6, 'Periferia'),
('jvillamil', 'Juan Pablo Villamil Camargo', '73f9fede0f932fedf4ef08cfcfad4d6c', 2, 6, 'Periferia'),
('lbolanos', 'Luis Gerardo Bolaños Rodriguez', '73f9fede0f932fedf4ef08cfcfad4d6c', 6, 7, 'Periferia'),
('lcarmona', 'Luz Andrea Carmona Valencia', '73f9fede0f932fedf4ef08cfcfad4d6c', 4, 7, 'Periferia'),
('lrodriguez', 'Narda Lorena Rodriguez Cohecha', '73f9fede0f932fedf4ef08cfcfad4d6c', 10, 6, 'Periferia'),
('mdiaz', 'Maria Fernanda Diaz', '73f9fede0f932fedf4ef08cfcfad4d6c', 10, 6, 'Periferia'),
('mmena', 'Manuel Mena', '73f9fede0f932fedf4ef08cfcfad4d6c', 1, 7, 'Periferia'),
('mserna', 'Mauricio Arnoby Serna Pelaez', '73f9fede0f932fedf4ef08cfcfad4d6c', 1, 6, 'Periferia'),
('ncardona', 'Yensi Natalia Cardona Muñoz', '73f9fede0f932fedf4ef08cfcfad4d6c', 4, 6, 'Periferia'),
('omendez', 'Oscar Mendez', '73f9fede0f932fedf4ef08cfcfad4d6c', 5, 6, 'Periferia'),
('ovanegas', 'Oscar Ivan Vanegas Castellanos', '73f9fede0f932fedf4ef08cfcfad4d6c', 2, 7, 'Periferia'),
('pcharry', 'Paola Charry', '73f9fede0f932fedf4ef08cfcfad4d6c', 3, 3, 'Periferia'),
('plopez', 'Paula Andrea Lopez Ramirez', '73f9fede0f932fedf4ef08cfcfad4d6c', 1, 6, 'Flores'),
('ravila', 'Ricardo Alonso Avila Avila', '73f9fede0f932fedf4ef08cfcfad4d6c', 1, 6, 'Periferia'),
('rvelasquez', 'Raul Mauricio Velasquez Londoño', '73f9fede0f932fedf4ef08cfcfad4d6c', 3, 6, 'Periferia'),
('scastro', 'Sebastian Castro Garcia', '73f9fede0f932fedf4ef08cfcfad4d6c', 1, 7, 'Flores'),
('wcruz', 'Wilmer Herney Cruz Ausecha', '73f9fede0f932fedf4ef08cfcfad4d6c', 4, 6, 'Periferia'),
('wnova', 'Wilmar Alfonso Nova Castellanos', '73f9fede0f932fedf4ef08cfcfad4d6c', 2, 7, 'Periferia'),
('ylopez', 'Yeiler Canicio López Graciano', '73f9fede0f932fedf4ef08cfcfad4d6c', 1, 7, 'Periferia');

-- --------------------------------------------------------

--
-- Estructura de tabla para la tabla `visita`
--

CREATE TABLE IF NOT EXISTS `visita` (
  `id_visita` int(5) NOT NULL AUTO_INCREMENT,
  `fecha_visita` date NOT NULL,
  `sitzona_visita` varchar(100) NOT NULL,
  `sitcompetencia_visita` varchar(100) NOT NULL,
  `rvisita_visita` varchar(100) CHARACTER SET utf8 COLLATE utf8_spanish_ci NOT NULL,
  `id_usuario` varchar(30) NOT NULL,
  `id_cliente` varchar(10) NOT NULL,
  PRIMARY KEY (`id_visita`),
  KEY `visita_ibfk_2` (`id_cliente`),
  KEY `visita_ibfk_1` (`id_usuario`)
) ENGINE=InnoDB DEFAULT CHARSET=latin1 AUTO_INCREMENT=1 ;

-- --------------------------------------------------------

--
-- Estructura de tabla para la tabla `zona`
--

CREATE TABLE IF NOT EXISTS `zona` (
  `id_zona` int(3) NOT NULL,
  `nom_zona` varchar(80) NOT NULL,
  PRIMARY KEY (`id_zona`)
) ENGINE=InnoDB DEFAULT CHARSET=latin1;

--
-- Volcado de datos para la tabla `zona`
--

INSERT INTO `zona` (`id_zona`, `nom_zona`) VALUES
(1, 'Antioquia'),
(2, 'Boyaca'),
(3, 'Cundinamarca'),
(4, 'Eje Cafetero'),
(5, 'Huila'),
(6, 'Nariño'),
(7, 'Cauca'),
(8, 'Santander'),
(9, 'Tolima'),
(10, 'Llanos');

--
-- Restricciones para tablas volcadas
--

--
-- Filtros para la tabla `cliente_calificacion`
--
ALTER TABLE `cliente_calificacion`
  ADD CONSTRAINT `cliente_calificacion_ibfk_1` FOREIGN KEY (`id_cliente`) REFERENCES `cliente` (`id_cliente`),
  ADD CONSTRAINT `cliente_calificacion_ibfk_2` FOREIGN KEY (`id_usuario`) REFERENCES `usuario` (`id_usuario`);

--
-- Filtros para la tabla `cliente_cultivo`
--
ALTER TABLE `cliente_cultivo`
  ADD CONSTRAINT `cliente_cultivo_ibfk_1` FOREIGN KEY (`id_cliente`) REFERENCES `cliente` (`id_cliente`),
  ADD CONSTRAINT `cliente_cultivo_ibfk_2` FOREIGN KEY (`id_cultivo`) REFERENCES `cultivo` (`id_cultivo`);

--
-- Filtros para la tabla `cliente_municipio`
--
ALTER TABLE `cliente_municipio`
  ADD CONSTRAINT `cliente_municipio_ibfk_1` FOREIGN KEY (`id_usuario`) REFERENCES `usuario` (`id_usuario`),
  ADD CONSTRAINT `cliente_municipio_ibfk_2` FOREIGN KEY (`id_cliente`) REFERENCES `cliente` (`id_cliente`),
  ADD CONSTRAINT `cliente_municipio_ibfk_3` FOREIGN KEY (`id_municipio`) REFERENCES `municipio` (`id_municipio`);

--
-- Filtros para la tabla `cliente_zona`
--
ALTER TABLE `cliente_zona`
  ADD CONSTRAINT `cliente_zona_ibfk_1` FOREIGN KEY (`id_cliente`) REFERENCES `cliente` (`id_cliente`),
  ADD CONSTRAINT `cliente_zona_ibfk_2` FOREIGN KEY (`id_zona`) REFERENCES `zona` (`id_zona`);

--
-- Filtros para la tabla `eventos`
--
ALTER TABLE `eventos`
  ADD CONSTRAINT `eventos_ibfk_1` FOREIGN KEY (`id_cliente`) REFERENCES `cliente` (`id_cliente`),
  ADD CONSTRAINT `eventos_ibfk_2` FOREIGN KEY (`id_usuario`) REFERENCES `usuario` (`id_usuario`);

--
-- Filtros para la tabla `metas_producto`
--
ALTER TABLE `metas_producto`
  ADD CONSTRAINT `metas_producto_ibfk_1` FOREIGN KEY (`id_pnegocio`) REFERENCES `plan_negocio` (`id_pnegocio`);

--
-- Filtros para la tabla `municipio`
--
ALTER TABLE `municipio`
  ADD CONSTRAINT `municipio_ibfk_1` FOREIGN KEY (`id_zona`) REFERENCES `zona` (`id_zona`);

--
-- Filtros para la tabla `plan_negocio`
--
ALTER TABLE `plan_negocio`
  ADD CONSTRAINT `plan_negocio_ibfk_2` FOREIGN KEY (`id_usuario`) REFERENCES `usuario` (`id_usuario`),
  ADD CONSTRAINT `plan_negocio_ibfk_1` FOREIGN KEY (`id_cliente`) REFERENCES `cliente` (`id_cliente`);

--
-- Filtros para la tabla `rpn`
--
ALTER TABLE `rpn`
  ADD CONSTRAINT `rpn_ibfk_1` FOREIGN KEY (`id_pnegocio`) REFERENCES `plan_negocio` (`id_pnegocio`);

--
-- Filtros para la tabla `usuario`
--
ALTER TABLE `usuario`
  ADD CONSTRAINT `usuario_ibfk_1` FOREIGN KEY (`id_zona`) REFERENCES `zona` (`id_zona`),
  ADD CONSTRAINT `usuario_ibfk_2` FOREIGN KEY (`id_rol`) REFERENCES `rol` (`id_rol`);

--
-- Filtros para la tabla `visita`
--
ALTER TABLE `visita`
  ADD CONSTRAINT `visita_ibfk_1` FOREIGN KEY (`id_usuario`) REFERENCES `usuario` (`id_usuario`),
  ADD CONSTRAINT `visita_ibfk_2` FOREIGN KEY (`id_cliente`) REFERENCES `cliente` (`id_cliente`);

/*!40101 SET CHARACTER_SET_CLIENT=@OLD_CHARACTER_SET_CLIENT */;
/*!40101 SET CHARACTER_SET_RESULTS=@OLD_CHARACTER_SET_RESULTS */;
/*!40101 SET COLLATION_CONNECTION=@OLD_COLLATION_CONNECTION */;
